[INFO] Scanning for projects...
[INFO] ------------------------------------------------------------------------
[INFO] Reactor Build Order:
[INFO] 
[INFO] Wicket Parent                                                      [pom]
[INFO] Wicket Util                                                        [jar]
[INFO] Wicket Request                                                     [jar]
[INFO] Wicket Core                                                        [jar]
[INFO] Wicket                                                             [pom]
[INFO] Wicket Tester                                                      [jar]
[INFO] Wicket Core Tests                                                  [jar]
[INFO] Wicket Extensions                                                  [jar]
[INFO] Wicket Development Utilities                                       [jar]
[INFO] Wicket IoC common code                                             [jar]
[INFO] Wicket CDI                                                         [jar]
[INFO] Wicket CDI tests                                                   [jar]
[INFO] Wicket Spring Integration                                          [jar]
[INFO] Wicket Velocity                                                    [jar]
[INFO] Wicket Auth Roles                                                  [jar]
[INFO] Wicket Guice Integration                                           [jar]
[INFO] Wicket JMX                                                         [jar]
[INFO] Wicket Objects Sizeof Agent                                        [jar]
[INFO] Wicket Bean Validation                                             [jar]
[INFO] Wicket Native WebSocket Parent                                     [pom]
[INFO] Wicket Native WebSocket Core                                       [jar]
[INFO] Wicket Native WebSocket Javax                                      [jar]
[INFO] Wicket Examples                                                    [war]
[INFO] Wicket-Experimental                                                [pom]
[INFO] Wicket Metrics                                                     [jar]
[INFO] Wicket Quickstart Archetype                            [maven-archetype]
[INFO] Wicket Extensions Tester                                           [jar]
[INFO] Wicket Native WebSocket Tester                                     [jar]
[INFO] Wicket Common Tests                                                [jar]
[INFO] Wicket JavaScript Tests                                            [jar]
[INFO] Wicket User Guide                                                  [jar]
[INFO] Wicket Migration                                                   [jar]
[INFO] 
[INFO] ------------------< org.apache.wicket:wicket-parent >-------------------
[INFO] Building Wicket Parent 10.11.1-SNAPSHOT                           [1/32]
[INFO]   from pom.xml
[INFO] --------------------------------[ pom ]---------------------------------
[INFO] 
[INFO] --- release:3.3.1:perform (default-cli) @ wicket-parent ---
[INFO] starting perform goal, composed of 3 phases: verify-completed-prepare-phases, checkout-project-from-scm, run-perform-goals
[INFO] 1/3 perform:verify-completed-prepare-phases
[INFO] 2/3 perform:checkout-project-from-scm
[INFO] Performing a LOCAL checkout from scm:git:file:///home/andrea/WicketBuild/wicket-10.x
[INFO] Checking out the project to perform the release ...
[INFO] 3/3 perform:run-perform-goals
[INFO] Invoking perform goals in directory /home/andrea/WicketBuild/wicket-10.x/target/checkout
[INFO] Executing goals 'deploy'...
[INFO] [INFO] Scanning for projects...
[INFO] [INFO] ------------------------------------------------------------------------
[INFO] [INFO] Reactor Build Order:
[INFO] [INFO] 
[INFO] [INFO] Wicket Parent                                                      [pom]
[INFO] [INFO] Wicket Util                                                        [jar]
[INFO] [INFO] Wicket Request                                                     [jar]
[INFO] [INFO] Wicket Core                                                        [jar]
[INFO] [INFO] Wicket                                                             [pom]
[INFO] [INFO] Wicket Tester                                                      [jar]
[INFO] [INFO] Wicket Core Tests                                                  [jar]
[INFO] [INFO] Wicket Extensions                                                  [jar]
[INFO] [INFO] Wicket Development Utilities                                       [jar]
[INFO] [INFO] Wicket IoC common code                                             [jar]
[INFO] [INFO] Wicket CDI                                                         [jar]
[INFO] [INFO] Wicket CDI tests                                                   [jar]
[INFO] [INFO] Wicket Spring Integration                                          [jar]
[INFO] [INFO] Wicket Velocity                                                    [jar]
[INFO] [INFO] Wicket Auth Roles                                                  [jar]
[INFO] [INFO] Wicket Guice Integration                                           [jar]
[INFO] [INFO] Wicket JMX                                                         [jar]
[INFO] [INFO] Wicket Objects Sizeof Agent                                        [jar]
[INFO] [INFO] Wicket Bean Validation                                             [jar]
[INFO] [INFO] Wicket Native WebSocket Parent                                     [pom]
[INFO] [INFO] Wicket Native WebSocket Core                                       [jar]
[INFO] [INFO] Wicket Native WebSocket Javax                                      [jar]
[INFO] [INFO] Wicket Examples                                                    [war]
[INFO] [INFO] Wicket-Experimental                                                [pom]
[INFO] [INFO] Wicket Metrics                                                     [jar]
[INFO] [INFO] Wicket Quickstart Archetype                            [maven-archetype]
[INFO] [INFO] Wicket Extensions Tester                                           [jar]
[INFO] [INFO] Wicket Native WebSocket Tester                                     [jar]
[INFO] [INFO] Wicket Common Tests                                                [jar]
[INFO] [INFO] Wicket JavaScript Tests                                            [jar]
[INFO] [INFO] Wicket User Guide                                                  [jar]
[INFO] [INFO] Wicket Migration                                                   [jar]
[INFO] [INFO] 
[INFO] [INFO] ------------------< org.apache.wicket:wicket-parent >-------------------
[INFO] [INFO] Building Wicket Parent 10.11.0                                    [1/32]
[INFO] [INFO]   from pom.xml
[INFO] [INFO] --------------------------------[ pom ]---------------------------------
[INFO] [INFO] 
[INFO] [INFO] --- enforcer:3.6.2:enforce (enforce-maven) @ wicket-parent ---
[INFO] [INFO] Rule 0: org.apache.maven.enforcer.rules.version.RequireMavenVersion passed
[INFO] [INFO] Rule 1: org.apache.maven.enforcer.rules.dependency.DependencyConvergence passed
[INFO] [INFO] Rule 2: com.github.ferstl.maven.pomenforcers.CompoundPedanticEnforcer(compound) passed
[INFO] [INFO] 
[INFO] [INFO] --- enforcer:3.6.2:enforce (enforce-maven-version) @ wicket-parent ---
[INFO] [INFO] Rule 0: org.apache.maven.enforcer.rules.version.RequireMavenVersion passed
[INFO] [INFO] Rule 1: org.apache.maven.enforcer.rules.dependency.DependencyConvergence passed
[INFO] [INFO] Rule 2: com.github.ferstl.maven.pomenforcers.CompoundPedanticEnforcer(compound) passed
[INFO] [INFO] 
[INFO] [INFO] --- enforcer:3.6.2:enforce (enforce-java-version) @ wicket-parent ---
[INFO] [INFO] Rule 0: org.apache.maven.enforcer.rules.version.RequireJavaVersion passed
[INFO] [INFO] Rule 1: org.apache.maven.enforcer.rules.dependency.DependencyConvergence passed
[INFO] [INFO] Rule 2: com.github.ferstl.maven.pomenforcers.CompoundPedanticEnforcer(compound) passed
[INFO] [INFO] 
[INFO] [INFO] --- toolchains:3.2.0:toolchain (default) @ wicket-parent ---
[INFO] [INFO] Required toolchain: jdk [ version='17' ]
[INFO] [INFO] Found matching toolchain for type jdk: JDK[/usr/lib/jvm/temurin-17-jdk-amd64/]
[INFO] [INFO] 
[INFO] [INFO] --- remote-resources:3.3.0:process (default) @ wicket-parent ---
[INFO] [INFO] Preparing remote bundle org.apache:apache-jar-resource-bundle:1.4
[INFO] [INFO] Copying 3 resources from 1 bundle.
[INFO] [INFO] 
[INFO] [INFO] --- remote-resources:3.3.0:process (process-resource-bundles) @ wicket-parent ---
[INFO] [INFO] Preparing remote bundle org.apache.apache.resources:apache-jar-resource-bundle:1.7
[INFO] [INFO] Copying 3 resources from 1 bundle.
[INFO] [INFO] 
[INFO] [INFO] --- bundle:6.0.0:manifest (default-bundle) @ wicket-parent ---
[INFO] [WARNING] Ignoring project type pom - supportedProjectTypes = [jar, bundle]
[INFO] [INFO] 
[INFO] [INFO] --- assembly:3.7.1:single (source-release-assembly) @ wicket-parent ---
[INFO] [INFO] Building zip: /home/andrea/WicketBuild/wicket-10.x/target/checkout/target/wicket-parent-10.11.0-source-release.zip
[INFO] [INFO] 
[INFO] [INFO] --- source:3.4.0:jar-no-fork (attach-sources) @ wicket-parent ---
[INFO] [INFO] 
[INFO] [INFO] --- javadoc:3.12.0:jar (attach-javadocs) @ wicket-parent ---
[INFO] [INFO] Not executing Javadoc as the project is not a Java classpath-capable package
[INFO] [INFO] 
[INFO] [INFO] --- checksum:1.11:artifacts (source-release-checksum) @ wicket-parent ---
[INFO] [INFO] wicket-parent-10.11.0-source-release.zip - SHA-512 : 6d9807cea80e31882ca2324830396e5392a01c3d327e218542d7451336c58de38f6613759f8b6c75ec5ff0e97cb2f5097981b46cb7622a70bcff3709414cffc9
[INFO] [INFO] 
[INFO] [INFO] --- japicmp:0.25.4:cmp (default) @ wicket-parent ---
[INFO] [INFO] Skipping module because packaging is 'pom'.
[INFO] [INFO] 
[INFO] [INFO] --- gpg:3.2.8:sign (sign-release-artifacts) @ wicket-parent ---
[INFO] Downloading from central: https://repo.maven.apache.org/maven2/org/bouncycastle/bcprov-jdk18on/maven-metadata.xml
[INFO] Progress (1): 918 B
[INFO]                    
[INFO] Downloaded from central: https://repo.maven.apache.org/maven2/org/bouncycastle/bcprov-jdk18on/maven-metadata.xml (918 B at 3.4 kB/s)
[INFO] Downloading from central: https://repo.maven.apache.org/maven2/org/bouncycastle/bcutil-jdk18on/maven-metadata.xml
[INFO] Progress (1): 882 B
[INFO]                    
[INFO] Downloaded from central: https://repo.maven.apache.org/maven2/org/bouncycastle/bcutil-jdk18on/maven-metadata.xml (882 B at 20 kB/s)
[INFO] [INFO] Signer 'gpg' is signing 2 files with key default
[INFO] gpg: using "0xD1AE986470B5A49C3E6A27B2878F01FAA8D356E1" as default secret key for signing
[INFO] gpg: using "0xD1AE986470B5A49C3E6A27B2878F01FAA8D356E1" as default secret key for signing
[INFO] [INFO] 
[INFO] [INFO] --- install:3.1.4:install (default-install) @ wicket-parent ---
[INFO] [INFO] Installing /home/andrea/WicketBuild/wicket-10.x/target/checkout/pom.xml to /home/andrea/.m2/repository/org/apache/wicket/wicket-parent/10.11.0/wicket-parent-10.11.0.pom
[INFO] [INFO] Installing /home/andrea/WicketBuild/wicket-10.x/target/checkout/target/wicket-parent-10.11.0-source-release.zip to /home/andrea/.m2/repository/org/apache/wicket/wicket-parent/10.11.0/wicket-parent-10.11.0-source-release.zip
[INFO] [INFO] Installing /home/andrea/WicketBuild/wicket-10.x/target/checkout/target/wicket-parent-10.11.0-source-release.zip.sha512 to /home/andrea/.m2/repository/org/apache/wicket/wicket-parent/10.11.0/wicket-parent-10.11.0-source-release.zip.sha512
[INFO] [INFO] Installing /home/andrea/WicketBuild/wicket-10.x/target/checkout/target/wicket-parent-10.11.0.pom.asc to /home/andrea/.m2/repository/org/apache/wicket/wicket-parent/10.11.0/wicket-parent-10.11.0.pom.asc
[INFO] [INFO] Installing /home/andrea/WicketBuild/wicket-10.x/target/checkout/target/wicket-parent-10.11.0-source-release.zip.asc to /home/andrea/.m2/repository/org/apache/wicket/wicket-parent/10.11.0/wicket-parent-10.11.0-source-release.zip.asc
[INFO] [INFO] 
[INFO] [INFO] --- gpg:3.2.8:sign (sign-artifacts) @ wicket-parent ---
[INFO] [INFO] Signer 'gpg' is signing 2 files with key default
[INFO] gpg: using "0xD1AE986470B5A49C3E6A27B2878F01FAA8D356E1" as default secret key for signing
[INFO] [WARNING] artifact org.apache.wicket:wicket-parent:pom.asc:10.11.0 already attached, replace previous instance
[INFO] gpg: using "0xD1AE986470B5A49C3E6A27B2878F01FAA8D356E1" as default secret key for signing
[INFO] [WARNING] artifact org.apache.wicket:wicket-parent:zip.asc:source-release:10.11.0 already attached, replace previous instance
[INFO] [INFO] 
[INFO] [INFO] --- deploy:3.1.4:deploy (default-deploy) @ wicket-parent ---
[INFO] Uploading to apache.releases.https: https://repository.apache.org/service/local/staging/deploy/maven2/org/apache/wicket/wicket-parent/10.11.0/wicket-parent-10.11.0.pom
[INFO] Progress (1): 33/49 kB
[INFO] Progress (1): 49 kB   
[INFO]                    
[INFO] Uploaded to apache.releases.https: https://repository.apache.org/service/local/staging/deploy/maven2/org/apache/wicket/wicket-parent/10.11.0/wicket-parent-10.11.0.pom (49 kB at 21 kB/s)
[INFO] Uploading to apache.releases.https: https://repository.apache.org/service/local/staging/deploy/maven2/org/apache/wicket/wicket-parent/10.11.0/wicket-parent-10.11.0-source-release.zip
[INFO] Uploading to apache.releases.https: https://repository.apache.org/service/local/staging/deploy/maven2/org/apache/wicket/wicket-parent/10.11.0/wicket-parent-10.11.0-source-release.zip.sha512
[INFO] Uploading to apache.releases.https: https://repository.apache.org/service/local/staging/deploy/maven2/org/apache/wicket/wicket-parent/10.11.0/wicket-parent-10.11.0.pom.asc
[INFO] Uploading to apache.releases.https: https://repository.apache.org/service/local/staging/deploy/maven2/org/apache/wicket/wicket-parent/10.11.0/wicket-parent-10.11.0-source-release.zip.asc
[INFO] Progress (1): 0/21 MB
[INFO] Progress (1): 0.1/21 MB
[INFO] Progress (1): 0.1/21 MB
[INFO] Progress (1): 0.1/21 MB
[INFO] Progress (1): 0.2/21 MB
[INFO] Progress (1): 0.2/21 MB
[INFO] Progress (1): 0.2/21 MB
[INFO] Progress (1): 0.3/21 MB
[INFO] Progress (1): 0.3/21 MB
[INFO] Progress (1): 0.3/21 MB
[INFO] Progress (1): 0.4/21 MB
[INFO] Progress (1): 0.4/21 MB
[INFO] Progress (1): 0.4/21 MB
[INFO] Progress (1): 0.5/21 MB
[INFO] Progress (1): 0.5/21 MB
[INFO] Progress (1): 0.5/21 MB
[INFO] Progress (1): 0.6/21 MB
[INFO] Progress (1): 0.6/21 MB
[INFO] Progress (2): 0.6/21 MB | 128 B
[INFO] Progress (2): 0.6/21 MB | 128 B
[INFO] Progress (2): 0.7/21 MB | 128 B
[INFO] Progress (2): 0.7/21 MB | 128 B
[INFO] Progress (2): 0.7/21 MB | 128 B
[INFO] Progress (2): 0.8/21 MB | 128 B
[INFO] Progress (2): 0.8/21 MB | 128 B
[INFO] Progress (3): 0.8/21 MB | 128 B | 833 B
[INFO] Progress (3): 0.8/21 MB | 128 B | 833 B
[INFO] Progress (3): 0.9/21 MB | 128 B | 833 B
[INFO] Progress (3): 0.9/21 MB | 128 B | 833 B
[INFO] Progress (3): 0.9/21 MB | 128 B | 833 B
[INFO] Progress (4): 0.9/21 MB | 128 B | 833 B | 833 B
[INFO] Progress (4): 1.0/21 MB | 128 B | 833 B | 833 B
[INFO] Progress (4): 1.0/21 MB | 128 B | 833 B | 833 B
[INFO] Progress (4): 1.0/21 MB | 128 B | 833 B | 833 B
[INFO] Progress (4): 1.0/21 MB | 128 B | 833 B | 833 B
[INFO] Progress (4): 1.1/21 MB | 128 B | 833 B | 833 B
[INFO] Progress (4): 1.1/21 MB | 128 B | 833 B | 833 B
[INFO] Progress (4): 1.1/21 MB | 128 B | 833 B | 833 B
[INFO] Progress (4): 1.2/21 MB | 128 B | 833 B | 833 B
[INFO] Progress (4): 1.2/21 MB | 128 B | 833 B | 833 B
[INFO] Progress (4): 1.2/21 MB | 128 B | 833 B | 833 B
[INFO] Progress (4): 1.3/21 MB | 128 B | 833 B | 833 B
[INFO] Progress (4): 1.3/21 MB | 128 B | 833 B | 833 B
[INFO] Progress (4): 1.3/21 MB | 128 B | 833 B | 833 B
[INFO] Progress (4): 1.4/21 MB | 128 B | 833 B | 833 B
[INFO] Progress (4): 1.4/21 MB | 128 B | 833 B | 833 B
[INFO] Progress (4): 1.4/21 MB | 128 B | 833 B | 833 B
[INFO] Progress (4): 1.5/21 MB | 128 B | 833 B | 833 B
[INFO] Progress (4): 1.5/21 MB | 128 B | 833 B | 833 B
[INFO] Progress (4): 1.5/21 MB | 128 B | 833 B | 833 B
[INFO] Progress (4): 1.6/21 MB | 128 B | 833 B | 833 B
[INFO] Progress (4): 1.6/21 MB | 128 B | 833 B | 833 B
[INFO] Progress (4): 1.6/21 MB | 128 B | 833 B | 833 B
[INFO]                                                
[INFO] Uploaded to apache.releases.https: https://repository.apache.org/service/local/staging/deploy/maven2/org/apache/wicket/wicket-parent/10.11.0/wicket-parent-10.11.0-source-release.zip.sha512 (128 B at 336 B/s)
[INFO] Uploaded to apache.releases.https: https://repository.apache.org/service/local/staging/deploy/maven2/org/apache/wicket/wicket-parent/10.11.0/wicket-parent-10.11.0-source-release.zip.asc (833 B at 1.9 kB/s)
[INFO] Uploaded to apache.releases.https: https://repository.apache.org/service/local/staging/deploy/maven2/org/apache/wicket/wicket-parent/10.11.0/wicket-parent-10.11.0.pom.asc (833 B at 1.9 kB/s)
[INFO] Progress (1): 1.7/21 MB
[INFO] Progress (1): 1.7/21 MB
[INFO] Progress (1): 1.7/21 MB
[INFO] Progress (1): 1.8/21 MB
[INFO] Progress (1): 1.8/21 MB
[INFO] Progress (1): 1.8/21 MB
[INFO] Progress (1): 1.9/21 MB
[INFO] Progress (1): 1.9/21 MB
[INFO] Progress (1): 1.9/21 MB
[INFO] Progress (1): 2.0/21 MB
[INFO] Progress (1): 2.0/21 MB
[INFO] Progress (1): 2.0/21 MB
[INFO] Progress (1): 2.1/21 MB
[INFO] Progress (1): 2.1/21 MB
[INFO] Progress (1): 2.1/21 MB
[INFO] Progress (1): 2.2/21 MB
[INFO] Progress (1): 2.2/21 MB
[INFO] Progress (1): 2.2/21 MB
[INFO] Progress (1): 2.3/21 MB
[INFO] Progress (1): 2.3/21 MB
[INFO] Progress (1): 2.3/21 MB
[INFO] Progress (1): 2.4/21 MB
[INFO] Progress (1): 2.4/21 MB
[INFO] Progress (1): 2.4/21 MB
[INFO] Progress (1): 2.5/21 MB
[INFO] Progress (1): 2.5/21 MB
[INFO] Progress (1): 2.5/21 MB
[INFO] Progress (1): 2.6/21 MB
[INFO] Progress (1): 2.6/21 MB
[INFO] Progress (1): 2.6/21 MB
[INFO] Progress (1): 2.7/21 MB
[INFO] Progress (1): 2.7/21 MB
[INFO] Progress (1): 2.7/21 MB
[INFO] Progress (1): 2.8/21 MB
[INFO] Progress (1): 2.8/21 MB
[INFO] Progress (1): 2.8/21 MB
[INFO] Progress (1): 2.9/21 MB
[INFO] Progress (1): 2.9/21 MB
[INFO] Progress (1): 2.9/21 MB
[INFO] Progress (1): 2.9/21 MB
[INFO] Progress (1): 3.0/21 MB
[INFO] Progress (1): 3.0/21 MB
[INFO] Progress (1): 3.0/21 MB
[INFO] Progress (1): 3.1/21 MB
[INFO] Progress (1): 3.1/21 MB
[INFO] Progress (1): 3.1/21 MB
[INFO] Progress (1): 3.2/21 MB
[INFO] Progress (1): 3.2/21 MB
[INFO] Progress (1): 3.2/21 MB
[INFO] Progress (1): 3.3/21 MB
[INFO] Progress (1): 3.3/21 MB
[INFO] Progress (1): 3.3/21 MB
[INFO] Progress (1): 3.4/21 MB
[INFO] Progress (1): 3.4/21 MB
[INFO] Progress (1): 3.4/21 MB
[INFO] Progress (1): 3.5/21 MB
[INFO] Progress (1): 3.5/21 MB
[INFO] Progress (1): 3.5/21 MB
[INFO] Progress (1): 3.6/21 MB
[INFO] Progress (1): 3.6/21 MB
[INFO] Progress (1): 3.6/21 MB
[INFO] Progress (1): 3.7/21 MB
[INFO] Progress (1): 3.7/21 MB
[INFO] Progress (1): 3.7/21 MB
[INFO] Progress (1): 3.8/21 MB
[INFO] Progress (1): 3.8/21 MB
[INFO] Progress (1): 3.8/21 MB
[INFO] Progress (1): 3.9/21 MB
[INFO] Progress (1): 3.9/21 MB
[INFO] Progress (1): 3.9/21 MB
[INFO] Progress (1): 4.0/21 MB
[INFO] Progress (1): 4.0/21 MB
[INFO] Progress (1): 4.0/21 MB
[INFO] Progress (1): 4.1/21 MB
[INFO] Progress (1): 4.1/21 MB
[INFO] Progress (1): 4.1/21 MB
[INFO] Progress (1): 4.2/21 MB
[INFO] Progress (1): 4.2/21 MB
[INFO] Progress (1): 4.2/21 MB
[INFO] Progress (1): 4.3/21 MB
[INFO] Progress (1): 4.3/21 MB
[INFO] Progress (1): 4.3/21 MB
[INFO] Progress (1): 4.4/21 MB
[INFO] Progress (1): 4.4/21 MB
[INFO] Progress (1): 4.4/21 MB
[INFO] Progress (1): 4.5/21 MB
[INFO] Progress (1): 4.5/21 MB
[INFO] Progress (1): 4.5/21 MB
[INFO] Progress (1): 4.6/21 MB
[INFO] Progress (1): 4.6/21 MB
[INFO] Progress (1): 4.6/21 MB
[INFO] Progress (1): 4.7/21 MB
[INFO] Progress (1): 4.7/21 MB
[INFO] Progress (1): 4.7/21 MB
[INFO] Progress (1): 4.8/21 MB
[INFO] Progress (1): 4.8/21 MB
[INFO] Progress (1): 4.8/21 MB
[INFO] Progress (1): 4.8/21 MB
[INFO] Progress (1): 4.9/21 MB
[INFO] Progress (1): 4.9/21 MB
[INFO] Progress (1): 4.9/21 MB
[INFO] Progress (1): 5.0/21 MB
[INFO] Progress (1): 5.0/21 MB
[INFO] Progress (1): 5.0/21 MB
[INFO] Progress (1): 5.1/21 MB
[INFO] Progress (1): 5.1/21 MB
[INFO] Progress (1): 5.1/21 MB
[INFO] Progress (1): 5.2/21 MB
[INFO] Progress (1): 5.2/21 MB
[INFO] Progress (1): 5.2/21 MB
[INFO] Progress (1): 5.3/21 MB
[INFO] Progress (1): 5.3/21 MB
[INFO] Progress (1): 5.3/21 MB
[INFO] Progress (1): 5.4/21 MB
[INFO] Progress (1): 5.4/21 MB
[INFO] Progress (1): 5.4/21 MB
[INFO] Progress (1): 5.5/21 MB
[INFO] Progress (1): 5.5/21 MB
[INFO] Progress (1): 5.5/21 MB
[INFO] Progress (1): 5.6/21 MB
[INFO] Progress (1): 5.6/21 MB
[INFO] Progress (1): 5.6/21 MB
[INFO] Progress (1): 5.7/21 MB
[INFO] Progress (1): 5.7/21 MB
[INFO] Progress (1): 5.7/21 MB
[INFO] Progress (1): 5.8/21 MB
[INFO] Progress (1): 5.8/21 MB
[INFO] Progress (1): 5.8/21 MB
[INFO] Progress (1): 5.9/21 MB
[INFO] Progress (1): 5.9/21 MB
[INFO] Progress (1): 5.9/21 MB
[INFO] Progress (1): 6.0/21 MB
[INFO] Progress (1): 6.0/21 MB
[INFO] Progress (1): 6.0/21 MB
[INFO] Progress (1): 6.1/21 MB
[INFO] Progress (1): 6.1/21 MB
[INFO] Progress (1): 6.1/21 MB
[INFO] Progress (1): 6.2/21 MB
[INFO] Progress (1): 6.2/21 MB
[INFO] Progress (1): 6.2/21 MB
[INFO] Progress (1): 6.3/21 MB
[INFO] Progress (1): 6.3/21 MB
[INFO] Progress (1): 6.3/21 MB
[INFO] Progress (1): 6.4/21 MB
[INFO] Progress (1): 6.4/21 MB
[INFO] Progress (1): 6.4/21 MB
[INFO] Progress (1): 6.5/21 MB
[INFO] Progress (1): 6.5/21 MB
[INFO] Progress (1): 6.5/21 MB
[INFO] Progress (1): 6.6/21 MB
[INFO] Progress (1): 6.6/21 MB
[INFO] Progress (1): 6.6/21 MB
[INFO] Progress (1): 6.7/21 MB
[INFO] Progress (1): 6.7/21 MB
[INFO] Progress (1): 6.7/21 MB
[INFO] Progress (1): 6.8/21 MB
[INFO] Progress (1): 6.8/21 MB
[INFO] Progress (1): 6.8/21 MB
[INFO] Progress (1): 6.8/21 MB
[INFO] Progress (1): 6.9/21 MB
[INFO] Progress (1): 6.9/21 MB
[INFO] Progress (1): 6.9/21 MB
[INFO] Progress (1): 7.0/21 MB
[INFO] Progress (1): 7.0/21 MB
[INFO] Progress (1): 7.0/21 MB
[INFO] Progress (1): 7.1/21 MB
[INFO] Progress (1): 7.1/21 MB
[INFO] Progress (1): 7.1/21 MB
[INFO] Progress (1): 7.2/21 MB
[INFO] Progress (1): 7.2/21 MB
[INFO] Progress (1): 7.2/21 MB
[INFO] Progress (1): 7.3/21 MB
[INFO] Progress (1): 7.3/21 MB
[INFO] Progress (1): 7.3/21 MB
[INFO] Progress (1): 7.4/21 MB
[INFO] Progress (1): 7.4/21 MB
[INFO] Progress (1): 7.4/21 MB
[INFO] Progress (1): 7.5/21 MB
[INFO] Progress (1): 7.5/21 MB
[INFO] Progress (1): 7.5/21 MB
[INFO] Progress (1): 7.6/21 MB
[INFO] Progress (1): 7.6/21 MB
[INFO] Progress (1): 7.6/21 MB
[INFO] Progress (1): 7.7/21 MB
[INFO] Progress (1): 7.7/21 MB
[INFO] Progress (1): 7.7/21 MB
[INFO] Progress (1): 7.8/21 MB
[INFO] Progress (1): 7.8/21 MB
[INFO] Progress (1): 7.8/21 MB
[INFO] Progress (1): 7.9/21 MB
[INFO] Progress (1): 7.9/21 MB
[INFO] Progress (1): 7.9/21 MB
[INFO] Progress (1): 8.0/21 MB
[INFO] Progress (1): 8.0/21 MB
[INFO] Progress (1): 8.0/21 MB
[INFO] Progress (1): 8.1/21 MB
[INFO] Progress (1): 8.1/21 MB
[INFO] Progress (1): 8.1/21 MB
[INFO] Progress (1): 8.2/21 MB
[INFO] Progress (1): 8.2/21 MB
[INFO] Progress (1): 8.2/21 MB
[INFO] Progress (1): 8.3/21 MB
[INFO] Progress (1): 8.3/21 MB
[INFO] Progress (1): 8.3/21 MB
[INFO] Progress (1): 8.4/21 MB
[INFO] Progress (1): 8.4/21 MB
[INFO] Progress (1): 8.4/21 MB
[INFO] Progress (1): 8.5/21 MB
[INFO] Progress (1): 8.5/21 MB
[INFO] Progress (1): 8.5/21 MB
[INFO] Progress (1): 8.6/21 MB
[INFO] Progress (1): 8.6/21 MB
[INFO] Progress (1): 8.6/21 MB
[INFO] Progress (1): 8.7/21 MB
[INFO] Progress (1): 8.7/21 MB
[INFO] Progress (1): 8.7/21 MB
[INFO] Progress (1): 8.7/21 MB
[INFO] Progress (1): 8.8/21 MB
[INFO] Progress (1): 8.8/21 MB
[INFO] Progress (1): 8.8/21 MB
[INFO] Progress (1): 8.9/21 MB
[INFO] Progress (1): 8.9/21 MB
[INFO] Progress (1): 8.9/21 MB
[INFO] Progress (1): 9.0/21 MB
[INFO] Progress (1): 9.0/21 MB
[INFO] Progress (1): 9.0/21 MB
[INFO] Progress (1): 9.1/21 MB
[INFO] Progress (1): 9.1/21 MB
[INFO] Progress (1): 9.1/21 MB
[INFO] Progress (1): 9.2/21 MB
[INFO] Progress (1): 9.2/21 MB
[INFO] Progress (1): 9.2/21 MB
[INFO] Progress (1): 9.3/21 MB
[INFO] Progress (1): 9.3/21 MB
[INFO] Progress (1): 9.3/21 MB
[INFO] Progress (1): 9.4/21 MB
[INFO] Progress (1): 9.4/21 MB
[INFO] Progress (1): 9.4/21 MB
[INFO] Progress (1): 9.5/21 MB
[INFO] Progress (1): 9.5/21 MB
[INFO] Progress (1): 9.5/21 MB
[INFO] Progress (1): 9.6/21 MB
[INFO] Progress (1): 9.6/21 MB
[INFO] Progress (1): 9.6/21 MB
[INFO] Progress (1): 9.7/21 MB
[INFO] Progress (1): 9.7/21 MB
[INFO] Progress (1): 9.7/21 MB
[INFO] Progress (1): 9.8/21 MB
[INFO] Progress (1): 9.8/21 MB
[INFO] Progress (1): 9.8/21 MB
[INFO] Progress (1): 9.9/21 MB
[INFO] Progress (1): 9.9/21 MB
[INFO] Progress (1): 9.9/21 MB
[INFO] Progress (1): 10.0/21 MB
[INFO] Progress (1): 10.0/21 MB
[INFO] Progress (1): 10/21 MB  
[INFO] Progress (1): 10/21 MB
[INFO] Progress (1): 10/21 MB
[INFO] Progress (1): 10/21 MB
[INFO] Progress (1): 10/21 MB
[INFO] Progress (1): 10/21 MB
[INFO] Progress (1): 10/21 MB
[INFO] Progress (1): 10/21 MB
[INFO] Progress (1): 10/21 MB
[INFO] Progress (1): 10/21 MB
[INFO] Progress (1): 10/21 MB
[INFO] Progress (1): 10/21 MB
[INFO] Progress (1): 10/21 MB
[INFO] Progress (1): 10/21 MB
[INFO] Progress (1): 10/21 MB
[INFO] Progress (1): 11/21 MB
[INFO] Progress (1): 11/21 MB
[INFO] Progress (1): 11/21 MB
[INFO] Progress (1): 11/21 MB
[INFO] Progress (1): 11/21 MB
[INFO] Progress (1): 11/21 MB
[INFO] Progress (1): 11/21 MB
[INFO] Progress (1): 11/21 MB
[INFO] Progress (1): 11/21 MB
[INFO] Progress (1): 11/21 MB
[INFO] Progress (1): 11/21 MB
[INFO] Progress (1): 11/21 MB
[INFO] Progress (1): 11/21 MB
[INFO] Progress (1): 11/21 MB
[INFO] Progress (1): 11/21 MB
[INFO] Progress (1): 11/21 MB
[INFO] Progress (1): 11/21 MB
[INFO] Progress (1): 11/21 MB
[INFO] Progress (1): 11/21 MB
[INFO] Progress (1): 11/21 MB
[INFO] Progress (1): 11/21 MB
[INFO] Progress (1): 11/21 MB
[INFO] Progress (1): 11/21 MB
[INFO] Progress (1): 11/21 MB
[INFO] Progress (1): 11/21 MB
[INFO] Progress (1): 11/21 MB
[INFO] Progress (1): 11/21 MB
[INFO] Progress (1): 11/21 MB
[INFO] Progress (1): 11/21 MB
[INFO] Progress (1): 11/21 MB
[INFO] Progress (1): 12/21 MB
[INFO] Progress (1): 12/21 MB
[INFO] Progress (1): 12/21 MB
[INFO] Progress (1): 12/21 MB
[INFO] Progress (1): 12/21 MB
[INFO] Progress (1): 12/21 MB
[INFO] Progress (1): 12/21 MB
[INFO] Progress (1): 12/21 MB
[INFO] Progress (1): 12/21 MB
[INFO] Progress (1): 12/21 MB
[INFO] Progress (1): 12/21 MB
[INFO] Progress (1): 12/21 MB
[INFO] Progress (1): 12/21 MB
[INFO] Progress (1): 12/21 MB
[INFO] Progress (1): 12/21 MB
[INFO] Progress (1): 12/21 MB
[INFO] Progress (1): 12/21 MB
[INFO] Progress (1): 12/21 MB
[INFO] Progress (1): 12/21 MB
[INFO] Progress (1): 12/21 MB
[INFO] Progress (1): 12/21 MB
[INFO] Progress (1): 12/21 MB
[INFO] Progress (1): 12/21 MB
[INFO] Progress (1): 12/21 MB
[INFO] Progress (1): 12/21 MB
[INFO] Progress (1): 12/21 MB
[INFO] Progress (1): 12/21 MB
[INFO] Progress (1): 12/21 MB
[INFO] Progress (1): 12/21 MB
[INFO] Progress (1): 12/21 MB
[INFO] Progress (1): 12/21 MB
[INFO] Progress (1): 13/21 MB
[INFO] Progress (1): 13/21 MB
[INFO] Progress (1): 13/21 MB
[INFO] Progress (1): 13/21 MB
[INFO] Progress (1): 13/21 MB
[INFO] Progress (1): 13/21 MB
[INFO] Progress (1): 13/21 MB
[INFO] Progress (1): 13/21 MB
[INFO] Progress (1): 13/21 MB
[INFO] Progress (1): 13/21 MB
[INFO] Progress (1): 13/21 MB
[INFO] Progress (1): 13/21 MB
[INFO] Progress (1): 13/21 MB
[INFO] Progress (1): 13/21 MB
[INFO] Progress (1): 13/21 MB
[INFO] Progress (1): 13/21 MB
[INFO] Progress (1): 13/21 MB
[INFO] Progress (1): 13/21 MB
[INFO] Progress (1): 13/21 MB
[INFO] Progress (1): 13/21 MB
[INFO] Progress (1): 13/21 MB
[INFO] Progress (1): 13/21 MB
[INFO] Progress (1): 13/21 MB
[INFO] Progress (1): 13/21 MB
[INFO] Progress (1): 13/21 MB
[INFO] Progress (1): 13/21 MB
[INFO] Progress (1): 13/21 MB
[INFO] Progress (1): 13/21 MB
[INFO] Progress (1): 13/21 MB
[INFO] Progress (1): 13/21 MB
[INFO] Progress (1): 14/21 MB
[INFO] Progress (1): 14/21 MB
[INFO] Progress (1): 14/21 MB
[INFO] Progress (1): 14/21 MB
[INFO] Progress (1): 14/21 MB
[INFO] Progress (1): 14/21 MB
[INFO] Progress (1): 14/21 MB
[INFO] Progress (1): 14/21 MB
[INFO] Progress (1): 14/21 MB
[INFO] Progress (1): 14/21 MB
[INFO] Progress (1): 14/21 MB
[INFO] Progress (1): 14/21 MB
[INFO] Progress (1): 14/21 MB
[INFO] Progress (1): 14/21 MB
[INFO] Progress (1): 14/21 MB
[INFO] Progress (1): 14/21 MB
[INFO] Progress (1): 14/21 MB
[INFO] Progress (1): 14/21 MB
[INFO] Progress (1): 14/21 MB
[INFO] Progress (1): 14/21 MB
[INFO] Progress (1): 14/21 MB
[INFO] Progress (1): 14/21 MB
[INFO] Progress (1): 14/21 MB
[INFO] Progress (1): 14/21 MB
[INFO] Progress (1): 14/21 MB
[INFO] Progress (1): 14/21 MB
[INFO] Progress (1): 14/21 MB
[INFO] Progress (1): 14/21 MB
[INFO] Progress (1): 14/21 MB
[INFO] Progress (1): 14/21 MB
[INFO] Progress (1): 14/21 MB
[INFO] Progress (1): 15/21 MB
[INFO] Progress (1): 15/21 MB
[INFO] Progress (1): 15/21 MB
[INFO] Progress (1): 15/21 MB
[INFO] Progress (1): 15/21 MB
[INFO] Progress (1): 15/21 MB
[INFO] Progress (1): 15/21 MB
[INFO] Progress (1): 15/21 MB
[INFO] Progress (1): 15/21 MB
[INFO] Progress (1): 15/21 MB
[INFO] Progress (1): 15/21 MB
[INFO] Progress (1): 15/21 MB
[INFO] Progress (1): 15/21 MB
[INFO] Progress (1): 15/21 MB
[INFO] Progress (1): 15/21 MB
[INFO] Progress (1): 15/21 MB
[INFO] Progress (1): 15/21 MB
[INFO] Progress (1): 15/21 MB
[INFO] Progress (1): 15/21 MB
[INFO] Progress (1): 15/21 MB
[INFO] Progress (1): 15/21 MB
[INFO] Progress (1): 15/21 MB
[INFO] Progress (1): 15/21 MB
[INFO] Progress (1): 15/21 MB
[INFO] Progress (1): 15/21 MB
[INFO] Progress (1): 15/21 MB
[INFO] Progress (1): 15/21 MB
[INFO] Progress (1): 15/21 MB
[INFO] Progress (1): 15/21 MB
[INFO] Progress (1): 15/21 MB
[INFO] Progress (1): 15/21 MB
[INFO] Progress (1): 16/21 MB
[INFO] Progress (1): 16/21 MB
[INFO] Progress (1): 16/21 MB
[INFO] Progress (1): 16/21 MB
[INFO] Progress (1): 16/21 MB
[INFO] Progress (1): 16/21 MB
[INFO] Progress (1): 16/21 MB
[INFO] Progress (1): 16/21 MB
[INFO] Progress (1): 16/21 MB
[INFO] Progress (1): 16/21 MB
[INFO] Progress (1): 16/21 MB
[INFO] Progress (1): 16/21 MB
[INFO] Progress (1): 16/21 MB
[INFO] Progress (1): 16/21 MB
[INFO] Progress (1): 16/21 MB
[INFO] Progress (1): 16/21 MB
[INFO] Progress (1): 16/21 MB
[INFO] Progress (1): 16/21 MB
[INFO] Progress (1): 16/21 MB
[INFO] Progress (1): 16/21 MB
[INFO] Progress (1): 16/21 MB
[INFO] Progress (1): 16/21 MB
[INFO] Progress (1): 16/21 MB
[INFO] Progress (1): 16/21 MB
[INFO] Progress (1): 16/21 MB
[INFO] Progress (1): 16/21 MB
[INFO] Progress (1): 16/21 MB
[INFO] Progress (1): 16/21 MB
[INFO] Progress (1): 16/21 MB
[INFO] Progress (1): 16/21 MB
[INFO] Progress (1): 17/21 MB
[INFO] Progress (1): 17/21 MB
[INFO] Progress (1): 17/21 MB
[INFO] Progress (1): 17/21 MB
[INFO] Progress (1): 17/21 MB
[INFO] Progress (1): 17/21 MB
[INFO] Progress (1): 17/21 MB
[INFO] Progress (1): 17/21 MB
[INFO] Progress (1): 17/21 MB
[INFO] Progress (1): 17/21 MB
[INFO] Progress (1): 17/21 MB
[INFO] Progress (1): 17/21 MB
[INFO] Progress (1): 17/21 MB
[INFO] Progress (1): 17/21 MB
[INFO] Progress (1): 17/21 MB
[INFO] Progress (1): 17/21 MB
[INFO] Progress (1): 17/21 MB
[INFO] Progress (1): 17/21 MB
[INFO] Progress (1): 17/21 MB
[INFO] Progress (1): 17/21 MB
[INFO] Progress (1): 17/21 MB
[INFO] Progress (1): 17/21 MB
[INFO] Progress (1): 17/21 MB
[INFO] Progress (1): 17/21 MB
[INFO] Progress (1): 17/21 MB
[INFO] Progress (1): 17/21 MB
[INFO] Progress (1): 17/21 MB
[INFO] Progress (1): 17/21 MB
[INFO] Progress (1): 17/21 MB
[INFO] Progress (1): 17/21 MB
[INFO] Progress (1): 17/21 MB
[INFO] Progress (1): 18/21 MB
[INFO] Progress (1): 18/21 MB
[INFO] Progress (1): 18/21 MB
[INFO] Progress (1): 18/21 MB
[INFO] Progress (1): 18/21 MB
[INFO] Progress (1): 18/21 MB
[INFO] Progress (1): 18/21 MB
[INFO] Progress (1): 18/21 MB
[INFO] Progress (1): 18/21 MB
[INFO] Progress (1): 18/21 MB
[INFO] Progress (1): 18/21 MB
[INFO] Progress (1): 18/21 MB
[INFO] Progress (1): 18/21 MB
[INFO] Progress (1): 18/21 MB
[INFO] Progress (1): 18/21 MB
[INFO] Progress (1): 18/21 MB
[INFO] Progress (1): 18/21 MB
[INFO] Progress (1): 18/21 MB
[INFO] Progress (1): 18/21 MB
[INFO] Progress (1): 18/21 MB
[INFO] Progress (1): 18/21 MB
[INFO] Progress (1): 18/21 MB
[INFO] Progress (1): 18/21 MB
[INFO] Progress (1): 18/21 MB
[INFO] Progress (1): 18/21 MB
[INFO] Progress (1): 18/21 MB
[INFO] Progress (1): 18/21 MB
[INFO] Progress (1): 18/21 MB
[INFO] Progress (1): 18/21 MB
[INFO] Progress (1): 18/21 MB
[INFO] Progress (1): 19/21 MB
[INFO] Progress (1): 19/21 MB
[INFO] Progress (1): 19/21 MB
[INFO] Progress (1): 19/21 MB
[INFO] Progress (1): 19/21 MB
[INFO] Progress (1): 19/21 MB
[INFO] Progress (1): 19/21 MB
[INFO] Progress (1): 19/21 MB
[INFO] Progress (1): 19/21 MB
[INFO] Progress (1): 19/21 MB
[INFO] Progress (1): 19/21 MB
[INFO] Progress (1): 19/21 MB
[INFO] Progress (1): 19/21 MB
[INFO] Progress (1): 19/21 MB
[INFO] Progress (1): 19/21 MB
[INFO] Progress (1): 19/21 MB
[INFO] Progress (1): 19/21 MB
[INFO] Progress (1): 19/21 MB
[INFO] Progress (1): 19/21 MB
[INFO] Progress (1): 19/21 MB
[INFO] Progress (1): 19/21 MB
[INFO] Progress (1): 19/21 MB
[INFO] Progress (1): 19/21 MB
[INFO] Progress (1): 19/21 MB
[INFO] Progress (1): 19/21 MB
[INFO] Progress (1): 19/21 MB
[INFO] Progress (1): 19/21 MB
[INFO] Progress (1): 19/21 MB
[INFO] Progress (1): 19/21 MB
[INFO] Progress (1): 19/21 MB
[INFO] Progress (1): 19/21 MB
[INFO] Progress (1): 20/21 MB
[INFO] Progress (1): 20/21 MB
[INFO] Progress (1): 20/21 MB
[INFO] Progress (1): 20/21 MB
[INFO] Progress (1): 20/21 MB
[INFO] Progress (1): 20/21 MB
[INFO] Progress (1): 20/21 MB
[INFO] Progress (1): 20/21 MB
[INFO] Progress (1): 20/21 MB
[INFO] Progress (1): 20/21 MB
[INFO] Progress (1): 20/21 MB
[INFO] Progress (1): 20/21 MB
[INFO] Progress (1): 20/21 MB
[INFO] Progress (1): 20/21 MB
[INFO] Progress (1): 20/21 MB
[INFO] Progress (1): 20/21 MB
[INFO] Progress (1): 20/21 MB
[INFO] Progress (1): 20/21 MB
[INFO] Progress (1): 20/21 MB
[INFO] Progress (1): 20/21 MB
[INFO] Progress (1): 20/21 MB
[INFO] Progress (1): 20/21 MB
[INFO] Progress (1): 20/21 MB
[INFO] Progress (1): 20/21 MB
[INFO] Progress (1): 20/21 MB
[INFO] Progress (1): 20/21 MB
[INFO] Progress (1): 20/21 MB
[INFO] Progress (1): 20/21 MB
[INFO] Progress (1): 20/21 MB
[INFO] Progress (1): 20/21 MB
[INFO] Progress (1): 21/21 MB
[INFO] Progress (1): 21/21 MB
[INFO] Progress (1): 21/21 MB
[INFO] Progress (1): 21/21 MB
[INFO] Progress (1): 21/21 MB
[INFO] Progress (1): 21/21 MB
[INFO] Progress (1): 21/21 MB
[INFO] Progress (1): 21/21 MB
[INFO] Progress (1): 21/21 MB
[INFO] Progress (1): 21/21 MB
[INFO] Progress (1): 21/21 MB
[INFO] Progress (1): 21/21 MB
[INFO] Progress (1): 21/21 MB
[INFO] Progress (1): 21/21 MB
[INFO] Progress (1): 21/21 MB
[INFO] Progress (1): 21/21 MB
[INFO] Progress (1): 21/21 MB
[INFO] Progress (1): 21/21 MB
[INFO] Progress (1): 21/21 MB
[INFO] Progress (1): 21/21 MB
[INFO] Progress (1): 21/21 MB
[INFO] Progress (1): 21 MB   
[INFO]                    
[INFO] Uploaded to apache.releases.https: https://repository.apache.org/service/local/staging/deploy/maven2/org/apache/wicket/wicket-parent/10.11.0/wicket-parent-10.11.0-source-release.zip (21 MB at 1.0 MB/s)
[INFO] Downloading from apache.releases.https: https://repository.apache.org/service/local/staging/deploy/maven2/org/apache/wicket/wicket-parent/maven-metadata.xml
[INFO] Uploading to apache.releases.https: https://repository.apache.org/service/local/staging/deploy/maven2/org/apache/wicket/wicket-parent/maven-metadata.xml
[INFO] Progress (1): 314 B
[INFO]                    
[INFO] Uploaded to apache.releases.https: https://repository.apache.org/service/local/staging/deploy/maven2/org/apache/wicket/wicket-parent/maven-metadata.xml (314 B at 541 B/s)
[INFO] [INFO] 
[INFO] [INFO] -------------------< org.apache.wicket:wicket-util >--------------------
[INFO] [INFO] Building Wicket Util 10.11.0                                      [2/32]
[INFO] [INFO]   from wicket-util/pom.xml
[INFO] [INFO] --------------------------------[ jar ]---------------------------------
[INFO] [INFO] 
[INFO] [INFO] --- enforcer:3.6.2:enforce (enforce-maven) @ wicket-util ---
[INFO] [INFO] Rule 1: org.apache.maven.enforcer.rules.dependency.DependencyConvergence passed
[INFO] [INFO] Rule 2: com.github.ferstl.maven.pomenforcers.CompoundPedanticEnforcer(compound) passed
[INFO] [INFO] 
[INFO] [INFO] --- enforcer:3.6.2:enforce (enforce-maven-version) @ wicket-util ---
[INFO] [INFO] Rule 1: org.apache.maven.enforcer.rules.dependency.DependencyConvergence passed
[INFO] [INFO] Rule 2: com.github.ferstl.maven.pomenforcers.CompoundPedanticEnforcer(compound) passed
[INFO] [INFO] 
[INFO] [INFO] --- enforcer:3.6.2:enforce (enforce-java-version) @ wicket-util ---
[INFO] [INFO] Rule 1: org.apache.maven.enforcer.rules.dependency.DependencyConvergence passed
[INFO] [INFO] Rule 2: com.github.ferstl.maven.pomenforcers.CompoundPedanticEnforcer(compound) passed
[INFO] [INFO] 
[INFO] [INFO] --- toolchains:3.2.0:toolchain (default) @ wicket-util ---
[INFO] [INFO] Required toolchain: jdk [ version='17' ]
[INFO] [INFO] Found matching toolchain for type jdk: JDK[/usr/lib/jvm/temurin-17-jdk-amd64/]
[INFO] [INFO] 
[INFO] [INFO] --- remote-resources:3.3.0:process (default) @ wicket-util ---
[INFO] [INFO] Preparing remote bundle org.apache:apache-jar-resource-bundle:1.4
[INFO] [INFO] Copying 3 resources from 1 bundle.
[INFO] [INFO] 
[INFO] [INFO] --- remote-resources:3.3.0:process (process-resource-bundles) @ wicket-util ---
[INFO] [INFO] Preparing remote bundle org.apache.apache.resources:apache-jar-resource-bundle:1.7
[INFO] [INFO] Copying 3 resources from 1 bundle.
[INFO] [INFO] 
[INFO] [INFO] --- resources:3.4.0:resources (default-resources) @ wicket-util ---
[INFO] [INFO] Copying 11 resources from src/main/java to target/classes
[INFO] [INFO] skip non existing resourceDirectory /home/andrea/WicketBuild/wicket-10.x/target/checkout/wicket-util/src/main/resources
[INFO] [INFO] skip non existing resourceDirectory /home/andrea/WicketBuild/wicket-10.x/target/checkout/wicket-util/target/generated-res
[INFO] [INFO] Copying 3 resources from target/maven-shared-archive-resources to target/classes
[INFO] [INFO] Copying 3 resources from target/maven-shared-archive-resources to target/classes
[INFO] [INFO] 
[INFO] [INFO] --- compiler:3.14.1:compile (default-compile) @ wicket-util ---
[INFO] [INFO] Toolchain in maven-compiler-plugin: JDK[/usr/lib/jvm/temurin-17-jdk-amd64/]
[INFO] [INFO] Recompiling the module because of changed source code.
[INFO] [INFO] Compiling 193 source files with javac [forked debug deprecation release 17 module-path] to target/classes
[INFO] [INFO] JDK-8318913 workaround: patched module-info.class requires version from [17.0.20.1] to [17] on 5 JDK modules [java.base, java.management, java.sql, java.xml, java.desktop]
[INFO] [INFO] 
[INFO] [INFO] --- bundle:6.0.0:manifest (default-bundle) @ wicket-util ---
[INFO] [INFO] No MANIFEST.MF file found, generating manifest.
[INFO] [INFO] Writing manifest: /home/andrea/WicketBuild/wicket-10.x/target/checkout/wicket-util/target/classes/META-INF/MANIFEST.MF
[INFO] [INFO] 
[INFO] [INFO] --- resources:3.4.0:testResources (default-testResources) @ wicket-util ---
[INFO] [INFO] Copying 9 resources from src/test/java to target/test-classes
[INFO] [INFO] Copying 3 resources from target/maven-shared-archive-resources to target/test-classes
[INFO] [INFO] Copying 3 resources from target/maven-shared-archive-resources to target/test-classes
[INFO] [INFO] 
[INFO] [INFO] --- compiler:3.14.1:testCompile (default-testCompile) @ wicket-util ---
[INFO] [INFO] Toolchain in maven-compiler-plugin: JDK[/usr/lib/jvm/temurin-17-jdk-amd64/]
[INFO] [INFO] Recompiling the module because of changed dependency.
[INFO] [INFO] Compiling 42 source files with javac [forked debug deprecation release 17 module-path] to target/test-classes
[INFO] [INFO] 
[INFO] [INFO] --- surefire:3.5.4:test (default-test) @ wicket-util ---
[INFO] [INFO] Toolchain in maven-surefire-plugin: JDK[/usr/lib/jvm/temurin-17-jdk-amd64/]
[INFO] [INFO] Using auto detected provider org.apache.maven.surefire.junitplatform.JUnitPlatformProvider
[INFO] [INFO] 
[INFO] [INFO] -------------------------------------------------------
[INFO] [INFO]  T E S T S
[INFO] [INFO] -------------------------------------------------------
[ERROR] WARNING: Using incubator modules: jdk.incubator.foreign, jdk.incubator.vector
[INFO] [INFO] Running org.apache.wicket.util.parse.metapattern.MetaPatternTest
[INFO] [INFO] Tests run: 5, Failures: 0, Errors: 0, Skipped: 0, Time elapsed: 0.049 s -- in org.apache.wicket.util.parse.metapattern.MetaPatternTest
[INFO] [INFO] Running org.apache.wicket.util.parse.metapattern.parsers.VariableAssignmentParserTest
[INFO] [INFO] Tests run: 2, Failures: 0, Errors: 0, Skipped: 0, Time elapsed: 0.005 s -- in org.apache.wicket.util.parse.metapattern.parsers.VariableAssignmentParserTest
[INFO] [INFO] Running org.apache.wicket.util.LongEncoderTest
[INFO] [INFO] Tests run: 1, Failures: 0, Errors: 0, Skipped: 0, Time elapsed: 0.029 s -- in org.apache.wicket.util.LongEncoderTest
[INFO] [INFO] Running org.apache.wicket.util.string.StringListTest
[ERROR] SLF4J(W): No SLF4J providers were found.
[ERROR] SLF4J(W): Defaulting to no-operation (NOP) logger implementation
[ERROR] SLF4J(W): See https://www.slf4j.org/codes.html#noProviders for further details.
[INFO] [INFO] Tests run: 8, Failures: 0, Errors: 0, Skipped: 0, Time elapsed: 0.022 s -- in org.apache.wicket.util.string.StringListTest
[INFO] [INFO] Running org.apache.wicket.util.string.interpolator.VariableInterpolatorTest
[INFO] [INFO] Tests run: 4, Failures: 0, Errors: 0, Skipped: 0, Time elapsed: 0.010 s -- in org.apache.wicket.util.string.interpolator.VariableInterpolatorTest
[INFO] [INFO] Running org.apache.wicket.util.string.StringsTest
[INFO] [INFO] Tests run: 30, Failures: 0, Errors: 0, Skipped: 0, Time elapsed: 0.033 s -- in org.apache.wicket.util.string.StringsTest
[INFO] [INFO] Running org.apache.wicket.util.string.AppendingStringBufferTest
[INFO] [INFO] Tests run: 8, Failures: 0, Errors: 0, Skipped: 0, Time elapsed: 0.007 s -- in org.apache.wicket.util.string.AppendingStringBufferTest
[INFO] [INFO] Running org.apache.wicket.util.string.PrependingStringBufferTest
[INFO] [INFO] Tests run: 5, Failures: 0, Errors: 0, Skipped: 0, Time elapsed: 0.004 s -- in org.apache.wicket.util.string.PrependingStringBufferTest
[INFO] [INFO] Running org.apache.wicket.util.string.StringValueTest
[INFO] [INFO] Tests run: 8, Failures: 0, Errors: 0, Skipped: 0, Time elapsed: 0.016 s -- in org.apache.wicket.util.string.StringValueTest
[INFO] [INFO] Running org.apache.wicket.util.resource.ResourceUtilsTest
[INFO] [INFO] Tests run: 1, Failures: 0, Errors: 0, Skipped: 0, Time elapsed: 0.005 s -- in org.apache.wicket.util.resource.ResourceUtilsTest
[INFO] [INFO] Running org.apache.wicket.util.lang.PrimitivesTest
[INFO] [INFO] Tests run: 2, Failures: 0, Errors: 0, Skipped: 0, Time elapsed: 0.004 s -- in org.apache.wicket.util.lang.PrimitivesTest
[INFO] [INFO] Running org.apache.wicket.util.lang.BytesTest
[INFO] [INFO] Tests run: 4, Failures: 0, Errors: 0, Skipped: 0, Time elapsed: 0.011 s -- in org.apache.wicket.util.lang.BytesTest
[INFO] [INFO] Running org.apache.wicket.util.lang.ClassesTest
[INFO] [INFO] Tests run: 2, Failures: 0, Errors: 0, Skipped: 0, Time elapsed: 0.019 s -- in org.apache.wicket.util.lang.ClassesTest
[INFO] [INFO] Running org.apache.wicket.util.lang.ObjectsTest
[INFO] [INFO] Tests run: 1, Failures: 0, Errors: 0, Skipped: 0, Time elapsed: 0.001 s -- in org.apache.wicket.util.lang.ObjectsTest
[INFO] [INFO] Running org.apache.wicket.util.lang.NumbersTest
[INFO] [INFO] Tests run: 2, Failures: 0, Errors: 0, Skipped: 0, Time elapsed: 0.002 s -- in org.apache.wicket.util.lang.NumbersTest
[INFO] [INFO] Running org.apache.wicket.util.lang.ArgsTest
[INFO] [INFO] Tests run: 3, Failures: 0, Errors: 0, Skipped: 0, Time elapsed: 0.003 s -- in org.apache.wicket.util.lang.ArgsTest
[INFO] [INFO] Running org.apache.wicket.util.lang.PackagesTest
[INFO] [INFO] Tests run: 7, Failures: 0, Errors: 0, Skipped: 0, Time elapsed: 0.006 s -- in org.apache.wicket.util.lang.PackagesTest
[INFO] [INFO] Running org.apache.wicket.util.io.FullyBufferedReaderTest
[INFO] [INFO] Tests run: 6, Failures: 0, Errors: 0, Skipped: 0, Time elapsed: 0.007 s -- in org.apache.wicket.util.io.FullyBufferedReaderTest
[INFO] [INFO] Running org.apache.wicket.util.io.ConnectionsTest
[INFO] [INFO] Tests run: 1, Failures: 0, Errors: 0, Skipped: 0, Time elapsed: 0.347 s -- in org.apache.wicket.util.io.ConnectionsTest
[INFO] [INFO] Running org.apache.wicket.util.io.LastModifiedTest
[INFO] [INFO] Tests run: 3, Failures: 0, Errors: 0, Skipped: 0, Time elapsed: 0.002 s -- in org.apache.wicket.util.io.LastModifiedTest
[INFO] [INFO] Running org.apache.wicket.util.io.XmlReaderTest
[INFO] [INFO] Tests run: 8, Failures: 0, Errors: 0, Skipped: 0, Time elapsed: 0.009 s -- in org.apache.wicket.util.io.XmlReaderTest
[INFO] [INFO] Running org.apache.wicket.util.file.WebXmlFileTest
[INFO] [INFO] Tests run: 2, Failures: 0, Errors: 0, Skipped: 0, Time elapsed: 0.025 s -- in org.apache.wicket.util.file.WebXmlFileTest
[INFO] [INFO] Running org.apache.wicket.util.file.FilesTest
[INFO] [WARNING] Tests run: 6, Failures: 0, Errors: 0, Skipped: 2, Time elapsed: 0.507 s -- in org.apache.wicket.util.file.FilesTest
[INFO] [INFO] Running org.apache.wicket.util.collections.IntHashMapTest
[INFO] [INFO] Tests run: 1, Failures: 0, Errors: 0, Skipped: 0, Time elapsed: 0.007 s -- in org.apache.wicket.util.collections.IntHashMapTest
[INFO] [INFO] Running org.apache.wicket.util.collections.MiniMapTest
[INFO] [INFO] Tests run: 1, Failures: 0, Errors: 0, Skipped: 0, Time elapsed: 0.003 s -- in org.apache.wicket.util.collections.MiniMapTest
[INFO] [INFO] Running org.apache.wicket.util.collections.MostRecentlyUsedMapTest
[INFO] [INFO] Tests run: 1, Failures: 0, Errors: 0, Skipped: 0, Time elapsed: 0.001 s -- in org.apache.wicket.util.collections.MostRecentlyUsedMapTest
[INFO] [INFO] Running org.apache.wicket.util.collections.ReverseListIteratorTest
[INFO] [INFO] Tests run: 1, Failures: 0, Errors: 0, Skipped: 0, Time elapsed: 0.001 s -- in org.apache.wicket.util.collections.ReverseListIteratorTest
[INFO] [INFO] Running org.apache.wicket.util.size.BytesTest
[INFO] [INFO] Tests run: 4, Failures: 0, Errors: 0, Skipped: 0, Time elapsed: 0.013 s -- in org.apache.wicket.util.size.BytesTest
[INFO] [INFO] Running org.apache.wicket.util.visit.AllVisitFilterTest
[INFO] [INFO] Tests run: 1, Failures: 0, Errors: 0, Skipped: 0, Time elapsed: 0.001 s -- in org.apache.wicket.util.visit.AllVisitFilterTest
[INFO] [INFO] Running org.apache.wicket.util.visit.ClassVisitFilterTest
[INFO] [INFO] Tests run: 1, Failures: 0, Errors: 0, Skipped: 0, Time elapsed: 0.001 s -- in org.apache.wicket.util.visit.ClassVisitFilterTest
[INFO] [INFO] Running org.apache.wicket.util.value.LongValueTest
[INFO] [INFO] Tests run: 2, Failures: 0, Errors: 0, Skipped: 0, Time elapsed: 0.002 s -- in org.apache.wicket.util.value.LongValueTest
[INFO] [INFO] Running org.apache.wicket.util.value.AttributeMapTest
[INFO] [INFO] Tests run: 3, Failures: 0, Errors: 0, Skipped: 0, Time elapsed: 0.004 s -- in org.apache.wicket.util.value.AttributeMapTest
[INFO] [INFO] Running org.apache.wicket.util.value.ValueMapTest
[INFO] [INFO] Tests run: 6, Failures: 0, Errors: 0, Skipped: 0, Time elapsed: 0.005 s -- in org.apache.wicket.util.value.ValueMapTest
[INFO] [INFO] Running org.apache.wicket.util.encoding.UrlDecoderTest
[INFO] [INFO] Tests run: 4, Failures: 0, Errors: 0, Skipped: 0, Time elapsed: 0.002 s -- in org.apache.wicket.util.encoding.UrlDecoderTest
[INFO] [INFO] Running org.apache.wicket.util.encoding.UrlEncoderTest
[INFO] [INFO] Tests run: 8, Failures: 0, Errors: 0, Skipped: 0, Time elapsed: 0.006 s -- in org.apache.wicket.util.encoding.UrlEncoderTest
[INFO] [INFO] Running org.apache.wicket.util.crypt.SunJceCryptTest
[INFO] [INFO] Tests run: 2, Failures: 0, Errors: 0, Skipped: 0, Time elapsed: 0.007 s -- in org.apache.wicket.util.crypt.SunJceCryptTest
[INFO] [INFO] Running org.apache.wicket.util.convert.converters.ConvertersTest
[INFO] [WARNING] Tests run: 44, Failures: 0, Errors: 0, Skipped: 4, Time elapsed: 0.064 s -- in org.apache.wicket.util.convert.converters.ConvertersTest
[INFO] [INFO] Running org.apache.wicket.util.convert.converter.LocalTimeConverterTest
[INFO] [INFO] Tests run: 3, Failures: 0, Errors: 0, Skipped: 0, Time elapsed: 0.003 s -- in org.apache.wicket.util.convert.converter.LocalTimeConverterTest
[INFO] [INFO] Running org.apache.wicket.util.convert.converter.BigIntegerConverterTest
[INFO] [INFO] Tests run: 7, Failures: 0, Errors: 0, Skipped: 0, Time elapsed: 0.006 s -- in org.apache.wicket.util.convert.converter.BigIntegerConverterTest
[INFO] [INFO] Running org.apache.wicket.util.convert.converter.ZonedDateTimeConverterTest
[INFO] [WARNING] Tests run: 5, Failures: 0, Errors: 0, Skipped: 2, Time elapsed: 0.089 s -- in org.apache.wicket.util.convert.converter.ZonedDateTimeConverterTest
[INFO] [INFO] Running org.apache.wicket.util.convert.converter.LocalDateConverterTest
[INFO] [INFO] Tests run: 3, Failures: 0, Errors: 0, Skipped: 0, Time elapsed: 0.008 s -- in org.apache.wicket.util.convert.converter.LocalDateConverterTest
[INFO] [INFO] Running org.apache.wicket.util.convert.converter.LocalDateTimeConverterTest
[INFO] [WARNING] Tests run: 5, Failures: 0, Errors: 0, Skipped: 2, Time elapsed: 0.005 s -- in org.apache.wicket.util.convert.converter.LocalDateTimeConverterTest
[INFO] [INFO] 
[INFO] [INFO] Results:
[INFO] [INFO] 
[INFO] [WARNING] Tests run: 221, Failures: 0, Errors: 0, Skipped: 10
[INFO] [INFO] 
[INFO] [INFO] 
[INFO] [INFO] --- jar:3.5.0:jar (default-jar) @ wicket-util ---
[INFO] [INFO] Set Build-Jdk-Spec based on toolchain in maven-jar-plugin JDK[/usr/lib/jvm/temurin-17-jdk-amd64/]
[INFO] [INFO] Building jar: /home/andrea/WicketBuild/wicket-10.x/target/checkout/wicket-util/target/wicket-util-10.11.0.jar
[INFO] [INFO] 
[INFO] [INFO] --- assembly:3.7.1:single (source-release-assembly) @ wicket-util ---
[INFO] [INFO] Skipping the assembly in this project because it's not the Execution Root
[INFO] [INFO] 
[INFO] [INFO] --- source:3.4.0:jar-no-fork (attach-sources) @ wicket-util ---
[INFO] [INFO] Building jar: /home/andrea/WicketBuild/wicket-10.x/target/checkout/wicket-util/target/wicket-util-10.11.0-sources.jar
[INFO] [INFO] 
[INFO] [INFO] --- javadoc:3.12.0:jar (attach-javadocs) @ wicket-util ---
[INFO] [INFO] Toolchain in maven-javadoc-plugin: JDK[/usr/lib/jvm/temurin-17-jdk-amd64/]
[INFO] [INFO] Building jar: /home/andrea/WicketBuild/wicket-10.x/target/checkout/wicket-util/target/wicket-util-10.11.0-javadoc.jar
[INFO] [INFO] 
[INFO] [INFO] --- checksum:1.11:artifacts (source-release-checksum) @ wicket-util ---
[INFO] [INFO] 
[INFO] [INFO] --- japicmp:0.25.4:cmp (default) @ wicket-util ---
[INFO] [INFO] Written file '/home/andrea/WicketBuild/wicket-10.x/target/checkout/wicket-util/target/japicmp/japicmp.diff'.
[INFO] [INFO] Written file '/home/andrea/WicketBuild/wicket-10.x/target/checkout/wicket-util/target/japicmp/japicmp.md'.
[INFO] [INFO] 
[INFO] [INFO] --- gpg:3.2.8:sign (sign-release-artifacts) @ wicket-util ---
[INFO] [INFO] Signer 'gpg' is signing 4 files with key default
[INFO] gpg: using "0xD1AE986470B5A49C3E6A27B2878F01FAA8D356E1" as default secret key for signing
[INFO] gpg: using "0xD1AE986470B5A49C3E6A27B2878F01FAA8D356E1" as default secret key for signing
[INFO] gpg: using "0xD1AE986470B5A49C3E6A27B2878F01FAA8D356E1" as default secret key for signing
[INFO] gpg: using "0xD1AE986470B5A49C3E6A27B2878F01FAA8D356E1" as default secret key for signing
[INFO] [INFO] 
[INFO] [INFO] --- install:3.1.4:install (default-install) @ wicket-util ---
[INFO] [INFO] Installing /home/andrea/WicketBuild/wicket-10.x/target/checkout/wicket-util/pom.xml to /home/andrea/.m2/repository/org/apache/wicket/wicket-util/10.11.0/wicket-util-10.11.0.pom
[INFO] [INFO] Installing /home/andrea/WicketBuild/wicket-10.x/target/checkout/wicket-util/target/wicket-util-10.11.0.jar to /home/andrea/.m2/repository/org/apache/wicket/wicket-util/10.11.0/wicket-util-10.11.0.jar
[INFO] [INFO] Installing /home/andrea/WicketBuild/wicket-10.x/target/checkout/wicket-util/target/wicket-util-10.11.0-sources.jar to /home/andrea/.m2/repository/org/apache/wicket/wicket-util/10.11.0/wicket-util-10.11.0-sources.jar
[INFO] [INFO] Installing /home/andrea/WicketBuild/wicket-10.x/target/checkout/wicket-util/target/wicket-util-10.11.0-javadoc.jar to /home/andrea/.m2/repository/org/apache/wicket/wicket-util/10.11.0/wicket-util-10.11.0-javadoc.jar
[INFO] [INFO] Installing /home/andrea/WicketBuild/wicket-10.x/target/checkout/wicket-util/target/wicket-util-10.11.0.jar.asc to /home/andrea/.m2/repository/org/apache/wicket/wicket-util/10.11.0/wicket-util-10.11.0.jar.asc
[INFO] [INFO] Installing /home/andrea/WicketBuild/wicket-10.x/target/checkout/wicket-util/target/wicket-util-10.11.0.pom.asc to /home/andrea/.m2/repository/org/apache/wicket/wicket-util/10.11.0/wicket-util-10.11.0.pom.asc
[INFO] [INFO] Installing /home/andrea/WicketBuild/wicket-10.x/target/checkout/wicket-util/target/wicket-util-10.11.0-sources.jar.asc to /home/andrea/.m2/repository/org/apache/wicket/wicket-util/10.11.0/wicket-util-10.11.0-sources.jar.asc
[INFO] [INFO] Installing /home/andrea/WicketBuild/wicket-10.x/target/checkout/wicket-util/target/wicket-util-10.11.0-javadoc.jar.asc to /home/andrea/.m2/repository/org/apache/wicket/wicket-util/10.11.0/wicket-util-10.11.0-javadoc.jar.asc
[INFO] [INFO] 
[INFO] [INFO] --- gpg:3.2.8:sign (sign-artifacts) @ wicket-util ---
[INFO] [INFO] Signer 'gpg' is signing 4 files with key default
[INFO] gpg: using "0xD1AE986470B5A49C3E6A27B2878F01FAA8D356E1" as default secret key for signing
[INFO] [WARNING] artifact org.apache.wicket:wicket-util:jar.asc:10.11.0 already attached, replace previous instance
[INFO] gpg: using "0xD1AE986470B5A49C3E6A27B2878F01FAA8D356E1" as default secret key for signing
[INFO] [WARNING] artifact org.apache.wicket:wicket-util:pom.asc:10.11.0 already attached, replace previous instance
[INFO] gpg: using "0xD1AE986470B5A49C3E6A27B2878F01FAA8D356E1" as default secret key for signing
[INFO] [WARNING] artifact org.apache.wicket:wicket-util:jar.asc:sources:10.11.0 already attached, replace previous instance
[INFO] gpg: using "0xD1AE986470B5A49C3E6A27B2878F01FAA8D356E1" as default secret key for signing
[INFO] [WARNING] artifact org.apache.wicket:wicket-util:jar.asc:javadoc:10.11.0 already attached, replace previous instance
[INFO] [INFO] 
[INFO] [INFO] --- deploy:3.1.4:deploy (default-deploy) @ wicket-util ---
[INFO] Uploading to apache.releases.https: https://repository.apache.org/service/local/staging/deploy/maven2/org/apache/wicket/wicket-util/10.11.0/wicket-util-10.11.0.pom
[INFO] Progress (1): 2.1 kB
[INFO]                     
[INFO] Uploaded to apache.releases.https: https://repository.apache.org/service/local/staging/deploy/maven2/org/apache/wicket/wicket-util/10.11.0/wicket-util-10.11.0.pom (2.1 kB at 1.7 kB/s)
[INFO] Uploading to apache.releases.https: https://repository.apache.org/service/local/staging/deploy/maven2/org/apache/wicket/wicket-util/10.11.0/wicket-util-10.11.0.jar
[INFO] Uploading to apache.releases.https: https://repository.apache.org/service/local/staging/deploy/maven2/org/apache/wicket/wicket-util/10.11.0/wicket-util-10.11.0-sources.jar
[INFO] Uploading to apache.releases.https: https://repository.apache.org/service/local/staging/deploy/maven2/org/apache/wicket/wicket-util/10.11.0/wicket-util-10.11.0-javadoc.jar
[INFO] Uploading to apache.releases.https: https://repository.apache.org/service/local/staging/deploy/maven2/org/apache/wicket/wicket-util/10.11.0/wicket-util-10.11.0.jar.asc
[INFO] Uploading to apache.releases.https: https://repository.apache.org/service/local/staging/deploy/maven2/org/apache/wicket/wicket-util/10.11.0/wicket-util-10.11.0.pom.asc
[INFO] Progress (1): 833 B
[INFO]                    
[INFO] Uploaded to apache.releases.https: https://repository.apache.org/service/local/staging/deploy/maven2/org/apache/wicket/wicket-util/10.11.0/wicket-util-10.11.0.jar.asc (833 B at 2.7 kB/s)
[INFO] Uploading to apache.releases.https: https://repository.apache.org/service/local/staging/deploy/maven2/org/apache/wicket/wicket-util/10.11.0/wicket-util-10.11.0-sources.jar.asc
[INFO] Progress (1): 0/2.0 MB
[INFO] Progress (1): 0.1/2.0 MB
[INFO] Progress (1): 0.1/2.0 MB
[INFO] Progress (2): 0.1/2.0 MB | 833 B
[INFO] Progress (3): 0.1/2.0 MB | 833 B | 33/382 kB
[INFO] Progress (3): 0.1/2.0 MB | 833 B | 66/382 kB
[INFO] Progress (3): 0.1/2.0 MB | 833 B | 98/382 kB
[INFO] Progress (4): 0.1/2.0 MB | 833 B | 98/382 kB | 833 B
[INFO] Progress (5): 0.1/2.0 MB | 833 B | 98/382 kB | 833 B | 33/359 kB
[INFO] Progress (5): 0.1/2.0 MB | 833 B | 98/382 kB | 833 B | 66/359 kB
[INFO] Progress (5): 0.1/2.0 MB | 833 B | 98/382 kB | 833 B | 98/359 kB
[INFO]                                                                 
[INFO] Uploaded to apache.releases.https: https://repository.apache.org/service/local/staging/deploy/maven2/org/apache/wicket/wicket-util/10.11.0/wicket-util-10.11.0-sources.jar.asc (833 B at 1.7 kB/s)
[INFO] Uploading to apache.releases.https: https://repository.apache.org/service/local/staging/deploy/maven2/org/apache/wicket/wicket-util/10.11.0/wicket-util-10.11.0-javadoc.jar.asc
[INFO] Uploaded to apache.releases.https: https://repository.apache.org/service/local/staging/deploy/maven2/org/apache/wicket/wicket-util/10.11.0/wicket-util-10.11.0.pom.asc (833 B at 1.5 kB/s)
[INFO] Progress (4): 0.1/2.0 MB | 98/382 kB | 98/359 kB | 833 B
[INFO] Progress (4): 0.1/2.0 MB | 131/382 kB | 98/359 kB | 833 B
[INFO] Progress (4): 0.1/2.0 MB | 164/382 kB | 98/359 kB | 833 B
[INFO] Progress (4): 0.1/2.0 MB | 197/382 kB | 98/359 kB | 833 B
[INFO] Progress (4): 0.1/2.0 MB | 197/382 kB | 98/359 kB | 833 B
[INFO] Progress (4): 0.2/2.0 MB | 197/382 kB | 98/359 kB | 833 B
[INFO] Progress (4): 0.2/2.0 MB | 197/382 kB | 98/359 kB | 833 B
[INFO] Progress (4): 0.2/2.0 MB | 197/382 kB | 98/359 kB | 833 B
[INFO] Progress (4): 0.3/2.0 MB | 197/382 kB | 98/359 kB | 833 B
[INFO] Progress (4): 0.3/2.0 MB | 197/382 kB | 98/359 kB | 833 B
[INFO] Progress (4): 0.3/2.0 MB | 197/382 kB | 98/359 kB | 833 B
[INFO] Progress (4): 0.3/2.0 MB | 197/382 kB | 131/359 kB | 833 B
[INFO] Progress (4): 0.3/2.0 MB | 197/382 kB | 164/359 kB | 833 B
[INFO]                                                           
[INFO] Uploaded to apache.releases.https: https://repository.apache.org/service/local/staging/deploy/maven2/org/apache/wicket/wicket-util/10.11.0/wicket-util-10.11.0-javadoc.jar.asc (833 B at 1.2 kB/s)
[INFO] Progress (3): 0.3/2.0 MB | 229/382 kB | 164/359 kB
[INFO] Progress (3): 0.3/2.0 MB | 262/382 kB | 164/359 kB
[INFO] Progress (3): 0.3/2.0 MB | 295/382 kB | 164/359 kB
[INFO] Progress (3): 0.4/2.0 MB | 295/382 kB | 164/359 kB
[INFO] Progress (3): 0.4/2.0 MB | 295/382 kB | 164/359 kB
[INFO] Progress (3): 0.4/2.0 MB | 295/382 kB | 164/359 kB
[INFO] Progress (3): 0.5/2.0 MB | 295/382 kB | 164/359 kB
[INFO] Progress (3): 0.5/2.0 MB | 295/382 kB | 164/359 kB
[INFO] Progress (3): 0.5/2.0 MB | 295/382 kB | 164/359 kB
[INFO] Progress (3): 0.6/2.0 MB | 295/382 kB | 164/359 kB
[INFO] Progress (3): 0.6/2.0 MB | 295/382 kB | 164/359 kB
[INFO] Progress (3): 0.6/2.0 MB | 295/382 kB | 164/359 kB
[INFO] Progress (3): 0.7/2.0 MB | 295/382 kB | 164/359 kB
[INFO] Progress (3): 0.7/2.0 MB | 295/382 kB | 164/359 kB
[INFO] Progress (3): 0.7/2.0 MB | 295/382 kB | 164/359 kB
[INFO] Progress (3): 0.8/2.0 MB | 295/382 kB | 164/359 kB
[INFO] Progress (3): 0.8/2.0 MB | 295/382 kB | 164/359 kB
[INFO] Progress (3): 0.8/2.0 MB | 295/382 kB | 197/359 kB
[INFO] Progress (3): 0.8/2.0 MB | 295/382 kB | 229/359 kB
[INFO] Progress (3): 0.8/2.0 MB | 295/382 kB | 262/359 kB
[INFO] Progress (3): 0.8/2.0 MB | 328/382 kB | 262/359 kB
[INFO] Progress (3): 0.8/2.0 MB | 360/382 kB | 262/359 kB
[INFO] Progress (3): 0.8/2.0 MB | 382 kB | 262/359 kB    
[INFO] Progress (3): 0.8/2.0 MB | 382 kB | 262/359 kB
[INFO] Progress (3): 0.9/2.0 MB | 382 kB | 262/359 kB
[INFO] Progress (3): 0.9/2.0 MB | 382 kB | 262/359 kB
[INFO] Progress (3): 0.9/2.0 MB | 382 kB | 262/359 kB
[INFO] Progress (3): 1.0/2.0 MB | 382 kB | 262/359 kB
[INFO] Progress (3): 1.0/2.0 MB | 382 kB | 262/359 kB
[INFO] Progress (3): 1.0/2.0 MB | 382 kB | 262/359 kB
[INFO] Progress (3): 1.0/2.0 MB | 382 kB | 262/359 kB
[INFO] Progress (3): 1.1/2.0 MB | 382 kB | 262/359 kB
[INFO] Progress (3): 1.1/2.0 MB | 382 kB | 262/359 kB
[INFO] Progress (3): 1.1/2.0 MB | 382 kB | 295/359 kB
[INFO] Progress (3): 1.1/2.0 MB | 382 kB | 328/359 kB
[INFO] Progress (3): 1.1/2.0 MB | 382 kB | 359 kB    
[INFO] Progress (3): 1.1/2.0 MB | 382 kB | 359 kB
[INFO] Progress (3): 1.2/2.0 MB | 382 kB | 359 kB
[INFO] Progress (3): 1.2/2.0 MB | 382 kB | 359 kB
[INFO] Progress (3): 1.2/2.0 MB | 382 kB | 359 kB
[INFO] Progress (3): 1.3/2.0 MB | 382 kB | 359 kB
[INFO] Progress (3): 1.3/2.0 MB | 382 kB | 359 kB
[INFO] Progress (3): 1.3/2.0 MB | 382 kB | 359 kB
[INFO] Progress (3): 1.4/2.0 MB | 382 kB | 359 kB
[INFO] Progress (3): 1.4/2.0 MB | 382 kB | 359 kB
[INFO] Progress (3): 1.4/2.0 MB | 382 kB | 359 kB
[INFO] Progress (3): 1.5/2.0 MB | 382 kB | 359 kB
[INFO] Progress (3): 1.5/2.0 MB | 382 kB | 359 kB
[INFO]                                           
[INFO] Uploaded to apache.releases.https: https://repository.apache.org/service/local/staging/deploy/maven2/org/apache/wicket/wicket-util/10.11.0/wicket-util-10.11.0-sources.jar (382 kB at 197 kB/s)
[INFO] Progress (2): 1.5/2.0 MB | 359 kB
[INFO] Progress (2): 1.6/2.0 MB | 359 kB
[INFO] Progress (2): 1.6/2.0 MB | 359 kB
[INFO] Progress (2): 1.6/2.0 MB | 359 kB
[INFO] Progress (2): 1.7/2.0 MB | 359 kB
[INFO] Progress (2): 1.7/2.0 MB | 359 kB
[INFO] Progress (2): 1.7/2.0 MB | 359 kB
[INFO] Progress (2): 1.8/2.0 MB | 359 kB
[INFO] Progress (2): 1.8/2.0 MB | 359 kB
[INFO]                                  
[INFO] Uploaded to apache.releases.https: https://repository.apache.org/service/local/staging/deploy/maven2/org/apache/wicket/wicket-util/10.11.0/wicket-util-10.11.0.jar (359 kB at 153 kB/s)
[INFO] Progress (1): 1.8/2.0 MB
[INFO] Progress (1): 1.9/2.0 MB
[INFO] Progress (1): 1.9/2.0 MB
[INFO] Progress (1): 1.9/2.0 MB
[INFO] Progress (1): 2.0/2.0 MB
[INFO] Progress (1): 2.0/2.0 MB
[INFO] Progress (1): 2.0 MB    
[INFO]                     
[INFO] Uploaded to apache.releases.https: https://repository.apache.org/service/local/staging/deploy/maven2/org/apache/wicket/wicket-util/10.11.0/wicket-util-10.11.0-javadoc.jar (2.0 MB at 593 kB/s)
[INFO] Downloading from apache.releases.https: https://repository.apache.org/service/local/staging/deploy/maven2/org/apache/wicket/wicket-util/maven-metadata.xml
[INFO] Uploading to apache.releases.https: https://repository.apache.org/service/local/staging/deploy/maven2/org/apache/wicket/wicket-util/maven-metadata.xml
[INFO] Progress (1): 312 B
[INFO]                    
[INFO] Uploaded to apache.releases.https: https://repository.apache.org/service/local/staging/deploy/maven2/org/apache/wicket/wicket-util/maven-metadata.xml (312 B at 624 B/s)
[INFO] [INFO] 
[INFO] [INFO] ------------------< org.apache.wicket:wicket-request >------------------
[INFO] [INFO] Building Wicket Request 10.11.0                                   [3/32]
[INFO] [INFO]   from wicket-request/pom.xml
[INFO] [INFO] --------------------------------[ jar ]---------------------------------
[INFO] [INFO] 
[INFO] [INFO] --- enforcer:3.6.2:enforce (enforce-maven) @ wicket-request ---
[INFO] [INFO] Rule 1: org.apache.maven.enforcer.rules.dependency.DependencyConvergence passed
[INFO] [INFO] Rule 2: com.github.ferstl.maven.pomenforcers.CompoundPedanticEnforcer(compound) passed
[INFO] [INFO] 
[INFO] [INFO] --- enforcer:3.6.2:enforce (enforce-maven-version) @ wicket-request ---
[INFO] [INFO] Rule 1: org.apache.maven.enforcer.rules.dependency.DependencyConvergence passed
[INFO] [INFO] Rule 2: com.github.ferstl.maven.pomenforcers.CompoundPedanticEnforcer(compound) passed
[INFO] [INFO] 
[INFO] [INFO] --- enforcer:3.6.2:enforce (enforce-java-version) @ wicket-request ---
[INFO] [INFO] Rule 1: org.apache.maven.enforcer.rules.dependency.DependencyConvergence passed
[INFO] [INFO] Rule 2: com.github.ferstl.maven.pomenforcers.CompoundPedanticEnforcer(compound) passed
[INFO] [INFO] 
[INFO] [INFO] --- toolchains:3.2.0:toolchain (default) @ wicket-request ---
[INFO] [INFO] Required toolchain: jdk [ version='17' ]
[INFO] [INFO] Found matching toolchain for type jdk: JDK[/usr/lib/jvm/temurin-17-jdk-amd64/]
[INFO] [INFO] 
[INFO] [INFO] --- remote-resources:3.3.0:process (default) @ wicket-request ---
[INFO] [INFO] Preparing remote bundle org.apache:apache-jar-resource-bundle:1.4
[INFO] [INFO] Copying 3 resources from 1 bundle.
[INFO] [INFO] 
[INFO] [INFO] --- remote-resources:3.3.0:process (process-resource-bundles) @ wicket-request ---
[INFO] [INFO] Preparing remote bundle org.apache.apache.resources:apache-jar-resource-bundle:1.7
[INFO] [INFO] Copying 3 resources from 1 bundle.
[INFO] [INFO] 
[INFO] [INFO] --- resources:3.4.0:resources (default-resources) @ wicket-request ---
[INFO] [INFO] Copying 1 resource from src/main/java to target/classes
[INFO] [INFO] skip non existing resourceDirectory /home/andrea/WicketBuild/wicket-10.x/target/checkout/wicket-request/src/main/resources
[INFO] [INFO] skip non existing resourceDirectory /home/andrea/WicketBuild/wicket-10.x/target/checkout/wicket-request/target/generated-res
[INFO] [INFO] Copying 3 resources from target/maven-shared-archive-resources to target/classes
[INFO] [INFO] Copying 3 resources from target/maven-shared-archive-resources to target/classes
[INFO] [INFO] 
[INFO] [INFO] --- compiler:3.14.1:compile (default-compile) @ wicket-request ---
[INFO] [INFO] Toolchain in maven-compiler-plugin: JDK[/usr/lib/jvm/temurin-17-jdk-amd64/]
[INFO] [INFO] Recompiling the module because of changed dependency.
[INFO] [INFO] Compiling 46 source files with javac [forked debug deprecation release 17 module-path] to target/classes
[INFO] [INFO] JDK-8318913 workaround: patched module-info.class requires version from [17.0.20.1] to [17] on 2 JDK modules [java.base, java.sql]
[INFO] [INFO] 
[INFO] [INFO] --- bundle:6.0.0:manifest (default-bundle) @ wicket-request ---
[INFO] [INFO] No MANIFEST.MF file found, generating manifest.
[INFO] [INFO] Writing manifest: /home/andrea/WicketBuild/wicket-10.x/target/checkout/wicket-request/target/classes/META-INF/MANIFEST.MF
[INFO] [INFO] 
[INFO] [INFO] --- resources:3.4.0:testResources (default-testResources) @ wicket-request ---
[INFO] [INFO] Copying 1 resource from src/test/java to target/test-classes
[INFO] [INFO] Copying 3 resources from target/maven-shared-archive-resources to target/test-classes
[INFO] [INFO] Copying 3 resources from target/maven-shared-archive-resources to target/test-classes
[INFO] [INFO] 
[INFO] [INFO] --- compiler:3.14.1:testCompile (default-testCompile) @ wicket-request ---
[INFO] [INFO] Toolchain in maven-compiler-plugin: JDK[/usr/lib/jvm/temurin-17-jdk-amd64/]
[INFO] [INFO] Recompiling the module because of changed dependency.
[INFO] [INFO] Compiling 10 source files with javac [forked debug deprecation release 17 module-path] to target/test-classes
[INFO] [INFO] 
[INFO] [INFO] --- surefire:3.5.4:test (default-test) @ wicket-request ---
[INFO] [INFO] Toolchain in maven-surefire-plugin: JDK[/usr/lib/jvm/temurin-17-jdk-amd64/]
[INFO] [INFO] Using auto detected provider org.apache.maven.surefire.junitplatform.JUnitPlatformProvider
[INFO] [INFO] 
[INFO] [INFO] -------------------------------------------------------
[INFO] [INFO]  T E S T S
[INFO] [INFO] -------------------------------------------------------
[ERROR] WARNING: Using incubator modules: jdk.incubator.vector, jdk.incubator.foreign
[INFO] [INFO] Running org.apache.wicket.request.parameter.CombinedRequestParametersAdapterTest
[ERROR] SLF4J(W): No SLF4J providers were found.
[ERROR] SLF4J(W): Defaulting to no-operation (NOP) logger implementation
[ERROR] SLF4J(W): See https://www.slf4j.org/codes.html#noProviders for further details.
[INFO] [INFO] Tests run: 1, Failures: 0, Errors: 0, Skipped: 0, Time elapsed: 0.040 s -- in org.apache.wicket.request.parameter.CombinedRequestParametersAdapterTest
[INFO] [INFO] Running org.apache.wicket.request.HttpHeaderCollectionTest
[INFO] [INFO] Tests run: 3, Failures: 0, Errors: 0, Skipped: 0, Time elapsed: 0.033 s -- in org.apache.wicket.request.HttpHeaderCollectionTest
[INFO] [INFO] Running org.apache.wicket.request.UrlTest
[INFO] [INFO] Tests run: 75, Failures: 0, Errors: 0, Skipped: 0, Time elapsed: 0.082 s -- in org.apache.wicket.request.UrlTest
[INFO] [INFO] Running org.apache.wicket.request.util.license.ApacheLicenceHeaderTest
[INFO] [INFO] Tests run: 1, Failures: 0, Errors: 0, Skipped: 0, Time elapsed: 0.027 s -- in org.apache.wicket.request.util.license.ApacheLicenceHeaderTest
[INFO] [INFO] Running org.apache.wicket.request.http.handler.RedirectRequestHandlerTest
[ERROR] OpenJDK 64-Bit Server VM warning: Sharing is only supported for boot loader classes because bootstrap classpath has been appended
[INFO] [INFO] Tests run: 24, Failures: 0, Errors: 0, Skipped: 0, Time elapsed: 1.087 s -- in org.apache.wicket.request.http.handler.RedirectRequestHandlerTest
[INFO] [INFO] Running org.apache.wicket.request.UrlUtilsTest
[INFO] [INFO] Tests run: 2, Failures: 0, Errors: 0, Skipped: 0, Time elapsed: 0.012 s -- in org.apache.wicket.request.UrlUtilsTest
[INFO] [INFO] Running org.apache.wicket.request.mapper.parameter.PageParametersEncoderTest
[INFO] [INFO] Tests run: 1, Failures: 0, Errors: 0, Skipped: 0, Time elapsed: 0.010 s -- in org.apache.wicket.request.mapper.parameter.PageParametersEncoderTest
[INFO] [INFO] Running org.apache.wicket.request.mapper.parameter.PageParametersTest
[INFO] [INFO] Tests run: 18, Failures: 0, Errors: 0, Skipped: 0, Time elapsed: 0.067 s -- in org.apache.wicket.request.mapper.parameter.PageParametersTest
[INFO] [INFO] Running org.apache.wicket.request.mapper.parameter.UrlPathPageParametersEncoderTest
[INFO] [INFO] Tests run: 9, Failures: 0, Errors: 0, Skipped: 0, Time elapsed: 0.019 s -- in org.apache.wicket.request.mapper.parameter.UrlPathPageParametersEncoderTest
[INFO] [INFO] Running org.apache.wicket.request.mapper.CompoundRequestMapperTest
[INFO] [INFO] Tests run: 1, Failures: 0, Errors: 0, Skipped: 0, Time elapsed: 0.001 s -- in org.apache.wicket.request.mapper.CompoundRequestMapperTest
[INFO] [INFO] 
[INFO] [INFO] Results:
[INFO] [INFO] 
[INFO] [INFO] Tests run: 135, Failures: 0, Errors: 0, Skipped: 0
[INFO] [INFO] 
[INFO] [INFO] 
[INFO] [INFO] --- jar:3.5.0:jar (default-jar) @ wicket-request ---
[INFO] [INFO] Set Build-Jdk-Spec based on toolchain in maven-jar-plugin JDK[/usr/lib/jvm/temurin-17-jdk-amd64/]
[INFO] [INFO] Building jar: /home/andrea/WicketBuild/wicket-10.x/target/checkout/wicket-request/target/wicket-request-10.11.0.jar
[INFO] [INFO] 
[INFO] [INFO] --- assembly:3.7.1:single (source-release-assembly) @ wicket-request ---
[INFO] [INFO] Skipping the assembly in this project because it's not the Execution Root
[INFO] [INFO] 
[INFO] [INFO] --- source:3.4.0:jar-no-fork (attach-sources) @ wicket-request ---
[INFO] [INFO] Building jar: /home/andrea/WicketBuild/wicket-10.x/target/checkout/wicket-request/target/wicket-request-10.11.0-sources.jar
[INFO] [INFO] 
[INFO] [INFO] --- javadoc:3.12.0:jar (attach-javadocs) @ wicket-request ---
[INFO] [INFO] Toolchain in maven-javadoc-plugin: JDK[/usr/lib/jvm/temurin-17-jdk-amd64/]
[INFO] [INFO] Building jar: /home/andrea/WicketBuild/wicket-10.x/target/checkout/wicket-request/target/wicket-request-10.11.0-javadoc.jar
[INFO] [INFO] 
[INFO] [INFO] --- checksum:1.11:artifacts (source-release-checksum) @ wicket-request ---
[INFO] [INFO] 
[INFO] [INFO] --- japicmp:0.25.4:cmp (default) @ wicket-request ---
[INFO] [INFO] Written file '/home/andrea/WicketBuild/wicket-10.x/target/checkout/wicket-request/target/japicmp/japicmp.diff'.
[INFO] [INFO] Written file '/home/andrea/WicketBuild/wicket-10.x/target/checkout/wicket-request/target/japicmp/japicmp.md'.
[INFO] [INFO] 
[INFO] [INFO] --- gpg:3.2.8:sign (sign-release-artifacts) @ wicket-request ---
[INFO] [INFO] Signer 'gpg' is signing 4 files with key default
[INFO] gpg: using "0xD1AE986470B5A49C3E6A27B2878F01FAA8D356E1" as default secret key for signing
[INFO] gpg: using "0xD1AE986470B5A49C3E6A27B2878F01FAA8D356E1" as default secret key for signing
[INFO] gpg: using "0xD1AE986470B5A49C3E6A27B2878F01FAA8D356E1" as default secret key for signing
[INFO] gpg: using "0xD1AE986470B5A49C3E6A27B2878F01FAA8D356E1" as default secret key for signing
[INFO] [INFO] 
[INFO] [INFO] --- install:3.1.4:install (default-install) @ wicket-request ---
[INFO] [INFO] Installing /home/andrea/WicketBuild/wicket-10.x/target/checkout/wicket-request/pom.xml to /home/andrea/.m2/repository/org/apache/wicket/wicket-request/10.11.0/wicket-request-10.11.0.pom
[INFO] [INFO] Installing /home/andrea/WicketBuild/wicket-10.x/target/checkout/wicket-request/target/wicket-request-10.11.0.jar to /home/andrea/.m2/repository/org/apache/wicket/wicket-request/10.11.0/wicket-request-10.11.0.jar
[INFO] [INFO] Installing /home/andrea/WicketBuild/wicket-10.x/target/checkout/wicket-request/target/wicket-request-10.11.0-sources.jar to /home/andrea/.m2/repository/org/apache/wicket/wicket-request/10.11.0/wicket-request-10.11.0-sources.jar
[INFO] [INFO] Installing /home/andrea/WicketBuild/wicket-10.x/target/checkout/wicket-request/target/wicket-request-10.11.0-javadoc.jar to /home/andrea/.m2/repository/org/apache/wicket/wicket-request/10.11.0/wicket-request-10.11.0-javadoc.jar
[INFO] [INFO] Installing /home/andrea/WicketBuild/wicket-10.x/target/checkout/wicket-request/target/wicket-request-10.11.0.jar.asc to /home/andrea/.m2/repository/org/apache/wicket/wicket-request/10.11.0/wicket-request-10.11.0.jar.asc
[INFO] [INFO] Installing /home/andrea/WicketBuild/wicket-10.x/target/checkout/wicket-request/target/wicket-request-10.11.0.pom.asc to /home/andrea/.m2/repository/org/apache/wicket/wicket-request/10.11.0/wicket-request-10.11.0.pom.asc
[INFO] [INFO] Installing /home/andrea/WicketBuild/wicket-10.x/target/checkout/wicket-request/target/wicket-request-10.11.0-sources.jar.asc to /home/andrea/.m2/repository/org/apache/wicket/wicket-request/10.11.0/wicket-request-10.11.0-sources.jar.asc
[INFO] [INFO] Installing /home/andrea/WicketBuild/wicket-10.x/target/checkout/wicket-request/target/wicket-request-10.11.0-javadoc.jar.asc to /home/andrea/.m2/repository/org/apache/wicket/wicket-request/10.11.0/wicket-request-10.11.0-javadoc.jar.asc
[INFO] [INFO] 
[INFO] [INFO] --- gpg:3.2.8:sign (sign-artifacts) @ wicket-request ---
[INFO] [INFO] Signer 'gpg' is signing 4 files with key default
[INFO] gpg: using "0xD1AE986470B5A49C3E6A27B2878F01FAA8D356E1" as default secret key for signing
[INFO] [WARNING] artifact org.apache.wicket:wicket-request:jar.asc:10.11.0 already attached, replace previous instance
[INFO] gpg: using "0xD1AE986470B5A49C3E6A27B2878F01FAA8D356E1" as default secret key for signing
[INFO] [WARNING] artifact org.apache.wicket:wicket-request:pom.asc:10.11.0 already attached, replace previous instance
[INFO] gpg: using "0xD1AE986470B5A49C3E6A27B2878F01FAA8D356E1" as default secret key for signing
[INFO] [WARNING] artifact org.apache.wicket:wicket-request:jar.asc:sources:10.11.0 already attached, replace previous instance
[INFO] gpg: using "0xD1AE986470B5A49C3E6A27B2878F01FAA8D356E1" as default secret key for signing
[INFO] [WARNING] artifact org.apache.wicket:wicket-request:jar.asc:javadoc:10.11.0 already attached, replace previous instance
[INFO] [INFO] 
[INFO] [INFO] --- deploy:3.1.4:deploy (default-deploy) @ wicket-request ---
[INFO] Uploading to apache.releases.https: https://repository.apache.org/service/local/staging/deploy/maven2/org/apache/wicket/wicket-request/10.11.0/wicket-request-10.11.0.pom
[INFO] Progress (1): 2.0 kB
[INFO]                     
[INFO] Uploaded to apache.releases.https: https://repository.apache.org/service/local/staging/deploy/maven2/org/apache/wicket/wicket-request/10.11.0/wicket-request-10.11.0.pom (2.0 kB at 3.9 kB/s)
[INFO] Uploading to apache.releases.https: https://repository.apache.org/service/local/staging/deploy/maven2/org/apache/wicket/wicket-request/10.11.0/wicket-request-10.11.0.jar
[INFO] Uploading to apache.releases.https: https://repository.apache.org/service/local/staging/deploy/maven2/org/apache/wicket/wicket-request/10.11.0/wicket-request-10.11.0-sources.jar
[INFO] Uploading to apache.releases.https: https://repository.apache.org/service/local/staging/deploy/maven2/org/apache/wicket/wicket-request/10.11.0/wicket-request-10.11.0-javadoc.jar
[INFO] Uploading to apache.releases.https: https://repository.apache.org/service/local/staging/deploy/maven2/org/apache/wicket/wicket-request/10.11.0/wicket-request-10.11.0.jar.asc
[INFO] Uploading to apache.releases.https: https://repository.apache.org/service/local/staging/deploy/maven2/org/apache/wicket/wicket-request/10.11.0/wicket-request-10.11.0.pom.asc
[INFO] Progress (1): 33/665 kB
[INFO] Progress (2): 33/665 kB | 33/86 kB
[INFO] Progress (2): 66/665 kB | 33/86 kB
[INFO] Progress (2): 66/665 kB | 66/86 kB
[INFO] Progress (2): 66/665 kB | 86 kB   
[INFO] Progress (2): 98/665 kB | 86 kB
[INFO] Progress (2): 131/665 kB | 86 kB
[INFO] Progress (2): 164/665 kB | 86 kB
[INFO] Progress (2): 197/665 kB | 86 kB
[INFO] Progress (2): 229/665 kB | 86 kB
[INFO] Progress (2): 262/665 kB | 86 kB
[INFO] Progress (2): 295/665 kB | 86 kB
[INFO] Progress (2): 328/665 kB | 86 kB
[INFO] Progress (2): 360/665 kB | 86 kB
[INFO] Progress (2): 393/665 kB | 86 kB
[INFO] Progress (2): 426/665 kB | 86 kB
[INFO] Progress (2): 459/665 kB | 86 kB
[INFO] Progress (2): 492/665 kB | 86 kB
[INFO] Progress (2): 524/665 kB | 86 kB
[INFO] Progress (3): 524/665 kB | 86 kB | 833 B
[INFO] Progress (4): 524/665 kB | 86 kB | 833 B | 833 B
[INFO] Progress (5): 524/665 kB | 86 kB | 833 B | 833 B | 33/86 kB
[INFO] Progress (5): 524/665 kB | 86 kB | 833 B | 833 B | 66/86 kB
[INFO] Progress (5): 524/665 kB | 86 kB | 833 B | 833 B | 86 kB   
[INFO]                                                         
[INFO] Uploaded to apache.releases.https: https://repository.apache.org/service/local/staging/deploy/maven2/org/apache/wicket/wicket-request/10.11.0/wicket-request-10.11.0.jar.asc (833 B at 4.4 kB/s)
[INFO] Uploaded to apache.releases.https: https://repository.apache.org/service/local/staging/deploy/maven2/org/apache/wicket/wicket-request/10.11.0/wicket-request-10.11.0.pom.asc (833 B at 4.3 kB/s)
[INFO] Uploading to apache.releases.https: https://repository.apache.org/service/local/staging/deploy/maven2/org/apache/wicket/wicket-request/10.11.0/wicket-request-10.11.0-sources.jar.asc
[INFO] Uploading to apache.releases.https: https://repository.apache.org/service/local/staging/deploy/maven2/org/apache/wicket/wicket-request/10.11.0/wicket-request-10.11.0-javadoc.jar.asc
[INFO] Progress (4): 524/665 kB | 86 kB | 86 kB | 833 B
[INFO] Progress (5): 524/665 kB | 86 kB | 86 kB | 833 B | 833 B
[INFO]                                                         
[INFO] Uploaded to apache.releases.https: https://repository.apache.org/service/local/staging/deploy/maven2/org/apache/wicket/wicket-request/10.11.0/wicket-request-10.11.0-javadoc.jar.asc (833 B at 2.0 kB/s)
[INFO] Uploaded to apache.releases.https: https://repository.apache.org/service/local/staging/deploy/maven2/org/apache/wicket/wicket-request/10.11.0/wicket-request-10.11.0-sources.jar.asc (833 B at 2.0 kB/s)
[INFO] Progress (3): 557/665 kB | 86 kB | 86 kB
[INFO] Progress (3): 590/665 kB | 86 kB | 86 kB
[INFO] Progress (3): 623/665 kB | 86 kB | 86 kB
[INFO] Progress (3): 655/665 kB | 86 kB | 86 kB
[INFO] Progress (3): 665 kB | 86 kB | 86 kB    
[INFO]                                     
[INFO] Uploaded to apache.releases.https: https://repository.apache.org/service/local/staging/deploy/maven2/org/apache/wicket/wicket-request/10.11.0/wicket-request-10.11.0.jar (86 kB at 117 kB/s)
[INFO] Uploaded to apache.releases.https: https://repository.apache.org/service/local/staging/deploy/maven2/org/apache/wicket/wicket-request/10.11.0/wicket-request-10.11.0-sources.jar (86 kB at 100 kB/s)
[INFO] Uploaded to apache.releases.https: https://repository.apache.org/service/local/staging/deploy/maven2/org/apache/wicket/wicket-request/10.11.0/wicket-request-10.11.0-javadoc.jar (665 kB at 472 kB/s)
[INFO] Downloading from apache.releases.https: https://repository.apache.org/service/local/staging/deploy/maven2/org/apache/wicket/wicket-request/maven-metadata.xml
[INFO] Uploading to apache.releases.https: https://repository.apache.org/service/local/staging/deploy/maven2/org/apache/wicket/wicket-request/maven-metadata.xml
[INFO] Progress (1): 315 B
[INFO]                    
[INFO] Uploaded to apache.releases.https: https://repository.apache.org/service/local/staging/deploy/maven2/org/apache/wicket/wicket-request/maven-metadata.xml (315 B at 657 B/s)
[INFO] [INFO] 
[INFO] [INFO] -------------------< org.apache.wicket:wicket-core >--------------------
[INFO] [INFO] Building Wicket Core 10.11.0                                      [4/32]
[INFO] [INFO]   from wicket-core/pom.xml
[INFO] [INFO] --------------------------------[ jar ]---------------------------------
[INFO] [INFO] 
[INFO] [INFO] --- enforcer:3.6.2:enforce (enforce-maven) @ wicket-core ---
[INFO] [INFO] Rule 1: org.apache.maven.enforcer.rules.dependency.DependencyConvergence passed
[INFO] [INFO] Rule 2: com.github.ferstl.maven.pomenforcers.CompoundPedanticEnforcer(compound) passed
[INFO] [INFO] 
[INFO] [INFO] --- enforcer:3.6.2:enforce (enforce-maven-version) @ wicket-core ---
[INFO] [INFO] Rule 1: org.apache.maven.enforcer.rules.dependency.DependencyConvergence passed
[INFO] [INFO] Rule 2: com.github.ferstl.maven.pomenforcers.CompoundPedanticEnforcer(compound) passed
[INFO] [INFO] 
[INFO] [INFO] --- enforcer:3.6.2:enforce (enforce-java-version) @ wicket-core ---
[INFO] [INFO] Rule 1: org.apache.maven.enforcer.rules.dependency.DependencyConvergence passed
[INFO] [INFO] Rule 2: com.github.ferstl.maven.pomenforcers.CompoundPedanticEnforcer(compound) passed
[INFO] [INFO] 
[INFO] [INFO] --- toolchains:3.2.0:toolchain (default) @ wicket-core ---
[INFO] [INFO] Required toolchain: jdk [ version='17' ]
[INFO] [INFO] Found matching toolchain for type jdk: JDK[/usr/lib/jvm/temurin-17-jdk-amd64/]
[INFO] [INFO] 
[INFO] [INFO] --- remote-resources:3.3.0:process (default) @ wicket-core ---
[INFO] [INFO] Preparing remote bundle org.apache:apache-jar-resource-bundle:1.4
[INFO] [INFO] Copying 3 resources from 1 bundle.
[INFO] [INFO] 
[INFO] [INFO] --- remote-resources:3.3.0:process (process-resource-bundles) @ wicket-core ---
[INFO] [INFO] Preparing remote bundle org.apache.apache.resources:apache-jar-resource-bundle:1.7
[INFO] [INFO] Copying 3 resources from 1 bundle.
[INFO] [INFO] 
[INFO] [INFO] --- resources:3.4.0:resources (default-resources) @ wicket-core ---
[INFO] [INFO] Copying 69 resources from src/main/java to target/classes
[INFO] [INFO] Copying 3 resources from src/main/resources to target/classes
[INFO] [INFO] skip non existing resourceDirectory /home/andrea/WicketBuild/wicket-10.x/target/checkout/wicket-core/target/generated-res
[INFO] [INFO] Copying 3 resources from target/maven-shared-archive-resources to target/classes
[INFO] [INFO] Copying 3 resources from target/maven-shared-archive-resources to target/classes
[INFO] [INFO] 
[INFO] [INFO] --- resources-optimizer:2.6.5:optimize (default) @ wicket-core ---
[INFO] [INFO] Optimize CSS file pageview.css ...
[INFO] [INFO] Optimize CSS file error.css ...
[INFO] [INFO] Optimize JS file wicket-ajax-jquery.js ...
[INFO] [INFO] Optimize JS file CheckSelector.js ...
[INFO] [INFO] Optimize JS file FilesSelectedBehavior.js ...
[INFO] [INFO] Optimize JS file MultiFileUploadField.js ...
[INFO] [INFO] Optimize JS file FileUploadToResourceField.js ...
[INFO] [INFO] Optimize JS file wicket-browser-info.js ...
[INFO] [INFO] === Statistic ===========================================
[INFO] [INFO] Size before optimization = 96.777 KB
[INFO] [INFO] Size after optimization = 33.941 KB
[INFO] [INFO] Optimized resources have 35.07% of original size
[INFO] [INFO] =========================================================
[INFO] [INFO] 
[INFO] [INFO] --- compiler:3.14.1:compile (default-compile) @ wicket-core ---
[INFO] [INFO] Toolchain in maven-compiler-plugin: JDK[/usr/lib/jvm/temurin-17-jdk-amd64/]
[INFO] [INFO] Recompiling the module because of changed dependency.
[INFO] [INFO] Compiling 842 source files with javac [forked debug deprecation release 17 module-path] to target/classes
[INFO] [INFO] JDK-8318913 workaround: patched module-info.class requires version from [17.0.20.1] to [17] on 4 JDK modules [java.base, java.instrument, java.desktop, java.sql]
[INFO] [WARNING] /home/andrea/WicketBuild/wicket-10.x/target/checkout/wicket-core/src/main/java/org/apache/wicket/Page.java:[830,41] [removal] isOutputMarkupContainerClassName() in DebugSettings has been deprecated and marked for removal
[INFO] [WARNING] /home/andrea/WicketBuild/wicket-10.x/target/checkout/wicket-core/src/main/java/org/apache/wicket/csp/ContentSecurityPolicySettings.java:[233,49] [removal] CSPRequestCycleListener in org.apache.wicket.csp has been deprecated and marked for removal
[INFO] [WARNING] /home/andrea/WicketBuild/wicket-10.x/target/checkout/wicket-core/src/main/java/org/apache/wicket/csp/CSPHeaderWriter.java:[41,15] [removal] mustProtectRequest(IRequestHandler) in ContentSecurityPolicySettings has been deprecated and marked for removal
[INFO] [WARNING] /home/andrea/WicketBuild/wicket-10.x/target/checkout/wicket-core/src/main/java/org/apache/wicket/util/cookies/CookieUtils.java:[320,9] [removal] setComment(String) in Cookie has been deprecated and marked for removal
[INFO] [WARNING] /home/andrea/WicketBuild/wicket-10.x/target/checkout/wicket-core/src/main/java/org/apache/wicket/util/cookies/CookieUtils.java:[339,28] [removal] getVersion() in CookieDefaults has been deprecated and marked for removal
[INFO] [WARNING] /home/andrea/WicketBuild/wicket-10.x/target/checkout/wicket-core/src/main/java/org/apache/wicket/util/cookies/CookieUtils.java:[339,8] [removal] setVersion(int) in Cookie has been deprecated and marked for removal
[INFO] [WARNING] /home/andrea/WicketBuild/wicket-10.x/target/checkout/wicket-core/src/main/java/org/apache/wicket/csp/CSPRequestCycleListener.java:[101,17] [removal] mustProtectRequest(IRequestHandler) in ContentSecurityPolicySettings has been deprecated and marked for removal
[INFO] [WARNING] /home/andrea/WicketBuild/wicket-10.x/target/checkout/wicket-core/src/main/java/org/apache/wicket/protocol/http/mock/MockServletContext.java:[201,16] [removal] getComment() in SessionCookieConfig has been deprecated and marked for removal
[INFO] [WARNING] /home/andrea/WicketBuild/wicket-10.x/target/checkout/wicket-core/src/main/java/org/apache/wicket/protocol/http/mock/MockServletContext.java:[144,14] [removal] setComment(String) in SessionCookieConfig has been deprecated and marked for removal
[INFO] [WARNING] /home/andrea/WicketBuild/wicket-10.x/target/checkout/wicket-core/src/main/java/org/apache/wicket/request/resource/PartWriterCallback.java:[144,26] [deprecation] BoundedInputStream(InputStream,long) in BoundedInputStream has been deprecated
[INFO] [WARNING] /home/andrea/WicketBuild/wicket-10.x/target/checkout/wicket-core/src/main/java/org/apache/wicket/request/resource/PartWriterCallback.java:[149,23] [deprecation] setPropagateClose(boolean) in BoundedInputStream has been deprecated
[INFO] [WARNING] /home/andrea/WicketBuild/wicket-10.x/target/checkout/wicket-core/src/main/java/org/apache/wicket/serialize/java/JavaSerializer.java:[65,16] [removal] AccessController in java.security has been deprecated and marked for removal
[INFO] [WARNING] /home/andrea/WicketBuild/wicket-10.x/target/checkout/wicket-core/src/main/java/org/apache/wicket/serialize/java/JavaSerializer.java:[66,26] [removal] AccessController in java.security has been deprecated and marked for removal
[INFO] [INFO] 
[INFO] [INFO] --- bundle:6.0.0:manifest (default-bundle) @ wicket-core ---
[INFO] [INFO] No MANIFEST.MF file found, generating manifest.
[INFO] [INFO] Writing manifest: /home/andrea/WicketBuild/wicket-10.x/target/checkout/wicket-core/target/classes/META-INF/MANIFEST.MF
[INFO] [INFO] 
[INFO] [INFO] --- resources:3.4.0:testResources (default-testResources) @ wicket-core ---
[INFO] [INFO] Copying 4 resources from src/test/java to target/test-classes
[INFO] [INFO] Copying 3 resources from target/maven-shared-archive-resources to target/test-classes
[INFO] [INFO] Copying 3 resources from target/maven-shared-archive-resources to target/test-classes
[INFO] [INFO] 
[INFO] [INFO] --- compiler:3.14.1:testCompile (default-testCompile) @ wicket-core ---
[INFO] [INFO] Toolchain in maven-compiler-plugin: JDK[/usr/lib/jvm/temurin-17-jdk-amd64/]
[INFO] [INFO] Recompiling the module because of changed dependency.
[INFO] [INFO] 
[INFO] [INFO] --- surefire:3.5.4:test (default-test) @ wicket-core ---
[INFO] [INFO] Toolchain in maven-surefire-plugin: JDK[/usr/lib/jvm/temurin-17-jdk-amd64/]
[INFO] [INFO] 
[INFO] [INFO] --- jar:3.5.0:jar (default-jar) @ wicket-core ---
[INFO] [INFO] Set Build-Jdk-Spec based on toolchain in maven-jar-plugin JDK[/usr/lib/jvm/temurin-17-jdk-amd64/]
[INFO] [INFO] Building jar: /home/andrea/WicketBuild/wicket-10.x/target/checkout/wicket-core/target/wicket-core-10.11.0.jar
[INFO] [INFO] 
[INFO] [INFO] --- assembly:3.7.1:single (source-release-assembly) @ wicket-core ---
[INFO] [INFO] Skipping the assembly in this project because it's not the Execution Root
[INFO] [INFO] 
[INFO] [INFO] --- source:3.4.0:jar-no-fork (attach-sources) @ wicket-core ---
[INFO] [INFO] Building jar: /home/andrea/WicketBuild/wicket-10.x/target/checkout/wicket-core/target/wicket-core-10.11.0-sources.jar
[INFO] [INFO] 
[INFO] [INFO] --- javadoc:3.12.0:jar (attach-javadocs) @ wicket-core ---
[INFO] [INFO] Toolchain in maven-javadoc-plugin: JDK[/usr/lib/jvm/temurin-17-jdk-amd64/]
[INFO] [INFO] Building jar: /home/andrea/WicketBuild/wicket-10.x/target/checkout/wicket-core/target/wicket-core-10.11.0-javadoc.jar
[INFO] [INFO] 
[INFO] [INFO] --- checksum:1.11:artifacts (source-release-checksum) @ wicket-core ---
[INFO] [INFO] 
[INFO] [INFO] --- japicmp:0.25.4:cmp (default) @ wicket-core ---
[INFO] [INFO] Written file '/home/andrea/WicketBuild/wicket-10.x/target/checkout/wicket-core/target/japicmp/japicmp.diff'.
[INFO] [INFO] Written file '/home/andrea/WicketBuild/wicket-10.x/target/checkout/wicket-core/target/japicmp/japicmp.md'.
[INFO] [INFO] 
[INFO] [INFO] --- gpg:3.2.8:sign (sign-release-artifacts) @ wicket-core ---
[INFO] [INFO] Signer 'gpg' is signing 4 files with key default
[INFO] gpg: using "0xD1AE986470B5A49C3E6A27B2878F01FAA8D356E1" as default secret key for signing
[INFO] gpg: using "0xD1AE986470B5A49C3E6A27B2878F01FAA8D356E1" as default secret key for signing
[INFO] gpg: using "0xD1AE986470B5A49C3E6A27B2878F01FAA8D356E1" as default secret key for signing
[INFO] gpg: using "0xD1AE986470B5A49C3E6A27B2878F01FAA8D356E1" as default secret key for signing
[INFO] [INFO] 
[INFO] [INFO] --- install:3.1.4:install (default-install) @ wicket-core ---
[INFO] [INFO] Installing /home/andrea/WicketBuild/wicket-10.x/target/checkout/wicket-core/pom.xml to /home/andrea/.m2/repository/org/apache/wicket/wicket-core/10.11.0/wicket-core-10.11.0.pom
[INFO] [INFO] Installing /home/andrea/WicketBuild/wicket-10.x/target/checkout/wicket-core/target/wicket-core-10.11.0.jar to /home/andrea/.m2/repository/org/apache/wicket/wicket-core/10.11.0/wicket-core-10.11.0.jar
[INFO] [INFO] Installing /home/andrea/WicketBuild/wicket-10.x/target/checkout/wicket-core/target/wicket-core-10.11.0-sources.jar to /home/andrea/.m2/repository/org/apache/wicket/wicket-core/10.11.0/wicket-core-10.11.0-sources.jar
[INFO] [INFO] Installing /home/andrea/WicketBuild/wicket-10.x/target/checkout/wicket-core/target/wicket-core-10.11.0-javadoc.jar to /home/andrea/.m2/repository/org/apache/wicket/wicket-core/10.11.0/wicket-core-10.11.0-javadoc.jar
[INFO] [INFO] Installing /home/andrea/WicketBuild/wicket-10.x/target/checkout/wicket-core/target/wicket-core-10.11.0.jar.asc to /home/andrea/.m2/repository/org/apache/wicket/wicket-core/10.11.0/wicket-core-10.11.0.jar.asc
[INFO] [INFO] Installing /home/andrea/WicketBuild/wicket-10.x/target/checkout/wicket-core/target/wicket-core-10.11.0.pom.asc to /home/andrea/.m2/repository/org/apache/wicket/wicket-core/10.11.0/wicket-core-10.11.0.pom.asc
[INFO] [INFO] Installing /home/andrea/WicketBuild/wicket-10.x/target/checkout/wicket-core/target/wicket-core-10.11.0-sources.jar.asc to /home/andrea/.m2/repository/org/apache/wicket/wicket-core/10.11.0/wicket-core-10.11.0-sources.jar.asc
[INFO] [INFO] Installing /home/andrea/WicketBuild/wicket-10.x/target/checkout/wicket-core/target/wicket-core-10.11.0-javadoc.jar.asc to /home/andrea/.m2/repository/org/apache/wicket/wicket-core/10.11.0/wicket-core-10.11.0-javadoc.jar.asc
[INFO] [INFO] 
[INFO] [INFO] --- gpg:3.2.8:sign (sign-artifacts) @ wicket-core ---
[INFO] [INFO] Signer 'gpg' is signing 4 files with key default
[INFO] gpg: using "0xD1AE986470B5A49C3E6A27B2878F01FAA8D356E1" as default secret key for signing
[INFO] [WARNING] artifact org.apache.wicket:wicket-core:jar.asc:10.11.0 already attached, replace previous instance
[INFO] gpg: using "0xD1AE986470B5A49C3E6A27B2878F01FAA8D356E1" as default secret key for signing
[INFO] [WARNING] artifact org.apache.wicket:wicket-core:pom.asc:10.11.0 already attached, replace previous instance
[INFO] gpg: using "0xD1AE986470B5A49C3E6A27B2878F01FAA8D356E1" as default secret key for signing
[INFO] [WARNING] artifact org.apache.wicket:wicket-core:jar.asc:sources:10.11.0 already attached, replace previous instance
[INFO] gpg: using "0xD1AE986470B5A49C3E6A27B2878F01FAA8D356E1" as default secret key for signing
[INFO] [WARNING] artifact org.apache.wicket:wicket-core:jar.asc:javadoc:10.11.0 already attached, replace previous instance
[INFO] [INFO] 
[INFO] [INFO] --- deploy:3.1.4:deploy (default-deploy) @ wicket-core ---
[INFO] Uploading to apache.releases.https: https://repository.apache.org/service/local/staging/deploy/maven2/org/apache/wicket/wicket-core/10.11.0/wicket-core-10.11.0.pom
[INFO] Progress (1): 8.6 kB
[INFO]                     
[INFO] Uploaded to apache.releases.https: https://repository.apache.org/service/local/staging/deploy/maven2/org/apache/wicket/wicket-core/10.11.0/wicket-core-10.11.0.pom (8.6 kB at 11 kB/s)
[INFO] Uploading to apache.releases.https: https://repository.apache.org/service/local/staging/deploy/maven2/org/apache/wicket/wicket-core/10.11.0/wicket-core-10.11.0.jar
[INFO] Uploading to apache.releases.https: https://repository.apache.org/service/local/staging/deploy/maven2/org/apache/wicket/wicket-core/10.11.0/wicket-core-10.11.0-sources.jar
[INFO] Uploading to apache.releases.https: https://repository.apache.org/service/local/staging/deploy/maven2/org/apache/wicket/wicket-core/10.11.0/wicket-core-10.11.0-javadoc.jar
[INFO] Uploading to apache.releases.https: https://repository.apache.org/service/local/staging/deploy/maven2/org/apache/wicket/wicket-core/10.11.0/wicket-core-10.11.0.jar.asc
[INFO] Uploading to apache.releases.https: https://repository.apache.org/service/local/staging/deploy/maven2/org/apache/wicket/wicket-core/10.11.0/wicket-core-10.11.0.pom.asc
[INFO] Progress (1): 0/2.3 MB
[INFO] Progress (1): 0.1/2.3 MB
[INFO] Progress (1): 0.1/2.3 MB
[INFO] Progress (1): 0.1/2.3 MB
[INFO] Progress (1): 0.2/2.3 MB
[INFO] Progress (2): 0.2/2.3 MB | 833 B
[INFO] Progress (3): 0.2/2.3 MB | 833 B | 0/2.0 MB
[INFO] Progress (3): 0.2/2.3 MB | 833 B | 0.1/2.0 MB
[INFO] Progress (3): 0.2/2.3 MB | 833 B | 0.1/2.0 MB
[INFO] Progress (4): 0.2/2.3 MB | 833 B | 0.1/2.0 MB | 833 B
[INFO] Progress (5): 0.2/2.3 MB | 833 B | 0.1/2.0 MB | 833 B | 0/11 MB
[INFO] Progress (5): 0.2/2.3 MB | 833 B | 0.1/2.0 MB | 833 B | 0.1/11 MB
[INFO] Progress (5): 0.2/2.3 MB | 833 B | 0.1/2.0 MB | 833 B | 0.1/11 MB
[INFO] Progress (5): 0.2/2.3 MB | 833 B | 0.1/2.0 MB | 833 B | 0.1/11 MB
[INFO] Progress (5): 0.2/2.3 MB | 833 B | 0.1/2.0 MB | 833 B | 0.1/11 MB
[INFO] Progress (5): 0.3/2.3 MB | 833 B | 0.1/2.0 MB | 833 B | 0.1/11 MB
[INFO] Progress (5): 0.3/2.3 MB | 833 B | 0.1/2.0 MB | 833 B | 0.1/11 MB
[INFO] Progress (5): 0.3/2.3 MB | 833 B | 0.1/2.0 MB | 833 B | 0.1/11 MB
[INFO] Progress (5): 0.4/2.3 MB | 833 B | 0.1/2.0 MB | 833 B | 0.1/11 MB
[INFO] Progress (5): 0.4/2.3 MB | 833 B | 0.1/2.0 MB | 833 B | 0.1/11 MB
[INFO] Progress (5): 0.4/2.3 MB | 833 B | 0.1/2.0 MB | 833 B | 0.1/11 MB
[INFO]                                                                  
[INFO] Uploaded to apache.releases.https: https://repository.apache.org/service/local/staging/deploy/maven2/org/apache/wicket/wicket-core/10.11.0/wicket-core-10.11.0.pom.asc (833 B at 2.4 kB/s)
[INFO] Uploading to apache.releases.https: https://repository.apache.org/service/local/staging/deploy/maven2/org/apache/wicket/wicket-core/10.11.0/wicket-core-10.11.0-sources.jar.asc
[INFO] Uploaded to apache.releases.https: https://repository.apache.org/service/local/staging/deploy/maven2/org/apache/wicket/wicket-core/10.11.0/wicket-core-10.11.0.jar.asc (833 B at 2.2 kB/s)
[INFO] Uploading to apache.releases.https: https://repository.apache.org/service/local/staging/deploy/maven2/org/apache/wicket/wicket-core/10.11.0/wicket-core-10.11.0-javadoc.jar.asc
[INFO] Progress (3): 0.5/2.3 MB | 0.1/2.0 MB | 0.1/11 MB
[INFO] Progress (3): 0.5/2.3 MB | 0.1/2.0 MB | 0.1/11 MB
[INFO] Progress (3): 0.5/2.3 MB | 0.1/2.0 MB | 0.1/11 MB
[INFO] Progress (3): 0.6/2.3 MB | 0.1/2.0 MB | 0.1/11 MB
[INFO] Progress (3): 0.6/2.3 MB | 0.1/2.0 MB | 0.1/11 MB
[INFO] Progress (3): 0.6/2.3 MB | 0.1/2.0 MB | 0.1/11 MB
[INFO] Progress (3): 0.7/2.3 MB | 0.1/2.0 MB | 0.1/11 MB
[INFO] Progress (3): 0.7/2.3 MB | 0.1/2.0 MB | 0.1/11 MB
[INFO] Progress (3): 0.7/2.3 MB | 0.1/2.0 MB | 0.1/11 MB
[INFO] Progress (3): 0.8/2.3 MB | 0.1/2.0 MB | 0.1/11 MB
[INFO] Progress (3): 0.8/2.3 MB | 0.1/2.0 MB | 0.1/11 MB
[INFO] Progress (3): 0.8/2.3 MB | 0.1/2.0 MB | 0.1/11 MB
[INFO] Progress (3): 0.9/2.3 MB | 0.1/2.0 MB | 0.1/11 MB
[INFO] Progress (3): 0.9/2.3 MB | 0.1/2.0 MB | 0.1/11 MB
[INFO] Progress (3): 0.9/2.3 MB | 0.1/2.0 MB | 0.1/11 MB
[INFO] Progress (3): 1.0/2.3 MB | 0.1/2.0 MB | 0.1/11 MB
[INFO] Progress (3): 1.0/2.3 MB | 0.1/2.0 MB | 0.1/11 MB
[INFO] Progress (3): 1.0/2.3 MB | 0.1/2.0 MB | 0.1/11 MB
[INFO] Progress (3): 1.0/2.3 MB | 0.2/2.0 MB | 0.1/11 MB
[INFO] Progress (4): 1.0/2.3 MB | 0.2/2.0 MB | 0.1/11 MB | 833 B
[INFO] Progress (4): 1.0/2.3 MB | 0.2/2.0 MB | 0.1/11 MB | 833 B
[INFO] Progress (4): 1.0/2.3 MB | 0.2/2.0 MB | 0.2/11 MB | 833 B
[INFO] Progress (5): 1.0/2.3 MB | 0.2/2.0 MB | 0.2/11 MB | 833 B | 833 B
[INFO] Progress (5): 1.0/2.3 MB | 0.2/2.0 MB | 0.2/11 MB | 833 B | 833 B
[INFO] Progress (5): 1.0/2.3 MB | 0.2/2.0 MB | 0.2/11 MB | 833 B | 833 B
[INFO] Progress (5): 1.1/2.3 MB | 0.2/2.0 MB | 0.2/11 MB | 833 B | 833 B
[INFO] Progress (5): 1.1/2.3 MB | 0.2/2.0 MB | 0.2/11 MB | 833 B | 833 B
[INFO] Progress (5): 1.1/2.3 MB | 0.2/2.0 MB | 0.2/11 MB | 833 B | 833 B
[INFO] Progress (5): 1.2/2.3 MB | 0.2/2.0 MB | 0.2/11 MB | 833 B | 833 B
[INFO] Progress (5): 1.2/2.3 MB | 0.2/2.0 MB | 0.2/11 MB | 833 B | 833 B
[INFO] Progress (5): 1.2/2.3 MB | 0.2/2.0 MB | 0.2/11 MB | 833 B | 833 B
[INFO] Progress (5): 1.3/2.3 MB | 0.2/2.0 MB | 0.2/11 MB | 833 B | 833 B
[INFO] Progress (5): 1.3/2.3 MB | 0.2/2.0 MB | 0.2/11 MB | 833 B | 833 B
[INFO] Progress (5): 1.3/2.3 MB | 0.2/2.0 MB | 0.2/11 MB | 833 B | 833 B
[INFO] Progress (5): 1.4/2.3 MB | 0.2/2.0 MB | 0.2/11 MB | 833 B | 833 B
[INFO] Progress (5): 1.4/2.3 MB | 0.2/2.0 MB | 0.2/11 MB | 833 B | 833 B
[INFO] Progress (5): 1.4/2.3 MB | 0.2/2.0 MB | 0.2/11 MB | 833 B | 833 B
[INFO] Progress (5): 1.4/2.3 MB | 0.2/2.0 MB | 0.2/11 MB | 833 B | 833 B
[INFO]                                                                  
[INFO] Uploaded to apache.releases.https: https://repository.apache.org/service/local/staging/deploy/maven2/org/apache/wicket/wicket-core/10.11.0/wicket-core-10.11.0-sources.jar.asc (833 B at 1.4 kB/s)
[INFO] Progress (4): 1.4/2.3 MB | 0.2/2.0 MB | 0.2/11 MB | 833 B
[INFO] Progress (4): 1.5/2.3 MB | 0.2/2.0 MB | 0.2/11 MB | 833 B
[INFO] Progress (4): 1.5/2.3 MB | 0.2/2.0 MB | 0.2/11 MB | 833 B
[INFO] Progress (4): 1.5/2.3 MB | 0.2/2.0 MB | 0.2/11 MB | 833 B
[INFO] Progress (4): 1.6/2.3 MB | 0.2/2.0 MB | 0.2/11 MB | 833 B
[INFO] Progress (4): 1.6/2.3 MB | 0.2/2.0 MB | 0.2/11 MB | 833 B
[INFO] Progress (4): 1.6/2.3 MB | 0.2/2.0 MB | 0.2/11 MB | 833 B
[INFO] Progress (4): 1.7/2.3 MB | 0.2/2.0 MB | 0.2/11 MB | 833 B
[INFO] Progress (4): 1.7/2.3 MB | 0.2/2.0 MB | 0.2/11 MB | 833 B
[INFO] Progress (4): 1.7/2.3 MB | 0.2/2.0 MB | 0.2/11 MB | 833 B
[INFO] Progress (4): 1.8/2.3 MB | 0.2/2.0 MB | 0.2/11 MB | 833 B
[INFO] Progress (4): 1.8/2.3 MB | 0.2/2.0 MB | 0.2/11 MB | 833 B
[INFO] Progress (4): 1.8/2.3 MB | 0.2/2.0 MB | 0.2/11 MB | 833 B
[INFO] Progress (4): 1.9/2.3 MB | 0.2/2.0 MB | 0.2/11 MB | 833 B
[INFO] Progress (4): 1.9/2.3 MB | 0.2/2.0 MB | 0.2/11 MB | 833 B
[INFO] Progress (4): 1.9/2.3 MB | 0.2/2.0 MB | 0.2/11 MB | 833 B
[INFO] Progress (4): 2.0/2.3 MB | 0.2/2.0 MB | 0.2/11 MB | 833 B
[INFO] Progress (4): 2.0/2.3 MB | 0.2/2.0 MB | 0.2/11 MB | 833 B
[INFO] Progress (4): 2.0/2.3 MB | 0.2/2.0 MB | 0.2/11 MB | 833 B
[INFO] Progress (4): 2.1/2.3 MB | 0.2/2.0 MB | 0.2/11 MB | 833 B
[INFO] Progress (4): 2.1/2.3 MB | 0.2/2.0 MB | 0.2/11 MB | 833 B
[INFO] Progress (4): 2.1/2.3 MB | 0.2/2.0 MB | 0.2/11 MB | 833 B
[INFO] Progress (4): 2.1/2.3 MB | 0.2/2.0 MB | 0.3/11 MB | 833 B
[INFO]                                                          
[INFO] Uploaded to apache.releases.https: https://repository.apache.org/service/local/staging/deploy/maven2/org/apache/wicket/wicket-core/10.11.0/wicket-core-10.11.0-javadoc.jar.asc (833 B at 883 B/s)
[INFO] Progress (3): 2.1/2.3 MB | 0.3/2.0 MB | 0.3/11 MB
[INFO] Progress (3): 2.1/2.3 MB | 0.3/2.0 MB | 0.3/11 MB
[INFO] Progress (3): 2.1/2.3 MB | 0.3/2.0 MB | 0.3/11 MB
[INFO] Progress (3): 2.1/2.3 MB | 0.4/2.0 MB | 0.3/11 MB
[INFO] Progress (3): 2.1/2.3 MB | 0.4/2.0 MB | 0.3/11 MB
[INFO] Progress (3): 2.1/2.3 MB | 0.4/2.0 MB | 0.3/11 MB
[INFO] Progress (3): 2.1/2.3 MB | 0.4/2.0 MB | 0.3/11 MB
[INFO] Progress (3): 2.2/2.3 MB | 0.4/2.0 MB | 0.3/11 MB
[INFO] Progress (3): 2.2/2.3 MB | 0.4/2.0 MB | 0.3/11 MB
[INFO] Progress (3): 2.2/2.3 MB | 0.4/2.0 MB | 0.3/11 MB
[INFO] Progress (3): 2.3/2.3 MB | 0.4/2.0 MB | 0.3/11 MB
[INFO] Progress (3): 2.3 MB | 0.4/2.0 MB | 0.3/11 MB    
[INFO] Progress (3): 2.3 MB | 0.4/2.0 MB | 0.3/11 MB
[INFO] Progress (3): 2.3 MB | 0.4/2.0 MB | 0.3/11 MB
[INFO] Progress (3): 2.3 MB | 0.4/2.0 MB | 0.4/11 MB
[INFO] Progress (3): 2.3 MB | 0.4/2.0 MB | 0.4/11 MB
[INFO] Progress (3): 2.3 MB | 0.4/2.0 MB | 0.4/11 MB
[INFO] Progress (3): 2.3 MB | 0.4/2.0 MB | 0.4/11 MB
[INFO] Progress (3): 2.3 MB | 0.5/2.0 MB | 0.4/11 MB
[INFO] Progress (3): 2.3 MB | 0.5/2.0 MB | 0.4/11 MB
[INFO] Progress (3): 2.3 MB | 0.5/2.0 MB | 0.4/11 MB
[INFO] Progress (3): 2.3 MB | 0.5/2.0 MB | 0.5/11 MB
[INFO] Progress (3): 2.3 MB | 0.5/2.0 MB | 0.5/11 MB
[INFO] Progress (3): 2.3 MB | 0.5/2.0 MB | 0.5/11 MB
[INFO] Progress (3): 2.3 MB | 0.5/2.0 MB | 0.6/11 MB
[INFO] Progress (3): 2.3 MB | 0.6/2.0 MB | 0.6/11 MB
[INFO] Progress (3): 2.3 MB | 0.6/2.0 MB | 0.6/11 MB
[INFO] Progress (3): 2.3 MB | 0.6/2.0 MB | 0.6/11 MB
[INFO] Progress (3): 2.3 MB | 0.7/2.0 MB | 0.6/11 MB
[INFO] Progress (3): 2.3 MB | 0.7/2.0 MB | 0.6/11 MB
[INFO] Progress (3): 2.3 MB | 0.7/2.0 MB | 0.6/11 MB
[INFO] Progress (3): 2.3 MB | 0.7/2.0 MB | 0.7/11 MB
[INFO] Progress (3): 2.3 MB | 0.7/2.0 MB | 0.7/11 MB
[INFO] Progress (3): 2.3 MB | 0.7/2.0 MB | 0.7/11 MB
[INFO] Progress (3): 2.3 MB | 0.7/2.0 MB | 0.7/11 MB
[INFO] Progress (3): 2.3 MB | 0.8/2.0 MB | 0.7/11 MB
[INFO] Progress (3): 2.3 MB | 0.8/2.0 MB | 0.7/11 MB
[INFO]                                              
[INFO] Uploaded to apache.releases.https: https://repository.apache.org/service/local/staging/deploy/maven2/org/apache/wicket/wicket-core/10.11.0/wicket-core-10.11.0.jar (2.3 MB at 686 kB/s)
[INFO] Progress (2): 0.8/2.0 MB | 0.7/11 MB
[INFO] Progress (2): 0.9/2.0 MB | 0.7/11 MB
[INFO] Progress (2): 0.9/2.0 MB | 0.7/11 MB
[INFO] Progress (2): 0.9/2.0 MB | 0.7/11 MB
[INFO] Progress (2): 0.9/2.0 MB | 0.7/11 MB
[INFO] Progress (2): 0.9/2.0 MB | 0.8/11 MB
[INFO] Progress (2): 0.9/2.0 MB | 0.8/11 MB
[INFO] Progress (2): 0.9/2.0 MB | 0.8/11 MB
[INFO] Progress (2): 1.0/2.0 MB | 0.8/11 MB
[INFO] Progress (2): 1.0/2.0 MB | 0.8/11 MB
[INFO] Progress (2): 1.0/2.0 MB | 0.8/11 MB
[INFO] Progress (2): 1.0/2.0 MB | 0.8/11 MB
[INFO] Progress (2): 1.0/2.0 MB | 0.9/11 MB
[INFO] Progress (2): 1.0/2.0 MB | 0.9/11 MB
[INFO] Progress (2): 1.0/2.0 MB | 0.9/11 MB
[INFO] Progress (2): 1.0/2.0 MB | 1.0/11 MB
[INFO] Progress (2): 1.1/2.0 MB | 1.0/11 MB
[INFO] Progress (2): 1.1/2.0 MB | 1.0/11 MB
[INFO] Progress (2): 1.1/2.0 MB | 1.0/11 MB
[INFO] Progress (2): 1.2/2.0 MB | 1.0/11 MB
[INFO] Progress (2): 1.2/2.0 MB | 1.0/11 MB
[INFO] Progress (2): 1.2/2.0 MB | 1.0/11 MB
[INFO] Progress (2): 1.2/2.0 MB | 1.0/11 MB
[INFO] Progress (2): 1.2/2.0 MB | 1.1/11 MB
[INFO] Progress (2): 1.2/2.0 MB | 1.1/11 MB
[INFO] Progress (2): 1.2/2.0 MB | 1.1/11 MB
[INFO] Progress (2): 1.3/2.0 MB | 1.1/11 MB
[INFO] Progress (2): 1.3/2.0 MB | 1.1/11 MB
[INFO] Progress (2): 1.3/2.0 MB | 1.1/11 MB
[INFO] Progress (2): 1.3/2.0 MB | 1.1/11 MB
[INFO] Progress (2): 1.3/2.0 MB | 1.2/11 MB
[INFO] Progress (2): 1.3/2.0 MB | 1.2/11 MB
[INFO] Progress (2): 1.4/2.0 MB | 1.2/11 MB
[INFO] Progress (2): 1.4/2.0 MB | 1.2/11 MB
[INFO] Progress (2): 1.4/2.0 MB | 1.2/11 MB
[INFO] Progress (2): 1.4/2.0 MB | 1.2/11 MB
[INFO] Progress (2): 1.4/2.0 MB | 1.2/11 MB
[INFO] Progress (2): 1.4/2.0 MB | 1.3/11 MB
[INFO] Progress (2): 1.4/2.0 MB | 1.3/11 MB
[INFO] Progress (2): 1.5/2.0 MB | 1.3/11 MB
[INFO] Progress (2): 1.5/2.0 MB | 1.3/11 MB
[INFO] Progress (2): 1.5/2.0 MB | 1.3/11 MB
[INFO] Progress (2): 1.6/2.0 MB | 1.3/11 MB
[INFO] Progress (2): 1.6/2.0 MB | 1.3/11 MB
[INFO] Progress (2): 1.6/2.0 MB | 1.4/11 MB
[INFO] Progress (2): 1.6/2.0 MB | 1.4/11 MB
[INFO] Progress (2): 1.6/2.0 MB | 1.4/11 MB
[INFO] Progress (2): 1.6/2.0 MB | 1.4/11 MB
[INFO] Progress (2): 1.6/2.0 MB | 1.4/11 MB
[INFO] Progress (2): 1.7/2.0 MB | 1.4/11 MB
[INFO] Progress (2): 1.7/2.0 MB | 1.4/11 MB
[INFO] Progress (2): 1.7/2.0 MB | 1.4/11 MB
[INFO] Progress (2): 1.8/2.0 MB | 1.4/11 MB
[INFO] Progress (2): 1.8/2.0 MB | 1.4/11 MB
[INFO] Progress (2): 1.8/2.0 MB | 1.5/11 MB
[INFO] Progress (2): 1.8/2.0 MB | 1.5/11 MB
[INFO] Progress (2): 1.8/2.0 MB | 1.5/11 MB
[INFO] Progress (2): 1.8/2.0 MB | 1.6/11 MB
[INFO] Progress (2): 1.8/2.0 MB | 1.6/11 MB
[INFO] Progress (2): 1.9/2.0 MB | 1.6/11 MB
[INFO] Progress (2): 1.9/2.0 MB | 1.6/11 MB
[INFO] Progress (2): 1.9/2.0 MB | 1.6/11 MB
[INFO] Progress (2): 1.9/2.0 MB | 1.6/11 MB
[INFO] Progress (2): 1.9/2.0 MB | 1.6/11 MB
[INFO] Progress (2): 1.9/2.0 MB | 1.7/11 MB
[INFO] Progress (2): 1.9/2.0 MB | 1.7/11 MB
[INFO] Progress (2): 2.0/2.0 MB | 1.7/11 MB
[INFO] Progress (2): 2.0/2.0 MB | 1.7/11 MB
[INFO] Progress (2): 2.0 MB | 1.7/11 MB    
[INFO] Progress (2): 2.0 MB | 1.7/11 MB
[INFO] Progress (2): 2.0 MB | 1.8/11 MB
[INFO] Progress (2): 2.0 MB | 1.8/11 MB
[INFO] Progress (2): 2.0 MB | 1.8/11 MB
[INFO] Progress (2): 2.0 MB | 1.9/11 MB
[INFO] Progress (2): 2.0 MB | 1.9/11 MB
[INFO] Progress (2): 2.0 MB | 1.9/11 MB
[INFO] Progress (2): 2.0 MB | 2.0/11 MB
[INFO] Progress (2): 2.0 MB | 2.0/11 MB
[INFO] Progress (2): 2.0 MB | 2.0/11 MB
[INFO] Progress (2): 2.0 MB | 2.1/11 MB
[INFO] Progress (2): 2.0 MB | 2.1/11 MB
[INFO] Progress (2): 2.0 MB | 2.1/11 MB
[INFO] Progress (2): 2.0 MB | 2.2/11 MB
[INFO] Progress (2): 2.0 MB | 2.2/11 MB
[INFO] Progress (2): 2.0 MB | 2.2/11 MB
[INFO]                                 
[INFO] Uploaded to apache.releases.https: https://repository.apache.org/service/local/staging/deploy/maven2/org/apache/wicket/wicket-core/10.11.0/wicket-core-10.11.0-sources.jar (2.0 MB at 317 kB/s)
[INFO] Progress (1): 2.3/11 MB
[INFO] Progress (1): 2.3/11 MB
[INFO] Progress (1): 2.3/11 MB
[INFO] Progress (1): 2.4/11 MB
[INFO] Progress (1): 2.4/11 MB
[INFO] Progress (1): 2.4/11 MB
[INFO] Progress (1): 2.5/11 MB
[INFO] Progress (1): 2.5/11 MB
[INFO] Progress (1): 2.5/11 MB
[INFO] Progress (1): 2.6/11 MB
[INFO] Progress (1): 2.6/11 MB
[INFO] Progress (1): 2.6/11 MB
[INFO] Progress (1): 2.7/11 MB
[INFO] Progress (1): 2.7/11 MB
[INFO] Progress (1): 2.7/11 MB
[INFO] Progress (1): 2.8/11 MB
[INFO] Progress (1): 2.8/11 MB
[INFO] Progress (1): 2.8/11 MB
[INFO] Progress (1): 2.9/11 MB
[INFO] Progress (1): 2.9/11 MB
[INFO] Progress (1): 2.9/11 MB
[INFO] Progress (1): 2.9/11 MB
[INFO] Progress (1): 3.0/11 MB
[INFO] Progress (1): 3.0/11 MB
[INFO] Progress (1): 3.0/11 MB
[INFO] Progress (1): 3.1/11 MB
[INFO] Progress (1): 3.1/11 MB
[INFO] Progress (1): 3.1/11 MB
[INFO] Progress (1): 3.2/11 MB
[INFO] Progress (1): 3.2/11 MB
[INFO] Progress (1): 3.2/11 MB
[INFO] Progress (1): 3.3/11 MB
[INFO] Progress (1): 3.3/11 MB
[INFO] Progress (1): 3.3/11 MB
[INFO] Progress (1): 3.4/11 MB
[INFO] Progress (1): 3.4/11 MB
[INFO] Progress (1): 3.4/11 MB
[INFO] Progress (1): 3.5/11 MB
[INFO] Progress (1): 3.5/11 MB
[INFO] Progress (1): 3.5/11 MB
[INFO] Progress (1): 3.6/11 MB
[INFO] Progress (1): 3.6/11 MB
[INFO] Progress (1): 3.6/11 MB
[INFO] Progress (1): 3.7/11 MB
[INFO] Progress (1): 3.7/11 MB
[INFO] Progress (1): 3.7/11 MB
[INFO] Progress (1): 3.8/11 MB
[INFO] Progress (1): 3.8/11 MB
[INFO] Progress (1): 3.8/11 MB
[INFO] Progress (1): 3.9/11 MB
[INFO] Progress (1): 3.9/11 MB
[INFO] Progress (1): 3.9/11 MB
[INFO] Progress (1): 4.0/11 MB
[INFO] Progress (1): 4.0/11 MB
[INFO] Progress (1): 4.0/11 MB
[INFO] Progress (1): 4.1/11 MB
[INFO] Progress (1): 4.1/11 MB
[INFO] Progress (1): 4.1/11 MB
[INFO] Progress (1): 4.2/11 MB
[INFO] Progress (1): 4.2/11 MB
[INFO] Progress (1): 4.2/11 MB
[INFO] Progress (1): 4.3/11 MB
[INFO] Progress (1): 4.3/11 MB
[INFO] Progress (1): 4.3/11 MB
[INFO] Progress (1): 4.4/11 MB
[INFO] Progress (1): 4.4/11 MB
[INFO] Progress (1): 4.4/11 MB
[INFO] Progress (1): 4.5/11 MB
[INFO] Progress (1): 4.5/11 MB
[INFO] Progress (1): 4.5/11 MB
[INFO] Progress (1): 4.6/11 MB
[INFO] Progress (1): 4.6/11 MB
[INFO] Progress (1): 4.6/11 MB
[INFO] Progress (1): 4.7/11 MB
[INFO] Progress (1): 4.7/11 MB
[INFO] Progress (1): 4.7/11 MB
[INFO] Progress (1): 4.8/11 MB
[INFO] Progress (1): 4.8/11 MB
[INFO] Progress (1): 4.8/11 MB
[INFO] Progress (1): 4.8/11 MB
[INFO] Progress (1): 4.9/11 MB
[INFO] Progress (1): 4.9/11 MB
[INFO] Progress (1): 4.9/11 MB
[INFO] Progress (1): 5.0/11 MB
[INFO] Progress (1): 5.0/11 MB
[INFO] Progress (1): 5.0/11 MB
[INFO] Progress (1): 5.1/11 MB
[INFO] Progress (1): 5.1/11 MB
[INFO] Progress (1): 5.1/11 MB
[INFO] Progress (1): 5.2/11 MB
[INFO] Progress (1): 5.2/11 MB
[INFO] Progress (1): 5.2/11 MB
[INFO] Progress (1): 5.3/11 MB
[INFO] Progress (1): 5.3/11 MB
[INFO] Progress (1): 5.3/11 MB
[INFO] Progress (1): 5.4/11 MB
[INFO] Progress (1): 5.4/11 MB
[INFO] Progress (1): 5.4/11 MB
[INFO] Progress (1): 5.5/11 MB
[INFO] Progress (1): 5.5/11 MB
[INFO] Progress (1): 5.5/11 MB
[INFO] Progress (1): 5.6/11 MB
[INFO] Progress (1): 5.6/11 MB
[INFO] Progress (1): 5.6/11 MB
[INFO] Progress (1): 5.7/11 MB
[INFO] Progress (1): 5.7/11 MB
[INFO] Progress (1): 5.7/11 MB
[INFO] Progress (1): 5.8/11 MB
[INFO] Progress (1): 5.8/11 MB
[INFO] Progress (1): 5.8/11 MB
[INFO] Progress (1): 5.9/11 MB
[INFO] Progress (1): 5.9/11 MB
[INFO] Progress (1): 5.9/11 MB
[INFO] Progress (1): 6.0/11 MB
[INFO] Progress (1): 6.0/11 MB
[INFO] Progress (1): 6.0/11 MB
[INFO] Progress (1): 6.1/11 MB
[INFO] Progress (1): 6.1/11 MB
[INFO] Progress (1): 6.1/11 MB
[INFO] Progress (1): 6.2/11 MB
[INFO] Progress (1): 6.2/11 MB
[INFO] Progress (1): 6.2/11 MB
[INFO] Progress (1): 6.3/11 MB
[INFO] Progress (1): 6.3/11 MB
[INFO] Progress (1): 6.3/11 MB
[INFO] Progress (1): 6.4/11 MB
[INFO] Progress (1): 6.4/11 MB
[INFO] Progress (1): 6.4/11 MB
[INFO] Progress (1): 6.5/11 MB
[INFO] Progress (1): 6.5/11 MB
[INFO] Progress (1): 6.5/11 MB
[INFO] Progress (1): 6.6/11 MB
[INFO] Progress (1): 6.6/11 MB
[INFO] Progress (1): 6.6/11 MB
[INFO] Progress (1): 6.7/11 MB
[INFO] Progress (1): 6.7/11 MB
[INFO] Progress (1): 6.7/11 MB
[INFO] Progress (1): 6.8/11 MB
[INFO] Progress (1): 6.8/11 MB
[INFO] Progress (1): 6.8/11 MB
[INFO] Progress (1): 6.8/11 MB
[INFO] Progress (1): 6.9/11 MB
[INFO] Progress (1): 6.9/11 MB
[INFO] Progress (1): 6.9/11 MB
[INFO] Progress (1): 7.0/11 MB
[INFO] Progress (1): 7.0/11 MB
[INFO] Progress (1): 7.0/11 MB
[INFO] Progress (1): 7.1/11 MB
[INFO] Progress (1): 7.1/11 MB
[INFO] Progress (1): 7.1/11 MB
[INFO] Progress (1): 7.2/11 MB
[INFO] Progress (1): 7.2/11 MB
[INFO] Progress (1): 7.2/11 MB
[INFO] Progress (1): 7.3/11 MB
[INFO] Progress (1): 7.3/11 MB
[INFO] Progress (1): 7.3/11 MB
[INFO] Progress (1): 7.4/11 MB
[INFO] Progress (1): 7.4/11 MB
[INFO] Progress (1): 7.4/11 MB
[INFO] Progress (1): 7.5/11 MB
[INFO] Progress (1): 7.5/11 MB
[INFO] Progress (1): 7.5/11 MB
[INFO] Progress (1): 7.6/11 MB
[INFO] Progress (1): 7.6/11 MB
[INFO] Progress (1): 7.6/11 MB
[INFO] Progress (1): 7.7/11 MB
[INFO] Progress (1): 7.7/11 MB
[INFO] Progress (1): 7.7/11 MB
[INFO] Progress (1): 7.8/11 MB
[INFO] Progress (1): 7.8/11 MB
[INFO] Progress (1): 7.8/11 MB
[INFO] Progress (1): 7.9/11 MB
[INFO] Progress (1): 7.9/11 MB
[INFO] Progress (1): 7.9/11 MB
[INFO] Progress (1): 8.0/11 MB
[INFO] Progress (1): 8.0/11 MB
[INFO] Progress (1): 8.0/11 MB
[INFO] Progress (1): 8.1/11 MB
[INFO] Progress (1): 8.1/11 MB
[INFO] Progress (1): 8.1/11 MB
[INFO] Progress (1): 8.2/11 MB
[INFO] Progress (1): 8.2/11 MB
[INFO] Progress (1): 8.2/11 MB
[INFO] Progress (1): 8.3/11 MB
[INFO] Progress (1): 8.3/11 MB
[INFO] Progress (1): 8.3/11 MB
[INFO] Progress (1): 8.4/11 MB
[INFO] Progress (1): 8.4/11 MB
[INFO] Progress (1): 8.4/11 MB
[INFO] Progress (1): 8.5/11 MB
[INFO] Progress (1): 8.5/11 MB
[INFO] Progress (1): 8.5/11 MB
[INFO] Progress (1): 8.6/11 MB
[INFO] Progress (1): 8.6/11 MB
[INFO] Progress (1): 8.6/11 MB
[INFO] Progress (1): 8.7/11 MB
[INFO] Progress (1): 8.7/11 MB
[INFO] Progress (1): 8.7/11 MB
[INFO] Progress (1): 8.7/11 MB
[INFO] Progress (1): 8.8/11 MB
[INFO] Progress (1): 8.8/11 MB
[INFO] Progress (1): 8.8/11 MB
[INFO] Progress (1): 8.9/11 MB
[INFO] Progress (1): 8.9/11 MB
[INFO] Progress (1): 8.9/11 MB
[INFO] Progress (1): 9.0/11 MB
[INFO] Progress (1): 9.0/11 MB
[INFO] Progress (1): 9.0/11 MB
[INFO] Progress (1): 9.1/11 MB
[INFO] Progress (1): 9.1/11 MB
[INFO] Progress (1): 9.1/11 MB
[INFO] Progress (1): 9.2/11 MB
[INFO] Progress (1): 9.2/11 MB
[INFO] Progress (1): 9.2/11 MB
[INFO] Progress (1): 9.3/11 MB
[INFO] Progress (1): 9.3/11 MB
[INFO] Progress (1): 9.3/11 MB
[INFO] Progress (1): 9.4/11 MB
[INFO] Progress (1): 9.4/11 MB
[INFO] Progress (1): 9.4/11 MB
[INFO] Progress (1): 9.5/11 MB
[INFO] Progress (1): 9.5/11 MB
[INFO] Progress (1): 9.5/11 MB
[INFO] Progress (1): 9.6/11 MB
[INFO] Progress (1): 9.6/11 MB
[INFO] Progress (1): 9.6/11 MB
[INFO] Progress (1): 9.7/11 MB
[INFO] Progress (1): 9.7/11 MB
[INFO] Progress (1): 9.7/11 MB
[INFO] Progress (1): 9.8/11 MB
[INFO] Progress (1): 9.8/11 MB
[INFO] Progress (1): 9.8/11 MB
[INFO] Progress (1): 9.9/11 MB
[INFO] Progress (1): 9.9/11 MB
[INFO] Progress (1): 9.9/11 MB
[INFO] Progress (1): 10.0/11 MB
[INFO] Progress (1): 10.0/11 MB
[INFO] Progress (1): 10/11 MB  
[INFO] Progress (1): 10/11 MB
[INFO] Progress (1): 10/11 MB
[INFO] Progress (1): 10/11 MB
[INFO] Progress (1): 10/11 MB
[INFO] Progress (1): 10/11 MB
[INFO] Progress (1): 10/11 MB
[INFO] Progress (1): 10/11 MB
[INFO] Progress (1): 10/11 MB
[INFO] Progress (1): 10/11 MB
[INFO] Progress (1): 10/11 MB
[INFO] Progress (1): 10/11 MB
[INFO] Progress (1): 10/11 MB
[INFO] Progress (1): 10/11 MB
[INFO] Progress (1): 10/11 MB
[INFO] Progress (1): 11/11 MB
[INFO] Progress (1): 11/11 MB
[INFO] Progress (1): 11/11 MB
[INFO] Progress (1): 11/11 MB
[INFO] Progress (1): 11/11 MB
[INFO] Progress (1): 11/11 MB
[INFO] Progress (1): 11/11 MB
[INFO] Progress (1): 11/11 MB
[INFO] Progress (1): 11/11 MB
[INFO] Progress (1): 11/11 MB
[INFO] Progress (1): 11/11 MB
[INFO] Progress (1): 11/11 MB
[INFO] Progress (1): 11/11 MB
[INFO] Progress (1): 11/11 MB
[INFO] Progress (1): 11/11 MB
[INFO] Progress (1): 11/11 MB
[INFO] Progress (1): 11/11 MB
[INFO] Progress (1): 11/11 MB
[INFO] Progress (1): 11/11 MB
[INFO] Progress (1): 11/11 MB
[INFO] Progress (1): 11/11 MB
[INFO] Progress (1): 11/11 MB
[INFO] Progress (1): 11/11 MB
[INFO] Progress (1): 11 MB   
[INFO]                    
[INFO] Uploaded to apache.releases.https: https://repository.apache.org/service/local/staging/deploy/maven2/org/apache/wicket/wicket-core/10.11.0/wicket-core-10.11.0-javadoc.jar (11 MB at 725 kB/s)
[INFO] Downloading from apache.releases.https: https://repository.apache.org/service/local/staging/deploy/maven2/org/apache/wicket/wicket-core/maven-metadata.xml
[INFO] Uploading to apache.releases.https: https://repository.apache.org/service/local/staging/deploy/maven2/org/apache/wicket/wicket-core/maven-metadata.xml
[INFO] Progress (1): 312 B
[INFO]                    
[INFO] Uploaded to apache.releases.https: https://repository.apache.org/service/local/staging/deploy/maven2/org/apache/wicket/wicket-core/maven-metadata.xml (312 B at 568 B/s)
[INFO] [INFO] 
[INFO] [INFO] ----------------------< org.apache.wicket:wicket >----------------------
[INFO] [INFO] Building Wicket 10.11.0                                           [5/32]
[INFO] [INFO]   from wicket/pom.xml
[INFO] [INFO] --------------------------------[ pom ]---------------------------------
[INFO] [INFO] 
[INFO] [INFO] --- enforcer:3.6.2:enforce (enforce-maven) @ wicket ---
[INFO] [INFO] Rule 1: org.apache.maven.enforcer.rules.dependency.DependencyConvergence passed
[INFO] [INFO] Rule 2: com.github.ferstl.maven.pomenforcers.CompoundPedanticEnforcer(compound) passed
[INFO] [INFO] 
[INFO] [INFO] --- enforcer:3.6.2:enforce (enforce-maven-version) @ wicket ---
[INFO] [INFO] Rule 1: org.apache.maven.enforcer.rules.dependency.DependencyConvergence passed
[INFO] [INFO] Rule 2: com.github.ferstl.maven.pomenforcers.CompoundPedanticEnforcer(compound) passed
[INFO] [INFO] 
[INFO] [INFO] --- enforcer:3.6.2:enforce (enforce-java-version) @ wicket ---
[INFO] [INFO] Rule 1: org.apache.maven.enforcer.rules.dependency.DependencyConvergence passed
[INFO] [INFO] Rule 2: com.github.ferstl.maven.pomenforcers.CompoundPedanticEnforcer(compound) passed
[INFO] [INFO] 
[INFO] [INFO] --- toolchains:3.2.0:toolchain (default) @ wicket ---
[INFO] [INFO] Required toolchain: jdk [ version='17' ]
[INFO] [INFO] Found matching toolchain for type jdk: JDK[/usr/lib/jvm/temurin-17-jdk-amd64/]
[INFO] [INFO] 
[INFO] [INFO] --- resources:3.4.0:copy-resources (copy-resources) @ wicket ---
[INFO] [INFO] Copying 1 resource from src/main/filtered-resources to target/classes
[INFO] [INFO] 
[INFO] [INFO] --- remote-resources:3.3.0:process (default) @ wicket ---
[INFO] [INFO] Preparing remote bundle org.apache:apache-jar-resource-bundle:1.4
[INFO] [INFO] Copying 3 resources from 1 bundle.
[INFO] [INFO] 
[INFO] [INFO] --- remote-resources:3.3.0:process (process-resource-bundles) @ wicket ---
[INFO] [INFO] Preparing remote bundle org.apache.apache.resources:apache-jar-resource-bundle:1.7
[INFO] [INFO] Copying 3 resources from 1 bundle.
[INFO] [INFO] 
[INFO] [INFO] --- bundle:6.0.0:manifest (default-bundle) @ wicket ---
[INFO] [WARNING] Ignoring project type pom - supportedProjectTypes = [jar, bundle]
[INFO] [INFO] 
[INFO] [INFO] --- assembly:3.7.1:single (source-release-assembly) @ wicket ---
[INFO] [INFO] Skipping the assembly in this project because it's not the Execution Root
[INFO] [INFO] 
[INFO] [INFO] --- source:3.4.0:jar-no-fork (attach-sources) @ wicket ---
[INFO] [INFO] 
[INFO] [INFO] --- javadoc:3.12.0:jar (attach-javadocs) @ wicket ---
[INFO] [INFO] Not executing Javadoc as the project is not a Java classpath-capable package
[INFO] [INFO] 
[INFO] [INFO] --- jar:3.5.0:test-jar (default) @ wicket ---
[INFO] [INFO] Skipping packaging of the test-jar
[INFO] [INFO] 
[INFO] [INFO] --- build-helper:3.6.1:attach-artifact (attach-artifacts) @ wicket ---
[INFO] [INFO] 
[INFO] [INFO] --- checksum:1.11:artifacts (source-release-checksum) @ wicket ---
[INFO] [INFO] 
[INFO] [INFO] --- japicmp:0.25.4:cmp (default) @ wicket ---
[INFO] [INFO] Skipping module because packaging is 'pom'.
[INFO] [INFO] 
[INFO] [INFO] --- gpg:3.2.8:sign (sign-release-artifacts) @ wicket ---
[INFO] [INFO] Signer 'gpg' is signing 2 files with key default
[INFO] gpg: using "0xD1AE986470B5A49C3E6A27B2878F01FAA8D356E1" as default secret key for signing
[INFO] gpg: using "0xD1AE986470B5A49C3E6A27B2878F01FAA8D356E1" as default secret key for signing
[INFO] [INFO] 
[INFO] [INFO] --- install:3.1.4:install (default-install) @ wicket ---
[INFO] [INFO] Installing /home/andrea/WicketBuild/wicket-10.x/target/checkout/wicket/pom.xml to /home/andrea/.m2/repository/org/apache/wicket/wicket/10.11.0/wicket-10.11.0.pom
[INFO] [INFO] Installing /home/andrea/WicketBuild/wicket-10.x/target/checkout/wicket/target/classes/features.xml to /home/andrea/.m2/repository/org/apache/wicket/wicket/10.11.0/wicket-10.11.0-features.xml
[INFO] [INFO] Installing /home/andrea/WicketBuild/wicket-10.x/target/checkout/wicket/target/wicket-10.11.0.pom.asc to /home/andrea/.m2/repository/org/apache/wicket/wicket/10.11.0/wicket-10.11.0.pom.asc
[INFO] [INFO] Installing /home/andrea/WicketBuild/wicket-10.x/target/checkout/wicket/target/gpg/classes/features.xml.asc to /home/andrea/.m2/repository/org/apache/wicket/wicket/10.11.0/wicket-10.11.0-features.xml.asc
[INFO] [INFO] 
[INFO] [INFO] --- gpg:3.2.8:sign (sign-artifacts) @ wicket ---
[INFO] [INFO] Signer 'gpg' is signing 2 files with key default
[INFO] gpg: using "0xD1AE986470B5A49C3E6A27B2878F01FAA8D356E1" as default secret key for signing
[INFO] [WARNING] artifact org.apache.wicket:wicket:pom.asc:10.11.0 already attached, replace previous instance
[INFO] gpg: using "0xD1AE986470B5A49C3E6A27B2878F01FAA8D356E1" as default secret key for signing
[INFO] [WARNING] artifact org.apache.wicket:wicket:xml.asc:features:10.11.0 already attached, replace previous instance
[INFO] [INFO] 
[INFO] [INFO] --- deploy:3.1.4:deploy (default-deploy) @ wicket ---
[INFO] Uploading to apache.releases.https: https://repository.apache.org/service/local/staging/deploy/maven2/org/apache/wicket/wicket/10.11.0/wicket-10.11.0.pom
[INFO] Progress (1): 3.3 kB
[INFO]                     
[INFO] Uploaded to apache.releases.https: https://repository.apache.org/service/local/staging/deploy/maven2/org/apache/wicket/wicket/10.11.0/wicket-10.11.0.pom (3.3 kB at 6.0 kB/s)
[INFO] Uploading to apache.releases.https: https://repository.apache.org/service/local/staging/deploy/maven2/org/apache/wicket/wicket/10.11.0/wicket-10.11.0-features.xml
[INFO] Uploading to apache.releases.https: https://repository.apache.org/service/local/staging/deploy/maven2/org/apache/wicket/wicket/10.11.0/wicket-10.11.0.pom.asc
[INFO] Uploading to apache.releases.https: https://repository.apache.org/service/local/staging/deploy/maven2/org/apache/wicket/wicket/10.11.0/wicket-10.11.0-features.xml.asc
[INFO] Progress (1): 833 B
[INFO] Progress (2): 833 B | 1.4 kB
[INFO] Progress (3): 833 B | 1.4 kB | 833 B
[INFO]                                     
[INFO] Uploaded to apache.releases.https: https://repository.apache.org/service/local/staging/deploy/maven2/org/apache/wicket/wicket/10.11.0/wicket-10.11.0.pom.asc (833 B at 4.9 kB/s)
[INFO] Uploaded to apache.releases.https: https://repository.apache.org/service/local/staging/deploy/maven2/org/apache/wicket/wicket/10.11.0/wicket-10.11.0-features.xml.asc (833 B at 4.5 kB/s)
[INFO] Uploaded to apache.releases.https: https://repository.apache.org/service/local/staging/deploy/maven2/org/apache/wicket/wicket/10.11.0/wicket-10.11.0-features.xml (1.4 kB at 2.5 kB/s)
[INFO] Downloading from apache.releases.https: https://repository.apache.org/service/local/staging/deploy/maven2/org/apache/wicket/wicket/maven-metadata.xml
[INFO] Uploading to apache.releases.https: https://repository.apache.org/service/local/staging/deploy/maven2/org/apache/wicket/wicket/maven-metadata.xml
[INFO] Progress (1): 307 B
[INFO]                    
[INFO] Uploaded to apache.releases.https: https://repository.apache.org/service/local/staging/deploy/maven2/org/apache/wicket/wicket/maven-metadata.xml (307 B at 556 B/s)
[INFO] [INFO] 
[INFO] [INFO] ------------------< org.apache.wicket:wicket-tester >-------------------
[INFO] [INFO] Building Wicket Tester 10.11.0                                    [6/32]
[INFO] [INFO]   from wicket-tester/pom.xml
[INFO] [INFO] --------------------------------[ jar ]---------------------------------
[INFO] [INFO] 
[INFO] [INFO] --- enforcer:3.6.2:enforce (enforce-maven) @ wicket-tester ---
[INFO] [INFO] Rule 1: org.apache.maven.enforcer.rules.dependency.DependencyConvergence passed
[INFO] [INFO] Rule 2: com.github.ferstl.maven.pomenforcers.CompoundPedanticEnforcer(compound) passed
[INFO] [INFO] 
[INFO] [INFO] --- enforcer:3.6.2:enforce (enforce-maven-version) @ wicket-tester ---
[INFO] [INFO] Rule 1: org.apache.maven.enforcer.rules.dependency.DependencyConvergence passed
[INFO] [INFO] Rule 2: com.github.ferstl.maven.pomenforcers.CompoundPedanticEnforcer(compound) passed
[INFO] [INFO] 
[INFO] [INFO] --- enforcer:3.6.2:enforce (enforce-java-version) @ wicket-tester ---
[INFO] [INFO] Rule 1: org.apache.maven.enforcer.rules.dependency.DependencyConvergence passed
[INFO] [INFO] Rule 2: com.github.ferstl.maven.pomenforcers.CompoundPedanticEnforcer(compound) passed
[INFO] [INFO] 
[INFO] [INFO] --- toolchains:3.2.0:toolchain (default) @ wicket-tester ---
[INFO] [INFO] Required toolchain: jdk [ version='17' ]
[INFO] [INFO] Found matching toolchain for type jdk: JDK[/usr/lib/jvm/temurin-17-jdk-amd64/]
[INFO] [INFO] 
[INFO] [INFO] --- remote-resources:3.3.0:process (default) @ wicket-tester ---
[INFO] [INFO] Preparing remote bundle org.apache:apache-jar-resource-bundle:1.4
[INFO] [INFO] Copying 3 resources from 1 bundle.
[INFO] [INFO] 
[INFO] [INFO] --- remote-resources:3.3.0:process (process-resource-bundles) @ wicket-tester ---
[INFO] [INFO] Preparing remote bundle org.apache.apache.resources:apache-jar-resource-bundle:1.7
[INFO] [INFO] Copying 3 resources from 1 bundle.
[INFO] [INFO] 
[INFO] [INFO] --- resources:3.4.0:resources (default-resources) @ wicket-tester ---
[INFO] [INFO] Copying 2 resources from src/main/java to target/classes
[INFO] [INFO] Copying 0 resource from src/main/resources to target/classes
[INFO] [INFO] skip non existing resourceDirectory /home/andrea/WicketBuild/wicket-10.x/target/checkout/wicket-tester/target/generated-res
[INFO] [INFO] Copying 3 resources from target/maven-shared-archive-resources to target/classes
[INFO] [INFO] Copying 3 resources from target/maven-shared-archive-resources to target/classes
[INFO] [INFO] 
[INFO] [INFO] --- compiler:3.14.1:compile (default-compile) @ wicket-tester ---
[INFO] [INFO] Toolchain in maven-compiler-plugin: JDK[/usr/lib/jvm/temurin-17-jdk-amd64/]
[INFO] [INFO] Recompiling the module because of changed dependency.
[INFO] [INFO] Compiling 13 source files with javac [forked debug deprecation release 17 module-path] to target/classes
[INFO] [INFO] JDK-8318913 workaround: patched module-info.class requires version from [17.0.20.1] to [17] on 1 JDK modules [java.base]
[INFO] [INFO] 
[INFO] [INFO] --- bundle:6.0.0:manifest (default-bundle) @ wicket-tester ---
[INFO] [INFO] No MANIFEST.MF file found, generating manifest.
[INFO] [WARNING] Manifest org.apache.wicket:wicket-tester:jar:10.11.0 : Unused Export-Package instructions: [org.apache.wicket.tester*] 
[INFO] [INFO] Writing manifest: /home/andrea/WicketBuild/wicket-10.x/target/checkout/wicket-tester/target/classes/META-INF/MANIFEST.MF
[INFO] [INFO] 
[INFO] [INFO] --- resources:3.4.0:testResources (default-testResources) @ wicket-tester ---
[INFO] [INFO] skip non existing resourceDirectory /home/andrea/WicketBuild/wicket-10.x/target/checkout/wicket-tester/src/test/java
[INFO] [INFO] Copying 3 resources from target/maven-shared-archive-resources to target/test-classes
[INFO] [INFO] Copying 3 resources from target/maven-shared-archive-resources to target/test-classes
[INFO] [INFO] 
[INFO] [INFO] --- compiler:3.14.1:testCompile (default-testCompile) @ wicket-tester ---
[INFO] [INFO] Toolchain in maven-compiler-plugin: JDK[/usr/lib/jvm/temurin-17-jdk-amd64/]
[INFO] [INFO] No sources to compile
[INFO] [INFO] 
[INFO] [INFO] --- surefire:3.5.4:test (default-test) @ wicket-tester ---
[INFO] [INFO] Toolchain in maven-surefire-plugin: JDK[/usr/lib/jvm/temurin-17-jdk-amd64/]
[INFO] [INFO] 
[INFO] [INFO] --- jar:3.5.0:jar (default-jar) @ wicket-tester ---
[INFO] [INFO] Set Build-Jdk-Spec based on toolchain in maven-jar-plugin JDK[/usr/lib/jvm/temurin-17-jdk-amd64/]
[INFO] [INFO] Building jar: /home/andrea/WicketBuild/wicket-10.x/target/checkout/wicket-tester/target/wicket-tester-10.11.0.jar
[INFO] [INFO] 
[INFO] [INFO] --- assembly:3.7.1:single (source-release-assembly) @ wicket-tester ---
[INFO] [INFO] Skipping the assembly in this project because it's not the Execution Root
[INFO] [INFO] 
[INFO] [INFO] --- source:3.4.0:jar-no-fork (attach-sources) @ wicket-tester ---
[INFO] [INFO] Building jar: /home/andrea/WicketBuild/wicket-10.x/target/checkout/wicket-tester/target/wicket-tester-10.11.0-sources.jar
[INFO] [INFO] 
[INFO] [INFO] --- javadoc:3.12.0:jar (attach-javadocs) @ wicket-tester ---
[INFO] [INFO] Toolchain in maven-javadoc-plugin: JDK[/usr/lib/jvm/temurin-17-jdk-amd64/]
[INFO] [INFO] Building jar: /home/andrea/WicketBuild/wicket-10.x/target/checkout/wicket-tester/target/wicket-tester-10.11.0-javadoc.jar
[INFO] [INFO] 
[INFO] [INFO] --- checksum:1.11:artifacts (source-release-checksum) @ wicket-tester ---
[INFO] [INFO] 
[INFO] [INFO] --- japicmp:0.25.4:cmp (default) @ wicket-tester ---
[INFO] [INFO] Written file '/home/andrea/WicketBuild/wicket-10.x/target/checkout/wicket-tester/target/japicmp/japicmp.diff'.
[INFO] [INFO] Written file '/home/andrea/WicketBuild/wicket-10.x/target/checkout/wicket-tester/target/japicmp/japicmp.md'.
[INFO] [INFO] 
[INFO] [INFO] --- gpg:3.2.8:sign (sign-release-artifacts) @ wicket-tester ---
[INFO] [INFO] Signer 'gpg' is signing 4 files with key default
[INFO] gpg: using "0xD1AE986470B5A49C3E6A27B2878F01FAA8D356E1" as default secret key for signing
[INFO] gpg: using "0xD1AE986470B5A49C3E6A27B2878F01FAA8D356E1" as default secret key for signing
[INFO] gpg: using "0xD1AE986470B5A49C3E6A27B2878F01FAA8D356E1" as default secret key for signing
[INFO] gpg: using "0xD1AE986470B5A49C3E6A27B2878F01FAA8D356E1" as default secret key for signing
[INFO] [INFO] 
[INFO] [INFO] --- install:3.1.4:install (default-install) @ wicket-tester ---
[INFO] [INFO] Installing /home/andrea/WicketBuild/wicket-10.x/target/checkout/wicket-tester/pom.xml to /home/andrea/.m2/repository/org/apache/wicket/wicket-tester/10.11.0/wicket-tester-10.11.0.pom
[INFO] [INFO] Installing /home/andrea/WicketBuild/wicket-10.x/target/checkout/wicket-tester/target/wicket-tester-10.11.0.jar to /home/andrea/.m2/repository/org/apache/wicket/wicket-tester/10.11.0/wicket-tester-10.11.0.jar
[INFO] [INFO] Installing /home/andrea/WicketBuild/wicket-10.x/target/checkout/wicket-tester/target/wicket-tester-10.11.0-sources.jar to /home/andrea/.m2/repository/org/apache/wicket/wicket-tester/10.11.0/wicket-tester-10.11.0-sources.jar
[INFO] [INFO] Installing /home/andrea/WicketBuild/wicket-10.x/target/checkout/wicket-tester/target/wicket-tester-10.11.0-javadoc.jar to /home/andrea/.m2/repository/org/apache/wicket/wicket-tester/10.11.0/wicket-tester-10.11.0-javadoc.jar
[INFO] [INFO] Installing /home/andrea/WicketBuild/wicket-10.x/target/checkout/wicket-tester/target/wicket-tester-10.11.0.jar.asc to /home/andrea/.m2/repository/org/apache/wicket/wicket-tester/10.11.0/wicket-tester-10.11.0.jar.asc
[INFO] [INFO] Installing /home/andrea/WicketBuild/wicket-10.x/target/checkout/wicket-tester/target/wicket-tester-10.11.0.pom.asc to /home/andrea/.m2/repository/org/apache/wicket/wicket-tester/10.11.0/wicket-tester-10.11.0.pom.asc
[INFO] [INFO] Installing /home/andrea/WicketBuild/wicket-10.x/target/checkout/wicket-tester/target/wicket-tester-10.11.0-sources.jar.asc to /home/andrea/.m2/repository/org/apache/wicket/wicket-tester/10.11.0/wicket-tester-10.11.0-sources.jar.asc
[INFO] [INFO] Installing /home/andrea/WicketBuild/wicket-10.x/target/checkout/wicket-tester/target/wicket-tester-10.11.0-javadoc.jar.asc to /home/andrea/.m2/repository/org/apache/wicket/wicket-tester/10.11.0/wicket-tester-10.11.0-javadoc.jar.asc
[INFO] [INFO] 
[INFO] [INFO] --- gpg:3.2.8:sign (sign-artifacts) @ wicket-tester ---
[INFO] [INFO] Signer 'gpg' is signing 4 files with key default
[INFO] gpg: using "0xD1AE986470B5A49C3E6A27B2878F01FAA8D356E1" as default secret key for signing
[INFO] [WARNING] artifact org.apache.wicket:wicket-tester:jar.asc:10.11.0 already attached, replace previous instance
[INFO] gpg: using "0xD1AE986470B5A49C3E6A27B2878F01FAA8D356E1" as default secret key for signing
[INFO] [WARNING] artifact org.apache.wicket:wicket-tester:pom.asc:10.11.0 already attached, replace previous instance
[INFO] gpg: using "0xD1AE986470B5A49C3E6A27B2878F01FAA8D356E1" as default secret key for signing
[INFO] [WARNING] artifact org.apache.wicket:wicket-tester:jar.asc:sources:10.11.0 already attached, replace previous instance
[INFO] gpg: using "0xD1AE986470B5A49C3E6A27B2878F01FAA8D356E1" as default secret key for signing
[INFO] [WARNING] artifact org.apache.wicket:wicket-tester:jar.asc:javadoc:10.11.0 already attached, replace previous instance
[INFO] [INFO] 
[INFO] [INFO] --- deploy:3.1.4:deploy (default-deploy) @ wicket-tester ---
[INFO] Uploading to apache.releases.https: https://repository.apache.org/service/local/staging/deploy/maven2/org/apache/wicket/wicket-tester/10.11.0/wicket-tester-10.11.0.pom
[INFO] Progress (1): 2.3 kB
[INFO]                     
[INFO] Uploaded to apache.releases.https: https://repository.apache.org/service/local/staging/deploy/maven2/org/apache/wicket/wicket-tester/10.11.0/wicket-tester-10.11.0.pom (2.3 kB at 2.2 kB/s)
[INFO] Uploading to apache.releases.https: https://repository.apache.org/service/local/staging/deploy/maven2/org/apache/wicket/wicket-tester/10.11.0/wicket-tester-10.11.0.jar
[INFO] Uploading to apache.releases.https: https://repository.apache.org/service/local/staging/deploy/maven2/org/apache/wicket/wicket-tester/10.11.0/wicket-tester-10.11.0-sources.jar
[INFO] Uploading to apache.releases.https: https://repository.apache.org/service/local/staging/deploy/maven2/org/apache/wicket/wicket-tester/10.11.0/wicket-tester-10.11.0-javadoc.jar
[INFO] Uploading to apache.releases.https: https://repository.apache.org/service/local/staging/deploy/maven2/org/apache/wicket/wicket-tester/10.11.0/wicket-tester-10.11.0.jar.asc
[INFO] Uploading to apache.releases.https: https://repository.apache.org/service/local/staging/deploy/maven2/org/apache/wicket/wicket-tester/10.11.0/wicket-tester-10.11.0.pom.asc
[INFO] Progress (1): 33/59 kB
[INFO] Progress (1): 59 kB   
[INFO] Progress (2): 59 kB | 33/88 kB
[INFO] Progress (2): 59 kB | 66/88 kB
[INFO] Progress (2): 59 kB | 88 kB   
[INFO] Progress (3): 59 kB | 88 kB | 33/439 kB
[INFO] Progress (3): 59 kB | 88 kB | 66/439 kB
[INFO] Progress (3): 59 kB | 88 kB | 98/439 kB
[INFO] Progress (3): 59 kB | 88 kB | 131/439 kB
[INFO] Progress (3): 59 kB | 88 kB | 164/439 kB
[INFO] Progress (3): 59 kB | 88 kB | 197/439 kB
[INFO] Progress (3): 59 kB | 88 kB | 229/439 kB
[INFO] Progress (3): 59 kB | 88 kB | 262/439 kB
[INFO] Progress (3): 59 kB | 88 kB | 295/439 kB
[INFO] Progress (3): 59 kB | 88 kB | 328/439 kB
[INFO] Progress (3): 59 kB | 88 kB | 360/439 kB
[INFO] Progress (3): 59 kB | 88 kB | 393/439 kB
[INFO] Progress (3): 59 kB | 88 kB | 426/439 kB
[INFO] Progress (3): 59 kB | 88 kB | 439 kB    
[INFO] Progress (4): 59 kB | 88 kB | 439 kB | 833 B
[INFO] Progress (5): 59 kB | 88 kB | 439 kB | 833 B | 833 B
[INFO]                                                     
[INFO] Uploaded to apache.releases.https: https://repository.apache.org/service/local/staging/deploy/maven2/org/apache/wicket/wicket-tester/10.11.0/wicket-tester-10.11.0.pom.asc (833 B at 2.2 kB/s)
[INFO] Uploading to apache.releases.https: https://repository.apache.org/service/local/staging/deploy/maven2/org/apache/wicket/wicket-tester/10.11.0/wicket-tester-10.11.0-sources.jar.asc
[INFO] Uploaded to apache.releases.https: https://repository.apache.org/service/local/staging/deploy/maven2/org/apache/wicket/wicket-tester/10.11.0/wicket-tester-10.11.0.jar.asc (833 B at 2.1 kB/s)
[INFO] Uploading to apache.releases.https: https://repository.apache.org/service/local/staging/deploy/maven2/org/apache/wicket/wicket-tester/10.11.0/wicket-tester-10.11.0-javadoc.jar.asc
[INFO] Progress (4): 59 kB | 88 kB | 439 kB | 833 B
[INFO] Progress (5): 59 kB | 88 kB | 439 kB | 833 B | 833 B
[INFO]                                                     
[INFO] Uploaded to apache.releases.https: https://repository.apache.org/service/local/staging/deploy/maven2/org/apache/wicket/wicket-tester/10.11.0/wicket-tester-10.11.0-sources.jar.asc (833 B at 1.4 kB/s)
[INFO] Uploaded to apache.releases.https: https://repository.apache.org/service/local/staging/deploy/maven2/org/apache/wicket/wicket-tester/10.11.0/wicket-tester-10.11.0-javadoc.jar.asc (833 B at 1.4 kB/s)
[INFO] Uploaded to apache.releases.https: https://repository.apache.org/service/local/staging/deploy/maven2/org/apache/wicket/wicket-tester/10.11.0/wicket-tester-10.11.0-sources.jar (59 kB at 77 kB/s)
[INFO] Uploaded to apache.releases.https: https://repository.apache.org/service/local/staging/deploy/maven2/org/apache/wicket/wicket-tester/10.11.0/wicket-tester-10.11.0.jar (88 kB at 110 kB/s)
[INFO] Uploaded to apache.releases.https: https://repository.apache.org/service/local/staging/deploy/maven2/org/apache/wicket/wicket-tester/10.11.0/wicket-tester-10.11.0-javadoc.jar (439 kB at 376 kB/s)
[INFO] Downloading from apache.releases.https: https://repository.apache.org/service/local/staging/deploy/maven2/org/apache/wicket/wicket-tester/maven-metadata.xml
[INFO] Uploading to apache.releases.https: https://repository.apache.org/service/local/staging/deploy/maven2/org/apache/wicket/wicket-tester/maven-metadata.xml
[INFO] Progress (1): 314 B
[INFO]                    
[INFO] Uploaded to apache.releases.https: https://repository.apache.org/service/local/staging/deploy/maven2/org/apache/wicket/wicket-tester/maven-metadata.xml (314 B at 563 B/s)
[INFO] [INFO] 
[INFO] [INFO] ----------------< org.apache.wicket:wicket-core-tests >-----------------
[INFO] [INFO] Building Wicket Core Tests 10.11.0                                [7/32]
[INFO] [INFO]   from wicket-core-tests/pom.xml
[INFO] [INFO] --------------------------------[ jar ]---------------------------------
[INFO] [INFO] 
[INFO] [INFO] --- enforcer:3.6.2:enforce (enforce-maven) @ wicket-core-tests ---
[INFO] [INFO] Rule 1: org.apache.maven.enforcer.rules.dependency.DependencyConvergence passed
[INFO] [INFO] Rule 2: com.github.ferstl.maven.pomenforcers.CompoundPedanticEnforcer(compound) passed
[INFO] [INFO] 
[INFO] [INFO] --- enforcer:3.6.2:enforce (enforce-maven-version) @ wicket-core-tests ---
[INFO] [INFO] Rule 1: org.apache.maven.enforcer.rules.dependency.DependencyConvergence passed
[INFO] [INFO] Rule 2: com.github.ferstl.maven.pomenforcers.CompoundPedanticEnforcer(compound) passed
[INFO] [INFO] 
[INFO] [INFO] --- enforcer:3.6.2:enforce (enforce-java-version) @ wicket-core-tests ---
[INFO] [INFO] Rule 1: org.apache.maven.enforcer.rules.dependency.DependencyConvergence passed
[INFO] [INFO] Rule 2: com.github.ferstl.maven.pomenforcers.CompoundPedanticEnforcer(compound) passed
[INFO] [INFO] 
[INFO] [INFO] --- toolchains:3.2.0:toolchain (default) @ wicket-core-tests ---
[INFO] [INFO] Required toolchain: jdk [ version='17' ]
[INFO] [INFO] Found matching toolchain for type jdk: JDK[/usr/lib/jvm/temurin-17-jdk-amd64/]
[INFO] [INFO] 
[INFO] [INFO] --- remote-resources:3.3.0:process (default) @ wicket-core-tests ---
[INFO] [INFO] Preparing remote bundle org.apache:apache-jar-resource-bundle:1.4
[INFO] [INFO] Copying 3 resources from 1 bundle.
[INFO] [INFO] 
[INFO] [INFO] --- remote-resources:3.3.0:process (process-resource-bundles) @ wicket-core-tests ---
[INFO] [INFO] Preparing remote bundle org.apache.apache.resources:apache-jar-resource-bundle:1.7
[INFO] [INFO] Copying 3 resources from 1 bundle.
[INFO] [INFO] 
[INFO] [INFO] --- resources:3.4.0:resources (default-resources) @ wicket-core-tests ---
[INFO] [INFO] skip non existing resourceDirectory /home/andrea/WicketBuild/wicket-10.x/target/checkout/wicket-core-tests/src/main/java
[INFO] [INFO] skip non existing resourceDirectory /home/andrea/WicketBuild/wicket-10.x/target/checkout/wicket-core-tests/src/main/resources
[INFO] [INFO] skip non existing resourceDirectory /home/andrea/WicketBuild/wicket-10.x/target/checkout/wicket-core-tests/target/generated-res
[INFO] [INFO] Copying 3 resources from target/maven-shared-archive-resources to target/classes
[INFO] [INFO] Copying 3 resources from target/maven-shared-archive-resources to target/classes
[INFO] [INFO] 
[INFO] [INFO] --- compiler:3.14.1:compile (default-compile) @ wicket-core-tests ---
[INFO] [INFO] Toolchain in maven-compiler-plugin: JDK[/usr/lib/jvm/temurin-17-jdk-amd64/]
[INFO] [INFO] No sources to compile
[INFO] [INFO] 
[INFO] [INFO] --- bundle:6.0.0:manifest (default-bundle) @ wicket-core-tests ---
[INFO] [INFO] No MANIFEST.MF file found, generating manifest.
[INFO] [WARNING] Manifest org.apache.wicket:wicket-core-tests:jar:10.11.0 : Unused Export-Package instructions: [org.apache.wicket.core.tests*] 
[INFO] [WARNING] Manifest org.apache.wicket:wicket-core-tests:jar:10.11.0 : Unused Import-Package instructions: [org.slf4j*] 
[INFO] [INFO] Writing manifest: /home/andrea/WicketBuild/wicket-10.x/target/checkout/wicket-core-tests/target/classes/META-INF/MANIFEST.MF
[INFO] [INFO] 
[INFO] [INFO] --- resources:3.4.0:testResources (default-testResources) @ wicket-core-tests ---
[INFO] [INFO] Copying 1104 resources from src/test/java to target/test-classes
[INFO] [INFO] Copying 3 resources from target/maven-shared-archive-resources to target/test-classes
[INFO] [INFO] Copying 3 resources from target/maven-shared-archive-resources to target/test-classes
[INFO] [INFO] 
[INFO] [INFO] --- compiler:3.14.1:testCompile (default-testCompile) @ wicket-core-tests ---
[INFO] [INFO] Toolchain in maven-compiler-plugin: JDK[/usr/lib/jvm/temurin-17-jdk-amd64/]
[INFO] [INFO] Recompiling the module because of changed dependency.
[INFO] [INFO] Compiling 1171 source files with javac [forked debug deprecation release 17] to target/test-classes
[INFO] [WARNING] /home/andrea/WicketBuild/wicket-10.x/target/checkout/wicket-core-tests/src/test/java/org/apache/wicket/core/util/cookies/CookieUtilsTest.java:[156,10] [removal] setVersion(int) in CookieDefaults has been deprecated and marked for removal
[INFO] [WARNING] /home/andrea/WicketBuild/wicket-10.x/target/checkout/wicket-core-tests/src/test/java/org/apache/wicket/core/util/cookies/CookieUtilsTest.java:[163,19] [removal] getComment() in Cookie has been deprecated and marked for removal
[INFO] [WARNING] /home/andrea/WicketBuild/wicket-10.x/target/checkout/wicket-core-tests/src/test/java/org/apache/wicket/core/util/resource/locator/CachingResourceStreamLocatorTest.java:[86,47] [deprecation] locate(Class<?>,String,String,String,Locale,String,boolean) in CachingResourceStreamLocator has been deprecated
[INFO] [WARNING] /home/andrea/WicketBuild/wicket-10.x/target/checkout/wicket-core-tests/src/test/java/org/apache/wicket/core/util/resource/locator/CachingResourceStreamLocatorTest.java:[92,50] [deprecation] locate(Class<?>,String,String,String,Locale,String,boolean) in CachingResourceStreamLocator has been deprecated
[INFO] [WARNING] /home/andrea/WicketBuild/wicket-10.x/target/checkout/wicket-core-tests/src/test/java/org/apache/wicket/core/util/resource/locator/CachingResourceStreamLocatorTest.java:[117,47] [deprecation] locate(Class<?>,String,String,String,Locale,String,boolean) in CachingResourceStreamLocator has been deprecated
[INFO] [WARNING] /home/andrea/WicketBuild/wicket-10.x/target/checkout/wicket-core-tests/src/test/java/org/apache/wicket/core/util/resource/locator/CachingResourceStreamLocatorTest.java:[122,50] [deprecation] locate(Class<?>,String,String,String,Locale,String,boolean) in CachingResourceStreamLocator has been deprecated
[INFO] [WARNING] /home/andrea/WicketBuild/wicket-10.x/target/checkout/wicket-core-tests/src/test/java/org/apache/wicket/core/util/resource/locator/CachingResourceStreamLocatorTest.java:[147,50] [deprecation] locate(Class<?>,String,String,String,Locale,String,boolean) in CachingResourceStreamLocator has been deprecated
[INFO] [WARNING] /home/andrea/WicketBuild/wicket-10.x/target/checkout/wicket-core-tests/src/test/java/org/apache/wicket/core/util/resource/locator/CachingResourceStreamLocatorTest.java:[154,47] [deprecation] locate(Class<?>,String,String,String,Locale,String,boolean) in CachingResourceStreamLocator has been deprecated
[INFO] [WARNING] /home/andrea/WicketBuild/wicket-10.x/target/checkout/wicket-core-tests/src/test/java/org/apache/wicket/core/util/resource/locator/CachingResourceStreamLocatorTest.java:[176,16] [deprecation] locate(Class<?>,String,String,String,Locale,String,boolean) in CachingResourceStreamLocator has been deprecated
[INFO] [WARNING] /home/andrea/WicketBuild/wicket-10.x/target/checkout/wicket-core-tests/src/test/java/org/apache/wicket/core/util/resource/locator/CachingResourceStreamLocatorTest.java:[177,16] [deprecation] locate(Class<?>,String,String,String,Locale,String,boolean) in CachingResourceStreamLocator has been deprecated
[INFO] [WARNING] /home/andrea/WicketBuild/wicket-10.x/target/checkout/wicket-core-tests/src/test/java/org/apache/wicket/core/util/resource/locator/CachingResourceStreamLocatorTest.java:[200,16] [deprecation] locate(Class<?>,String,String,String,Locale,String,boolean) in CachingResourceStreamLocator has been deprecated
[INFO] [WARNING] /home/andrea/WicketBuild/wicket-10.x/target/checkout/wicket-core-tests/src/test/java/org/apache/wicket/core/util/resource/locator/CachingResourceStreamLocatorTest.java:[201,16] [deprecation] locate(Class<?>,String,String,String,Locale,String,boolean) in CachingResourceStreamLocator has been deprecated
[INFO] [WARNING] /home/andrea/WicketBuild/wicket-10.x/target/checkout/wicket-core-tests/src/test/java/org/apache/wicket/core/util/resource/locator/CachingResourceStreamLocatorTest.java:[202,16] [deprecation] locate(Class<?>,String,String,String,Locale,String,boolean) in CachingResourceStreamLocator has been deprecated
[INFO] [WARNING] /home/andrea/WicketBuild/wicket-10.x/target/checkout/wicket-core-tests/src/test/java/org/apache/wicket/core/util/resource/locator/CachingResourceStreamLocatorTest.java:[252,16] [deprecation] locate(Class<?>,String,String,String,Locale,String,boolean) in CachingResourceStreamLocator has been deprecated
[INFO] [WARNING] /home/andrea/WicketBuild/wicket-10.x/target/checkout/wicket-core-tests/src/test/java/org/apache/wicket/core/util/resource/locator/CachingResourceStreamLocatorTest.java:[253,16] [deprecation] locate(Class<?>,String,String,String,Locale,String,boolean) in CachingResourceStreamLocator has been deprecated
[INFO] [WARNING] /home/andrea/WicketBuild/wicket-10.x/target/checkout/wicket-core-tests/src/test/java/org/apache/wicket/pageStore/AsynchronousPageStoreTest.java:[537,20] [deprecation] nextLong(long,long) in RandomUtils has been deprecated
[INFO] [WARNING] /home/andrea/WicketBuild/wicket-10.x/target/checkout/wicket-core-tests/src/test/java/org/apache/wicket/pageStore/InSessionPageStoreConcurrencyTest.java:[99,61] [deprecation] NULL_OUTPUT_STREAM in NullOutputStream has been deprecated
[INFO] [WARNING] /home/andrea/WicketBuild/wicket-10.x/target/checkout/wicket-core-tests/src/test/java/org/apache/wicket/protocol/http/mock/MockHttpServletResponseTest.java:[67,27] [removal] getComment() in Cookie has been deprecated and marked for removal
[INFO] [WARNING] /home/andrea/WicketBuild/wicket-10.x/target/checkout/wicket-core-tests/src/test/java/org/apache/wicket/protocol/http/mock/MockHttpServletResponseTest.java:[72,32] [removal] getVersion() in Cookie has been deprecated and marked for removal
[INFO] [INFO] 
[INFO] [INFO] --- compiler:3.14.1:testCompile (test-compile) @ wicket-core-tests ---
[INFO] [INFO] Toolchain in maven-compiler-plugin: JDK[/usr/lib/jvm/temurin-17-jdk-amd64/]
[INFO] [INFO] Recompiling the module because of changed dependency.
[INFO] [INFO] Compiling 1171 source files with javac [forked debug deprecation release 17] to target/test-classes
[INFO] [WARNING] /home/andrea/WicketBuild/wicket-10.x/target/checkout/wicket-core-tests/src/test/java/org/apache/wicket/core/util/cookies/CookieUtilsTest.java:[156,10] [removal] setVersion(int) in CookieDefaults has been deprecated and marked for removal
[INFO] [WARNING] /home/andrea/WicketBuild/wicket-10.x/target/checkout/wicket-core-tests/src/test/java/org/apache/wicket/core/util/cookies/CookieUtilsTest.java:[163,19] [removal] getComment() in Cookie has been deprecated and marked for removal
[INFO] [WARNING] /home/andrea/WicketBuild/wicket-10.x/target/checkout/wicket-core-tests/src/test/java/org/apache/wicket/core/util/resource/locator/CachingResourceStreamLocatorTest.java:[86,47] [deprecation] locate(Class<?>,String,String,String,Locale,String,boolean) in CachingResourceStreamLocator has been deprecated
[INFO] [WARNING] /home/andrea/WicketBuild/wicket-10.x/target/checkout/wicket-core-tests/src/test/java/org/apache/wicket/core/util/resource/locator/CachingResourceStreamLocatorTest.java:[92,50] [deprecation] locate(Class<?>,String,String,String,Locale,String,boolean) in CachingResourceStreamLocator has been deprecated
[INFO] [WARNING] /home/andrea/WicketBuild/wicket-10.x/target/checkout/wicket-core-tests/src/test/java/org/apache/wicket/core/util/resource/locator/CachingResourceStreamLocatorTest.java:[117,47] [deprecation] locate(Class<?>,String,String,String,Locale,String,boolean) in CachingResourceStreamLocator has been deprecated
[INFO] [WARNING] /home/andrea/WicketBuild/wicket-10.x/target/checkout/wicket-core-tests/src/test/java/org/apache/wicket/core/util/resource/locator/CachingResourceStreamLocatorTest.java:[122,50] [deprecation] locate(Class<?>,String,String,String,Locale,String,boolean) in CachingResourceStreamLocator has been deprecated
[INFO] [WARNING] /home/andrea/WicketBuild/wicket-10.x/target/checkout/wicket-core-tests/src/test/java/org/apache/wicket/core/util/resource/locator/CachingResourceStreamLocatorTest.java:[147,50] [deprecation] locate(Class<?>,String,String,String,Locale,String,boolean) in CachingResourceStreamLocator has been deprecated
[INFO] [WARNING] /home/andrea/WicketBuild/wicket-10.x/target/checkout/wicket-core-tests/src/test/java/org/apache/wicket/core/util/resource/locator/CachingResourceStreamLocatorTest.java:[154,47] [deprecation] locate(Class<?>,String,String,String,Locale,String,boolean) in CachingResourceStreamLocator has been deprecated
[INFO] [WARNING] /home/andrea/WicketBuild/wicket-10.x/target/checkout/wicket-core-tests/src/test/java/org/apache/wicket/core/util/resource/locator/CachingResourceStreamLocatorTest.java:[176,16] [deprecation] locate(Class<?>,String,String,String,Locale,String,boolean) in CachingResourceStreamLocator has been deprecated
[INFO] [WARNING] /home/andrea/WicketBuild/wicket-10.x/target/checkout/wicket-core-tests/src/test/java/org/apache/wicket/core/util/resource/locator/CachingResourceStreamLocatorTest.java:[177,16] [deprecation] locate(Class<?>,String,String,String,Locale,String,boolean) in CachingResourceStreamLocator has been deprecated
[INFO] [WARNING] /home/andrea/WicketBuild/wicket-10.x/target/checkout/wicket-core-tests/src/test/java/org/apache/wicket/core/util/resource/locator/CachingResourceStreamLocatorTest.java:[200,16] [deprecation] locate(Class<?>,String,String,String,Locale,String,boolean) in CachingResourceStreamLocator has been deprecated
[INFO] [WARNING] /home/andrea/WicketBuild/wicket-10.x/target/checkout/wicket-core-tests/src/test/java/org/apache/wicket/core/util/resource/locator/CachingResourceStreamLocatorTest.java:[201,16] [deprecation] locate(Class<?>,String,String,String,Locale,String,boolean) in CachingResourceStreamLocator has been deprecated
[INFO] [WARNING] /home/andrea/WicketBuild/wicket-10.x/target/checkout/wicket-core-tests/src/test/java/org/apache/wicket/core/util/resource/locator/CachingResourceStreamLocatorTest.java:[202,16] [deprecation] locate(Class<?>,String,String,String,Locale,String,boolean) in CachingResourceStreamLocator has been deprecated
[INFO] [WARNING] /home/andrea/WicketBuild/wicket-10.x/target/checkout/wicket-core-tests/src/test/java/org/apache/wicket/core/util/resource/locator/CachingResourceStreamLocatorTest.java:[252,16] [deprecation] locate(Class<?>,String,String,String,Locale,String,boolean) in CachingResourceStreamLocator has been deprecated
[INFO] [WARNING] /home/andrea/WicketBuild/wicket-10.x/target/checkout/wicket-core-tests/src/test/java/org/apache/wicket/core/util/resource/locator/CachingResourceStreamLocatorTest.java:[253,16] [deprecation] locate(Class<?>,String,String,String,Locale,String,boolean) in CachingResourceStreamLocator has been deprecated
[INFO] [WARNING] /home/andrea/WicketBuild/wicket-10.x/target/checkout/wicket-core-tests/src/test/java/org/apache/wicket/pageStore/AsynchronousPageStoreTest.java:[537,20] [deprecation] nextLong(long,long) in RandomUtils has been deprecated
[INFO] [WARNING] /home/andrea/WicketBuild/wicket-10.x/target/checkout/wicket-core-tests/src/test/java/org/apache/wicket/pageStore/InSessionPageStoreConcurrencyTest.java:[99,61] [deprecation] NULL_OUTPUT_STREAM in NullOutputStream has been deprecated
[INFO] [WARNING] /home/andrea/WicketBuild/wicket-10.x/target/checkout/wicket-core-tests/src/test/java/org/apache/wicket/protocol/http/mock/MockHttpServletResponseTest.java:[67,27] [removal] getComment() in Cookie has been deprecated and marked for removal
[INFO] [WARNING] /home/andrea/WicketBuild/wicket-10.x/target/checkout/wicket-core-tests/src/test/java/org/apache/wicket/protocol/http/mock/MockHttpServletResponseTest.java:[72,32] [removal] getVersion() in Cookie has been deprecated and marked for removal
[INFO] [INFO] 
[INFO] [INFO] --- surefire:3.5.4:test (default-test) @ wicket-core-tests ---
[INFO] [INFO] Toolchain in maven-surefire-plugin: JDK[/usr/lib/jvm/temurin-17-jdk-amd64/]
[INFO] [INFO] Using auto detected provider org.apache.maven.surefire.junitplatform.JUnitPlatformProvider
[INFO] [INFO] 
[INFO] [INFO] -------------------------------------------------------
[INFO] [INFO]  T E S T S
[INFO] [INFO] -------------------------------------------------------
[ERROR] WARNING: Using incubator modules: jdk.incubator.foreign, jdk.incubator.vector
[INFO] [INFO] Running org.apache.wicket.ComponentBehaviorOverComponentTagBehaviorTest
[ERROR] SLF4J(W): No SLF4J providers were found.
[ERROR] SLF4J(W): Defaulting to no-operation (NOP) logger implementation
[ERROR] SLF4J(W): See https://www.slf4j.org/codes.html#noProviders for further details.
[INFO] [INFO] Tests run: 1, Failures: 0, Errors: 0, Skipped: 0, Time elapsed: 0.334 s -- in org.apache.wicket.ComponentBehaviorOverComponentTagBehaviorTest
[INFO] [INFO] Running org.apache.wicket.RequestEncodingTest
[INFO] [INFO] Tests run: 2, Failures: 0, Errors: 0, Skipped: 0, Time elapsed: 0.063 s -- in org.apache.wicket.RequestEncodingTest
[INFO] [INFO] Running org.apache.wicket.ComponentInitializationTest
[INFO] [Page class = org.apache.wicket.ComponentInitializationTest$1, id = 0, render count = 0]
[INFO] [Page class = org.apache.wicket.ComponentInitializationTest$1, id = 0, render count = 0]
[INFO] [TestComponent [Component id = t1]]
[INFO] [TestComponent [Component id = t1]]
[INFO] [TestComponent [Component id = t2]]
[INFO] [TestComponent [Component id = t2]]
[INFO] [Page class = org.apache.wicket.ComponentInitializationTest$2, id = 0, render count = 0]
[INFO] [TestComponent [Component id = t1]]
[INFO] [TestComponent [Component id = t2]]
[INFO] [TestComponent [Component id = t3]]
[INFO] [TestComponent [Component id = t4]]
[INFO] [INFO] Tests run: 5, Failures: 0, Errors: 0, Skipped: 0, Time elapsed: 0.028 s -- in org.apache.wicket.ComponentInitializationTest
[INFO] [INFO] Running org.apache.wicket.PageFactoryTest
[INFO] [INFO] Tests run: 2, Failures: 0, Errors: 0, Skipped: 0, Time elapsed: 0.008 s -- in org.apache.wicket.PageFactoryTest
[INFO] [INFO] Running org.apache.wicket.ConverterLocatorTest
[INFO] [INFO] Tests run: 2, Failures: 0, Errors: 0, Skipped: 0, Time elapsed: 0.003 s -- in org.apache.wicket.ConverterLocatorTest
[INFO] [INFO] Running org.apache.wicket.OnComponentTagListenerTest
[INFO] [INFO] Tests run: 3, Failures: 0, Errors: 0, Skipped: 0, Time elapsed: 0.028 s -- in org.apache.wicket.OnComponentTagListenerTest
[INFO] [INFO] Running org.apache.wicket.LocalizerTest
[INFO] [INFO] Tests run: 10, Failures: 0, Errors: 0, Skipped: 0, Time elapsed: 0.183 s -- in org.apache.wicket.LocalizerTest
[INFO] [INFO] Running org.apache.wicket.ComponentInitializationIntegrationTest
[INFO] [INFO] Tests run: 1, Failures: 0, Errors: 0, Skipped: 0, Time elapsed: 0.005 s -- in org.apache.wicket.ComponentInitializationIntegrationTest
[INFO] [INFO] Running org.apache.wicket.protocol.http.ResponseIOExceptionTest
[INFO] [INFO] Tests run: 1, Failures: 0, Errors: 0, Skipped: 0, Time elapsed: 0.043 s -- in org.apache.wicket.protocol.http.ResponseIOExceptionTest
[INFO] [INFO] Running org.apache.wicket.protocol.http.WebApplicationTest
[INFO] [INFO] Tests run: 3, Failures: 0, Errors: 0, Skipped: 0, Time elapsed: 0.008 s -- in org.apache.wicket.protocol.http.WebApplicationTest
[INFO] [INFO] Running org.apache.wicket.protocol.http.ModifyCookiePageTest
[INFO] [INFO] Tests run: 1, Failures: 0, Errors: 0, Skipped: 0, Time elapsed: 0.016 s -- in org.apache.wicket.protocol.http.ModifyCookiePageTest
[INFO] [INFO] Running org.apache.wicket.protocol.http.StoredResponsesMapTest
[INFO] [INFO] Tests run: 4, Failures: 0, Errors: 0, Skipped: 0, Time elapsed: 7.618 s -- in org.apache.wicket.protocol.http.StoredResponsesMapTest
[INFO] [INFO] Running org.apache.wicket.protocol.http.RequestUtilsTest
[INFO] [INFO] Tests run: 13, Failures: 0, Errors: 0, Skipped: 0, Time elapsed: 0.011 s -- in org.apache.wicket.protocol.http.RequestUtilsTest
[INFO] [INFO] Running org.apache.wicket.protocol.http.AbstractRequestLoggerTest
[INFO] [INFO] Tests run: 1, Failures: 0, Errors: 0, Skipped: 0, Time elapsed: 0.003 s -- in org.apache.wicket.protocol.http.AbstractRequestLoggerTest
[INFO] [INFO] Running org.apache.wicket.protocol.http.RequestLoggerLiveSessionsTest
[INFO] [INFO] Tests run: 1, Failures: 0, Errors: 0, Skipped: 0, Time elapsed: 0.603 s -- in org.apache.wicket.protocol.http.RequestLoggerLiveSessionsTest
[INFO] [INFO] Running org.apache.wicket.protocol.http.BufferedWebResponseTest
[INFO] [INFO] Tests run: 1, Failures: 0, Errors: 0, Skipped: 0, Time elapsed: 0.003 s -- in org.apache.wicket.protocol.http.BufferedWebResponseTest
[INFO] [INFO] Running org.apache.wicket.protocol.http.HeaderBufferingWebResponseTest
[INFO] [INFO] Tests run: 2, Failures: 0, Errors: 0, Skipped: 0, Time elapsed: 0.002 s -- in org.apache.wicket.protocol.http.HeaderBufferingWebResponseTest
[INFO] [INFO] Running org.apache.wicket.protocol.http.mock.MockServletContextTest
[INFO] [INFO] Tests run: 1, Failures: 0, Errors: 0, Skipped: 0, Time elapsed: 0.001 s -- in org.apache.wicket.protocol.http.mock.MockServletContextTest
[INFO] [INFO] Running org.apache.wicket.protocol.http.mock.CookiesTest
[INFO] [INFO] Tests run: 1, Failures: 0, Errors: 0, Skipped: 0, Time elapsed: 0.001 s -- in org.apache.wicket.protocol.http.mock.CookiesTest
[INFO] [INFO] Running org.apache.wicket.protocol.http.mock.MockHttpServletRequestTest
[ERROR] OpenJDK 64-Bit Server VM warning: Sharing is only supported for boot loader classes because bootstrap classpath has been appended
[INFO] [INFO] Tests run: 10, Failures: 0, Errors: 0, Skipped: 0, Time elapsed: 0.648 s -- in org.apache.wicket.protocol.http.mock.MockHttpServletRequestTest
[INFO] [INFO] Running org.apache.wicket.protocol.http.mock.MockHttpServletResponseTest
[INFO] [INFO] Tests run: 2, Failures: 0, Errors: 0, Skipped: 0, Time elapsed: 0.008 s -- in org.apache.wicket.protocol.http.mock.MockHttpServletResponseTest
[INFO] [INFO] Running org.apache.wicket.protocol.http.ResourceIsolationRequestCycleListenerTest
[INFO] [INFO] Tests run: 18, Failures: 0, Errors: 0, Skipped: 0, Time elapsed: 0.215 s -- in org.apache.wicket.protocol.http.ResourceIsolationRequestCycleListenerTest
[INFO] [INFO] Running org.apache.wicket.protocol.http.WebExternalResourceTest
[INFO] [INFO] Tests run: 2, Failures: 0, Errors: 0, Skipped: 0, Time elapsed: 0.012 s -- in org.apache.wicket.protocol.http.WebExternalResourceTest
[INFO] [INFO] Running org.apache.wicket.protocol.http.WicketURLTest
[INFO] [INFO] Tests run: 4, Failures: 0, Errors: 0, Skipped: 0, Time elapsed: 0.005 s -- in org.apache.wicket.protocol.http.WicketURLTest
[INFO] [INFO] Running org.apache.wicket.protocol.http.WicketFilterTest
[ERROR] ********************************************************************
[ERROR] *** WARNING: Wicket is running in DEVELOPMENT mode.              ***
[ERROR] ***                               ^^^^^^^^^^^                    ***
[ERROR] *** Do NOT deploy to your live server(s) without changing this.  ***
[ERROR] *** See Application#getConfigurationType() for more information. ***
[ERROR] ********************************************************************
[ERROR] ********************************************************************
[ERROR] *** WARNING: Wicket is running in DEVELOPMENT mode.              ***
[ERROR] ***                               ^^^^^^^^^^^                    ***
[ERROR] *** Do NOT deploy to your live server(s) without changing this.  ***
[ERROR] *** See Application#getConfigurationType() for more information. ***
[ERROR] ********************************************************************
[ERROR] ********************************************************************
[ERROR] *** WARNING: Wicket is running in DEVELOPMENT mode.              ***
[ERROR] ***                               ^^^^^^^^^^^                    ***
[ERROR] *** Do NOT deploy to your live server(s) without changing this.  ***
[ERROR] *** See Application#getConfigurationType() for more information. ***
[ERROR] ********************************************************************
[ERROR] ********************************************************************
[ERROR] *** WARNING: Wicket is running in DEVELOPMENT mode.              ***
[ERROR] ***                               ^^^^^^^^^^^                    ***
[ERROR] *** Do NOT deploy to your live server(s) without changing this.  ***
[ERROR] *** See Application#getConfigurationType() for more information. ***
[ERROR] ********************************************************************
[ERROR] ********************************************************************
[ERROR] *** WARNING: Wicket is running in DEVELOPMENT mode.              ***
[ERROR] ***                               ^^^^^^^^^^^                    ***
[ERROR] *** Do NOT deploy to your live server(s) without changing this.  ***
[ERROR] *** See Application#getConfigurationType() for more information. ***
[ERROR] ********************************************************************
[INFO] [INFO] Tests run: 10, Failures: 0, Errors: 0, Skipped: 0, Time elapsed: 1.081 s -- in org.apache.wicket.protocol.http.WicketFilterTest
[INFO] [INFO] Running org.apache.wicket.protocol.http.WebSessionTest
[INFO] [INFO] Tests run: 47, Failures: 0, Errors: 0, Skipped: 0, Time elapsed: 0.209 s -- in org.apache.wicket.protocol.http.WebSessionTest
[INFO] [INFO] Running org.apache.wicket.protocol.http.WebResponseExceptionsTest
[INFO] [INFO] Tests run: 4, Failures: 0, Errors: 0, Skipped: 0, Time elapsed: 0.116 s -- in org.apache.wicket.protocol.http.WebResponseExceptionsTest
[INFO] [INFO] Running org.apache.wicket.protocol.http.SessionDestroyTest
[INFO] [INFO] Tests run: 1, Failures: 0, Errors: 0, Skipped: 0, Time elapsed: 0.079 s -- in org.apache.wicket.protocol.http.SessionDestroyTest
[INFO] [INFO] Running org.apache.wicket.protocol.http.ClientPropertiesTest
[INFO] [INFO] Tests run: 11, Failures: 0, Errors: 0, Skipped: 0, Time elapsed: 0.052 s -- in org.apache.wicket.protocol.http.ClientPropertiesTest
[INFO] [INFO] Running org.apache.wicket.protocol.http.servlet.ServletWebResponseTest
[INFO] [INFO] Tests run: 5, Failures: 0, Errors: 0, Skipped: 0, Time elapsed: 0.156 s -- in org.apache.wicket.protocol.http.servlet.ServletWebResponseTest
[INFO] [INFO] Running org.apache.wicket.protocol.http.servlet.SecuredRemoteAddressRequestWrapperFactoryTest
[INFO] [INFO] Tests run: 1, Failures: 0, Errors: 0, Skipped: 0, Time elapsed: 0.005 s -- in org.apache.wicket.protocol.http.servlet.SecuredRemoteAddressRequestWrapperFactoryTest
[INFO] [INFO] Running org.apache.wicket.protocol.http.servlet.ServletWebRequestTest
[INFO] [INFO] Tests run: 7, Failures: 0, Errors: 0, Skipped: 0, Time elapsed: 0.012 s -- in org.apache.wicket.protocol.http.servlet.ServletWebRequestTest
[INFO] [INFO] Running org.apache.wicket.protocol.http.servlet.WicketSessionFilterTest
[INFO] [INFO] Tests run: 1, Failures: 0, Errors: 0, Skipped: 0, Time elapsed: 0.007 s -- in org.apache.wicket.protocol.http.servlet.WicketSessionFilterTest
[INFO] [INFO] Running org.apache.wicket.protocol.http.servlet.XForwardedRequestWrapperTest
[INFO] [INFO] Tests run: 7, Failures: 0, Errors: 0, Skipped: 0, Time elapsed: 0.043 s -- in org.apache.wicket.protocol.http.servlet.XForwardedRequestWrapperTest
[INFO] [INFO] Running org.apache.wicket.protocol.http.request.WebClientInfoTest
[INFO] [INFO] Tests run: 1, Failures: 0, Errors: 0, Skipped: 0, Time elapsed: 0.004 s -- in org.apache.wicket.protocol.http.request.WebClientInfoTest
[INFO] [INFO] Running org.apache.wicket.protocol.http.request.CryptedUrlWebRequestCodingStrategyTest
[INFO] [INFO] Tests run: 3, Failures: 0, Errors: 0, Skipped: 0, Time elapsed: 0.093 s -- in org.apache.wicket.protocol.http.request.CryptedUrlWebRequestCodingStrategyTest
[INFO] [INFO] Running org.apache.wicket.protocol.http.MultipartFormComponentListenerTest
[INFO] [INFO] Tests run: 1, Failures: 0, Errors: 0, Skipped: 0, Time elapsed: 0.055 s -- in org.apache.wicket.protocol.http.MultipartFormComponentListenerTest
[INFO] [INFO] Running org.apache.wicket.protocol.https.HttpsMapperTest
[INFO] [INFO] Tests run: 6, Failures: 0, Errors: 0, Skipped: 0, Time elapsed: 0.088 s -- in org.apache.wicket.protocol.https.HttpsMapperTest
[INFO] [INFO] Running org.apache.wicket.protocol.https.HttpsMapperApplicationTest
[INFO] [INFO] Tests run: 7, Failures: 0, Errors: 0, Skipped: 0, Time elapsed: 0.035 s -- in org.apache.wicket.protocol.https.HttpsMapperApplicationTest
[INFO] [INFO] Running org.apache.wicket.properties.PropertiesTest
[INFO] [INFO] Tests run: 2, Failures: 0, Errors: 0, Skipped: 0, Time elapsed: 0.066 s -- in org.apache.wicket.properties.PropertiesTest
[INFO] [INFO] Running org.apache.wicket.ClassAttributeModifierTest
[INFO] [INFO] Tests run: 3, Failures: 0, Errors: 0, Skipped: 0, Time elapsed: 0.003 s -- in org.apache.wicket.ClassAttributeModifierTest
[INFO] [INFO] Running org.apache.wicket.ComponentTest
[INFO] [INFO] Tests run: 8, Failures: 0, Errors: 0, Skipped: 0, Time elapsed: 0.031 s -- in org.apache.wicket.ComponentTest
[INFO] [INFO] Running org.apache.wicket.ComponentWithLazyModelCreationTest
[INFO] [INFO] Tests run: 2, Failures: 0, Errors: 0, Skipped: 0, Time elapsed: 0.009 s -- in org.apache.wicket.ComponentWithLazyModelCreationTest
[INFO] [INFO] Running org.apache.wicket.CachingDisabledLocalizerTest
[INFO] [INFO] Tests run: 10, Failures: 0, Errors: 0, Skipped: 0, Time elapsed: 0.083 s -- in org.apache.wicket.CachingDisabledLocalizerTest
[INFO] [INFO] Running org.apache.wicket.OnReAddTest
[INFO] [INFO] Tests run: 7, Failures: 0, Errors: 0, Skipped: 0, Time elapsed: 0.022 s -- in org.apache.wicket.OnReAddTest
[INFO] [INFO] Running org.apache.wicket.PageMarkupLoadingTest
[INFO] [INFO] Tests run: 4, Failures: 0, Errors: 0, Skipped: 0, Time elapsed: 0.015 s -- in org.apache.wicket.PageMarkupLoadingTest
[INFO] [INFO] Running org.apache.wicket.resource.TextTemplateResourceReferenceTest
[INFO] [INFO] Tests run: 1, Failures: 0, Errors: 0, Skipped: 0, Time elapsed: 0.007 s -- in org.apache.wicket.resource.TextTemplateResourceReferenceTest
[INFO] [INFO] Running org.apache.wicket.resource.ComponentStringResourceLoaderTest
[INFO] [INFO] Tests run: 10, Failures: 0, Errors: 0, Skipped: 0, Time elapsed: 0.032 s -- in org.apache.wicket.resource.ComponentStringResourceLoaderTest
[INFO] [INFO] Running org.apache.wicket.resource.loader.ValidatorStringResourceLoaderTest
[INFO] [INFO] Tests run: 3, Failures: 0, Errors: 0, Skipped: 0, Time elapsed: 0.086 s -- in org.apache.wicket.resource.loader.ValidatorStringResourceLoaderTest
[INFO] [INFO] Running org.apache.wicket.resource.loader.ComponentStringResourceLoaderTest
[INFO] [INFO] Tests run: 3, Failures: 0, Errors: 0, Skipped: 0, Time elapsed: 0.018 s -- in org.apache.wicket.resource.loader.ComponentStringResourceLoaderTest
[INFO] [INFO] Running org.apache.wicket.resource.loader.PackageStringResourceLoaderTest
[INFO] [INFO] Tests run: 4, Failures: 0, Errors: 0, Skipped: 0, Time elapsed: 0.053 s -- in org.apache.wicket.resource.loader.PackageStringResourceLoaderTest
[INFO] [INFO] Running org.apache.wicket.resource.loader.ClassStringResourceLoaderTest
[INFO] [INFO] Tests run: 1, Failures: 0, Errors: 0, Skipped: 0, Time elapsed: 0.002 s -- in org.apache.wicket.resource.loader.ClassStringResourceLoaderTest
[INFO] [INFO] Running org.apache.wicket.resource.loader.NestedStringResourceLoaderTest
[INFO] [INFO] Tests run: 2, Failures: 0, Errors: 0, Skipped: 0, Time elapsed: 0.008 s -- in org.apache.wicket.resource.loader.NestedStringResourceLoaderTest
[INFO] [INFO] Running org.apache.wicket.resource.loader.PropertiesResolverTest
[INFO] [INFO] Tests run: 1, Failures: 0, Errors: 0, Skipped: 0, Time elapsed: 0.011 s -- in org.apache.wicket.resource.loader.PropertiesResolverTest
[INFO] [INFO] Running org.apache.wicket.resource.loader.InitializerStringResourceLoaderTest
[INFO] [INFO] Tests run: 5, Failures: 0, Errors: 0, Skipped: 0, Time elapsed: 0.010 s -- in org.apache.wicket.resource.loader.InitializerStringResourceLoaderTest
[INFO] [INFO] Running org.apache.wicket.resource.XmlFilePropertiesLoaderTest
[INFO] [INFO] Tests run: 1, Failures: 0, Errors: 0, Skipped: 0, Time elapsed: 0.016 s -- in org.apache.wicket.resource.XmlFilePropertiesLoaderTest
[INFO] [INFO] Running org.apache.wicket.resource.InvalidResourceSpecificationExceptionTest
[INFO] [INFO] Tests run: 4, Failures: 0, Errors: 0, Skipped: 0, Time elapsed: 0.001 s -- in org.apache.wicket.resource.InvalidResourceSpecificationExceptionTest
[INFO] [INFO] Running org.apache.wicket.resource.FileSystemResourceReferenceTest
[INFO] [INFO] Tests run: 5, Failures: 0, Errors: 0, Skipped: 0, Time elapsed: 0.038 s -- in org.apache.wicket.resource.FileSystemResourceReferenceTest
[INFO] [INFO] Running org.apache.wicket.resource.bundles.CompressBundlesTest
[INFO] [INFO] Tests run: 1, Failures: 0, Errors: 0, Skipped: 0, Time elapsed: 0.018 s -- in org.apache.wicket.resource.bundles.CompressBundlesTest
[INFO] [INFO] Running org.apache.wicket.resource.ApplicationStringResourceLoaderTest
[INFO] [INFO] Tests run: 6, Failures: 0, Errors: 0, Skipped: 0, Time elapsed: 0.032 s -- in org.apache.wicket.resource.ApplicationStringResourceLoaderTest
[INFO] [INFO] Running org.apache.wicket.resource.UtfPropertiesFilePropertiesLoaderTest
[INFO] [INFO] Tests run: 1, Failures: 0, Errors: 0, Skipped: 0, Time elapsed: 0.006 s -- in org.apache.wicket.resource.UtfPropertiesFilePropertiesLoaderTest
[INFO] [INFO] Running org.apache.wicket.resource.ResourceUtilTest
[INFO] [INFO] Tests run: 8, Failures: 0, Errors: 0, Skipped: 0, Time elapsed: 0.043 s -- in org.apache.wicket.resource.ResourceUtilTest
[INFO] [INFO] Running org.apache.wicket.resource.BundleStringResourceLoaderTest
[INFO] [INFO] Tests run: 6, Failures: 0, Errors: 0, Skipped: 0, Time elapsed: 0.016 s -- in org.apache.wicket.resource.BundleStringResourceLoaderTest
[INFO] [INFO] Running org.apache.wicket.resource.CssUrlReplacerTest
[INFO] [INFO] Tests run: 9, Failures: 0, Errors: 0, Skipped: 0, Time elapsed: 0.038 s -- in org.apache.wicket.resource.CssUrlReplacerTest
[INFO] [INFO] Running org.apache.wicket.resource.aggregator.ResourceAggregatorTest
[INFO] [INFO] Tests run: 15, Failures: 0, Errors: 0, Skipped: 0, Time elapsed: 0.031 s -- in org.apache.wicket.resource.aggregator.ResourceAggregatorTest
[INFO] [INFO] Running org.apache.wicket.resource.aggregator.ResourceAggregatorRenderTest
[INFO] [INFO] Tests run: 2, Failures: 0, Errors: 0, Skipped: 0, Time elapsed: 0.014 s -- in org.apache.wicket.resource.aggregator.ResourceAggregatorRenderTest
[INFO] [INFO] Running org.apache.wicket.page.XmlPartialPageUpdateTest
[INFO] [INFO] Tests run: 3, Failures: 0, Errors: 0, Skipped: 0, Time elapsed: 0.011 s -- in org.apache.wicket.page.XmlPartialPageUpdateTest
[INFO] [INFO] Running org.apache.wicket.page.expirationrecovery.PageExpirationRecoveryTest
[INFO] [INFO] Tests run: 3, Failures: 0, Errors: 0, Skipped: 0, Time elapsed: 0.112 s -- in org.apache.wicket.page.expirationrecovery.PageExpirationRecoveryTest
[INFO] [INFO] Running org.apache.wicket.page.PersistentPageManagerTest
[INFO] [INFO] Tests run: 1, Failures: 0, Errors: 0, Skipped: 0, Time elapsed: 0.014 s -- in org.apache.wicket.page.PersistentPageManagerTest
[INFO] [INFO] Running org.apache.wicket.page.AsyncPageStoreManagerTest
[INFO] [INFO] Tests run: 1, Failures: 0, Errors: 0, Skipped: 0, Time elapsed: 0.002 s -- in org.apache.wicket.page.AsyncPageStoreManagerTest
[INFO] [INFO] Running org.apache.wicket.page.PageAccessSynchronizerTest
[INFO] [INFO] Tests run: 7, Failures: 0, Errors: 0, Skipped: 0, Time elapsed: 42.02 s -- in org.apache.wicket.page.PageAccessSynchronizerTest
[INFO] [INFO] Running org.apache.wicket.csp.CSPSettingRequestCycleListenerTest
[INFO] [INFO] Tests run: 32, Failures: 0, Errors: 0, Skipped: 0, Time elapsed: 0.058 s -- in org.apache.wicket.csp.CSPSettingRequestCycleListenerTest
[INFO] [INFO] Running org.apache.wicket.csp.CSPDirectiveTest
[INFO] [INFO] Tests run: 3, Failures: 0, Errors: 0, Skipped: 0, Time elapsed: 0.001 s -- in org.apache.wicket.csp.CSPDirectiveTest
[INFO] [INFO] Running org.apache.wicket.csp.CSPHeaderWriterTest
[INFO] [INFO] Tests run: 5, Failures: 0, Errors: 0, Skipped: 0, Time elapsed: 0.023 s -- in org.apache.wicket.csp.CSPHeaderWriterTest
[INFO] [INFO] Running org.apache.wicket.queueing.transparentresolvers.DequeueingTransparentWebMarkupContainerTest
[INFO] [INFO] Tests run: 2, Failures: 0, Errors: 0, Skipped: 0, Time elapsed: 0.010 s -- in org.apache.wicket.queueing.transparentresolvers.DequeueingTransparentWebMarkupContainerTest
[INFO] [INFO] Running org.apache.wicket.queueing.ComponentQueueingPerformanceTest
[INFO] add duration: 1540 queue duration: 7583
[INFO] [INFO] Tests run: 2, Failures: 0, Errors: 0, Skipped: 0, Time elapsed: 13.77 s -- in org.apache.wicket.queueing.ComponentQueueingPerformanceTest
[INFO] [INFO] Running org.apache.wicket.queueing.ComponentQueueingTest
[INFO] [INFO] Tests run: 41, Failures: 0, Errors: 0, Skipped: 0, Time elapsed: 0.120 s -- in org.apache.wicket.queueing.ComponentQueueingTest
[INFO] [INFO] Running org.apache.wicket.redirect.abort.AbortExceptionTest
[INFO] [INFO] Tests run: 2, Failures: 0, Errors: 0, Skipped: 0, Time elapsed: 0.006 s -- in org.apache.wicket.redirect.abort.AbortExceptionTest
[INFO] [INFO] Running org.apache.wicket.redirect.intercept.InterceptTest
[INFO] [INFO] Tests run: 2, Failures: 0, Errors: 0, Skipped: 0, Time elapsed: 0.010 s -- in org.apache.wicket.redirect.intercept.InterceptTest
[INFO] [INFO] Running org.apache.wicket.redirect.RestartWithMountedPageTest
[INFO] [INFO] Tests run: 1, Failures: 0, Errors: 0, Skipped: 0, Time elapsed: 0.003 s -- in org.apache.wicket.redirect.RestartWithMountedPageTest
[INFO] [INFO] Running org.apache.wicket.FeedbackMessagesTest
[INFO] [INFO] Tests run: 1, Failures: 0, Errors: 0, Skipped: 0, Time elapsed: 0.002 s -- in org.apache.wicket.FeedbackMessagesTest
[INFO] [INFO] Running org.apache.wicket.DefaultPageManagerProviderTest
[INFO] [INFO] Tests run: 1, Failures: 0, Errors: 0, Skipped: 0, Time elapsed: 0.004 s -- in org.apache.wicket.DefaultPageManagerProviderTest
[INFO] [INFO] Running org.apache.wicket.AttributeModifierTest
[INFO] [INFO] Tests run: 18, Failures: 0, Errors: 0, Skipped: 0, Time elapsed: 0.014 s -- in org.apache.wicket.AttributeModifierTest
[INFO] [INFO] Running org.apache.wicket.model.ResourceModelTest
[INFO] [INFO] Tests run: 2, Failures: 0, Errors: 0, Skipped: 0, Time elapsed: 0.016 s -- in org.apache.wicket.model.ResourceModelTest
[INFO] [INFO] Running org.apache.wicket.model.CompoundPropertyModelTest
[INFO] [INFO] Tests run: 1, Failures: 0, Errors: 0, Skipped: 0, Time elapsed: 0.003 s -- in org.apache.wicket.model.CompoundPropertyModelTest
[INFO] [INFO] Running org.apache.wicket.model.AbstractPropertyModelObjectClassTest
[INFO] [INFO] Tests run: 4, Failures: 0, Errors: 0, Skipped: 0, Time elapsed: 0.001 s -- in org.apache.wicket.model.AbstractPropertyModelObjectClassTest
[INFO] [INFO] Running org.apache.wicket.model.LoadableDetachableModelTest
[INFO] [INFO] Tests run: 4, Failures: 0, Errors: 0, Skipped: 0, Time elapsed: 0.014 s -- in org.apache.wicket.model.LoadableDetachableModelTest
[INFO] [INFO] Running org.apache.wicket.model.PropertyModelTest
[INFO] [INFO] Tests run: 4, Failures: 0, Errors: 0, Skipped: 0, Time elapsed: 0.004 s -- in org.apache.wicket.model.PropertyModelTest
[INFO] [INFO] Running org.apache.wicket.model.StringResourceModelTest
[INFO] [INFO] Tests run: 14, Failures: 0, Errors: 0, Skipped: 0, Time elapsed: 0.025 s -- in org.apache.wicket.model.StringResourceModelTest
[INFO] [INFO] Running org.apache.wicket.model.PropertyModelWithListTest
[INFO] [INFO] Tests run: 3, Failures: 0, Errors: 0, Skipped: 0, Time elapsed: 0.002 s -- in org.apache.wicket.model.PropertyModelWithListTest
[INFO] [INFO] Running org.apache.wicket.model.LambdaModelTest
[INFO] [INFO] Tests run: 4, Failures: 0, Errors: 0, Skipped: 0, Time elapsed: 0.011 s -- in org.apache.wicket.model.LambdaModelTest
[INFO] [INFO] Running org.apache.wicket.model.InheritedModelTest
[INFO] [INFO] Tests run: 4, Failures: 0, Errors: 0, Skipped: 0, Time elapsed: 0.011 s -- in org.apache.wicket.model.InheritedModelTest
[INFO] [INFO] Running org.apache.wicket.model.ModelToStringTest
[INFO] [INFO] Tests run: 5, Failures: 0, Errors: 0, Skipped: 0, Time elapsed: 0.007 s -- in org.apache.wicket.model.ModelToStringTest
[INFO] [INFO] Running org.apache.wicket.model.ChainingModelTest
[INFO] [INFO] Tests run: 4, Failures: 0, Errors: 0, Skipped: 0, Time elapsed: 0.002 s -- in org.apache.wicket.model.ChainingModelTest
[INFO] [INFO] Running org.apache.wicket.model.DetachableTest
[INFO] [INFO] Tests run: 1, Failures: 0, Errors: 0, Skipped: 0, Time elapsed: 0.002 s -- in org.apache.wicket.model.DetachableTest
[INFO] [INFO] Running org.apache.wicket.model.ModelDetachTest
[INFO] [INFO] Tests run: 4, Failures: 0, Errors: 0, Skipped: 0, Time elapsed: 0.002 s -- in org.apache.wicket.model.ModelDetachTest
[INFO] [INFO] Running org.apache.wicket.model.IModelTest
[INFO] [INFO] Tests run: 22, Failures: 0, Errors: 0, Skipped: 0, Time elapsed: 0.040 s -- in org.apache.wicket.model.IModelTest
[INFO] [INFO] Running org.apache.wicket.DefaultExceptionMapperResourceBlockedProdModeTest
[INFO] [INFO] Tests run: 1, Failures: 0, Errors: 0, Skipped: 0, Time elapsed: 0.002 s -- in org.apache.wicket.DefaultExceptionMapperResourceBlockedProdModeTest
[INFO] [INFO] Running org.apache.wicket.coep.CrossOriginEmbedderPolicyRequestCycleListenerTest
[INFO] [INFO] Tests run: 4, Failures: 0, Errors: 0, Skipped: 0, Time elapsed: 0.010 s -- in org.apache.wicket.coep.CrossOriginEmbedderPolicyRequestCycleListenerTest
[INFO] [INFO] Running org.apache.wicket.ApplicationMetadataTest
[INFO] [INFO] Tests run: 3, Failures: 0, Errors: 0, Skipped: 0, Time elapsed: 0.002 s -- in org.apache.wicket.ApplicationMetadataTest
[INFO] [INFO] Running org.apache.wicket.MetaDataTest
[INFO] [INFO] Tests run: 1, Failures: 0, Errors: 0, Skipped: 0, Time elapsed: 0.001 s -- in org.apache.wicket.MetaDataTest
[INFO] [INFO] Running org.apache.wicket.DefaultExceptionMapperTest
[INFO] [INFO] Tests run: 3, Failures: 0, Errors: 0, Skipped: 0, Time elapsed: 0.080 s -- in org.apache.wicket.DefaultExceptionMapperTest
[INFO] [INFO] Running org.apache.wicket.MarkupContainerTest
[INFO] [INFO] Tests run: 56, Failures: 0, Errors: 0, Skipped: 0, Time elapsed: 0.124 s -- in org.apache.wicket.MarkupContainerTest
[INFO] [INFO] Running org.apache.wicket.ComponentEventsTest
[INFO] [INFO] Tests run: 37, Failures: 0, Errors: 0, Skipped: 0, Time elapsed: 0.049 s -- in org.apache.wicket.ComponentEventsTest
[INFO] [INFO] Running org.apache.wicket.versioning.PageVersioningTest
[INFO] [INFO] Tests run: 1, Failures: 0, Errors: 0, Skipped: 0, Time elapsed: 0.062 s -- in org.apache.wicket.versioning.PageVersioningTest
[INFO] [INFO] Running org.apache.wicket.noheadnobody.NoHeadNoBodyTest
[INFO] [INFO] Tests run: 2, Failures: 0, Errors: 0, Skipped: 0, Time elapsed: 0.009 s -- in org.apache.wicket.noheadnobody.NoHeadNoBodyTest
[INFO] [INFO] Running org.apache.wicket.ajax.AjaxBehaviorAndMetaDataTest
[INFO] [INFO] Tests run: 1, Failures: 0, Errors: 0, Skipped: 0, Time elapsed: 0.008 s -- in org.apache.wicket.ajax.AjaxBehaviorAndMetaDataTest
[INFO] [INFO] Running org.apache.wicket.ajax.AjaxRequestHandlerTest
[INFO] [INFO] Tests run: 13, Failures: 0, Errors: 0, Skipped: 0, Time elapsed: 0.085 s -- in org.apache.wicket.ajax.AjaxRequestHandlerTest
[INFO] [INFO] Running org.apache.wicket.ajax.AjaxChannelTest
[INFO] [INFO] Tests run: 1, Failures: 0, Errors: 0, Skipped: 0, Time elapsed: 0.002 s -- in org.apache.wicket.ajax.AjaxChannelTest
[INFO] [INFO] Running org.apache.wicket.ajax.AjaxBehaviorEnabledTest
[INFO] [INFO] Tests run: 1, Failures: 0, Errors: 0, Skipped: 0, Time elapsed: 0.008 s -- in org.apache.wicket.ajax.AjaxBehaviorEnabledTest
[INFO] [INFO] Running org.apache.wicket.ajax.AjaxTimerBehaviorTest
[INFO] [INFO] Tests run: 7, Failures: 0, Errors: 0, Skipped: 0, Time elapsed: 0.039 s -- in org.apache.wicket.ajax.AjaxTimerBehaviorTest
[INFO] [INFO] Running org.apache.wicket.ajax.markup.html.StatelessAjaxFallbackLinkDoNotRecreateTest
[INFO] [INFO] Tests run: 1, Failures: 0, Errors: 0, Skipped: 0, Time elapsed: 0.007 s -- in org.apache.wicket.ajax.markup.html.StatelessAjaxFallbackLinkDoNotRecreateTest
[INFO] [INFO] Running org.apache.wicket.ajax.markup.html.ComponentNotOnPageTest
[INFO] [INFO] Tests run: 2, Failures: 0, Errors: 0, Skipped: 0, Time elapsed: 0.010 s -- in org.apache.wicket.ajax.markup.html.ComponentNotOnPageTest
[INFO] [INFO] Running org.apache.wicket.ajax.markup.html.StatelessAjaxFallbackLinkTest
[INFO] [1, 2]
[INFO] [1, 2, 3]
[INFO] [INFO] Tests run: 1, Failures: 0, Errors: 0, Skipped: 0, Time elapsed: 0.021 s -- in org.apache.wicket.ajax.markup.html.StatelessAjaxFallbackLinkTest
[INFO] [INFO] Running org.apache.wicket.ajax.markup.html.componentMap.SimpleTestPanelTest
[INFO] [INFO] Tests run: 1, Failures: 0, Errors: 0, Skipped: 0, Time elapsed: 0.010 s -- in org.apache.wicket.ajax.markup.html.componentMap.SimpleTestPanelTest
[INFO] [INFO] Running org.apache.wicket.ajax.markup.html.form.StatelessAjaxSubmitLinkTest
[INFO] [INFO] Tests run: 1, Failures: 0, Errors: 0, Skipped: 0, Time elapsed: 0.027 s -- in org.apache.wicket.ajax.markup.html.form.StatelessAjaxSubmitLinkTest
[INFO] [INFO] Running org.apache.wicket.ajax.markup.html.form.AjaxButtonTest
[INFO] [INFO] Tests run: 1, Failures: 0, Errors: 0, Skipped: 0, Time elapsed: 0.022 s -- in org.apache.wicket.ajax.markup.html.form.AjaxButtonTest
[INFO] [INFO] Running org.apache.wicket.ajax.markup.html.ajaxLink.AjaxLinkTest
[INFO] [INFO] Tests run: 5, Failures: 0, Errors: 0, Skipped: 0, Time elapsed: 0.029 s -- in org.apache.wicket.ajax.markup.html.ajaxLink.AjaxLinkTest
[INFO] [INFO] Running org.apache.wicket.ajax.markup.html.AjaxFallbackLinkTest
[INFO] [INFO] Tests run: 1, Failures: 0, Errors: 0, Skipped: 0, Time elapsed: 0.004 s -- in org.apache.wicket.ajax.markup.html.AjaxFallbackLinkTest
[INFO] [INFO] Running org.apache.wicket.ajax.form.AjaxFormSubmitTest
[INFO] [INFO] Tests run: 4, Failures: 0, Errors: 0, Skipped: 0, Time elapsed: 0.090 s -- in org.apache.wicket.ajax.form.AjaxFormSubmitTest
[INFO] [INFO] Running org.apache.wicket.ajax.form.AjaxFormValidatingBehaviorTest
[INFO] [INFO] Tests run: 2, Failures: 0, Errors: 0, Skipped: 0, Time elapsed: 0.046 s -- in org.apache.wicket.ajax.form.AjaxFormValidatingBehaviorTest
[INFO] [INFO] Running org.apache.wicket.ajax.form.OnChangeAjaxBehaviorTest
[INFO] [INFO] Tests run: 2, Failures: 0, Errors: 0, Skipped: 0, Time elapsed: 0.034 s -- in org.apache.wicket.ajax.form.OnChangeAjaxBehaviorTest
[INFO] [INFO] Running org.apache.wicket.ajax.form.AjaxFormSubmitBehaviorTest
[INFO] [INFO] Tests run: 3, Failures: 0, Errors: 0, Skipped: 0, Time elapsed: 0.053 s -- in org.apache.wicket.ajax.form.AjaxFormSubmitBehaviorTest
[INFO] [INFO] Running org.apache.wicket.ajax.form.AjaxFormChoiceComponentUpdatingBehaviorTest
[INFO] [INFO] Tests run: 1, Failures: 0, Errors: 0, Skipped: 0, Time elapsed: 0.019 s -- in org.apache.wicket.ajax.form.AjaxFormChoiceComponentUpdatingBehaviorTest
[INFO] [INFO] Running org.apache.wicket.ajax.AjaxComponentVisibilityTest
[INFO] [INFO] Tests run: 1, Failures: 0, Errors: 0, Skipped: 0, Time elapsed: 0.005 s -- in org.apache.wicket.ajax.AjaxComponentVisibilityTest
[INFO] [INFO] Running org.apache.wicket.ajax.AjaxEventBehaviorTest
[ERROR] <?xml version="1.0" encoding="UTF-8"?><ajax-response><component id="comp1" ><![CDATA[<span wicket:id="comp" id="comp1"></span>]]></component><header-contribution><![CDATA[<head xmlns:wicket="http://wicket.apache.org"><script type="text/javascript" src="./resource/org.apache.wicket.resource.JQueryResourceReference/jquery/jquery-3.7.1.js"></script>
[ERROR] <script type="text/javascript" src="./resource/org.apache.wicket.ajax.AbstractDefaultAjaxBehavior/res/js/wicket-ajax-jquery.js"></script>
[ERROR] <script type="text/javascript" id="wicket-ajax-debug-enable">
[ERROR] /*<![CDATA[*/
[ERROR] Wicket.Log.enabled=true;
[ERROR] /*]]]]><![CDATA[>*/
[ERROR] </script>
[ERROR] <script type="text/javascript" id="wicket-ajax-base-url">
[ERROR] /*<![CDATA[*/
[ERROR] Wicket.Ajax.baseUrl="wicket/page?0-1.0-comp";
[ERROR] /*]]]]><![CDATA[>*/
[ERROR] </script>
[ERROR] </head>]]></header-contribution><evaluate><![CDATA[<head xmlns:wicket="http://wicket.apache.org"><script type="text/javascript">
[ERROR] /*<![CDATA[*/
[ERROR] (function(){Wicket.Ajax.ajax({"u":"./page?0-1.0-comp","c":"comp1","e":"load"});})();
[ERROR] /*]]]]><![CDATA[>*/
[ERROR] </script>
[ERROR] </head>]]></evaluate></ajax-response>
[INFO] [INFO] Tests run: 6, Failures: 0, Errors: 0, Skipped: 0, Time elapsed: 0.009 s -- in org.apache.wicket.ajax.AjaxEventBehaviorTest
[INFO] [INFO] Running org.apache.wicket.ajax.AjaxHeaderContributionTest
[INFO] [INFO] Tests run: 2, Failures: 0, Errors: 0, Skipped: 0, Time elapsed: 0.014 s -- in org.apache.wicket.ajax.AjaxHeaderContributionTest
[INFO] [INFO] Running org.apache.wicket.ajax.DomReadyOrderTest
[INFO] [INFO] Tests run: 3, Failures: 0, Errors: 0, Skipped: 0, Time elapsed: 0.027 s -- in org.apache.wicket.ajax.DomReadyOrderTest
[INFO] [INFO] Running org.apache.wicket.ajax.GlobalUpdateAjaxAttributesTest
[INFO] [INFO] Tests run: 1, Failures: 0, Errors: 0, Skipped: 0, Time elapsed: 0.003 s -- in org.apache.wicket.ajax.GlobalUpdateAjaxAttributesTest
[INFO] [INFO] Running org.apache.wicket.ajax.attributes.AjaxAttributeNameTest
[INFO] [INFO] Tests run: 2, Failures: 0, Errors: 0, Skipped: 0, Time elapsed: 0.001 s -- in org.apache.wicket.ajax.attributes.AjaxAttributeNameTest
[INFO] [INFO] Running org.apache.wicket.ajax.AbstractDefaultAjaxBehaviorTest
[INFO] [INFO] Tests run: 4, Failures: 0, Errors: 0, Skipped: 0, Time elapsed: 0.148 s -- in org.apache.wicket.ajax.AbstractDefaultAjaxBehaviorTest
[INFO] [INFO] Running org.apache.wicket.ajax.InternalErrorCallsAjaxOnFailureTest
[INFO] [INFO] Tests run: 2, Failures: 0, Errors: 0, Skipped: 0, Time elapsed: 0.037 s -- in org.apache.wicket.ajax.InternalErrorCallsAjaxOnFailureTest
[INFO] [INFO] Running org.apache.wicket.ajax.json.JsonUtilsTest
[INFO] [INFO] Tests run: 1, Failures: 0, Errors: 0, Skipped: 0, Time elapsed: 0.001 s -- in org.apache.wicket.ajax.json.JsonUtilsTest
[INFO] [INFO] Running org.apache.wicket.ajax.AjaxCallbackFunctionTest
[INFO] [INFO] Tests run: 7, Failures: 0, Errors: 0, Skipped: 0, Time elapsed: 0.045 s -- in org.apache.wicket.ajax.AjaxCallbackFunctionTest
[INFO] [INFO] Running org.apache.wicket.dontstoreunrendered.DontStoreNotRenderedPageRedirectToRenderTest
[INFO] [INFO] Tests run: 1, Failures: 0, Errors: 0, Skipped: 0, Time elapsed: 0.028 s -- in org.apache.wicket.dontstoreunrendered.DontStoreNotRenderedPageRedirectToRenderTest
[INFO] [INFO] Running org.apache.wicket.dontstoreunrendered.DontStoreNotRenderedPageOnePassRenderTest
[INFO] [INFO] Tests run: 1, Failures: 0, Errors: 0, Skipped: 0, Time elapsed: 0.008 s -- in org.apache.wicket.dontstoreunrendered.DontStoreNotRenderedPageOnePassRenderTest
[INFO] [INFO] Running org.apache.wicket.dontstoreunrendered.DontStoreNotRenderedPageRedirectToBufferTest
[INFO] [INFO] Tests run: 1, Failures: 0, Errors: 0, Skipped: 0, Time elapsed: 0.009 s -- in org.apache.wicket.dontstoreunrendered.DontStoreNotRenderedPageRedirectToBufferTest
[INFO] [INFO] Running org.apache.wicket.authorization.ComponentIsRenderedAllowedTest
[INFO] [INFO] Tests run: 2, Failures: 0, Errors: 0, Skipped: 0, Time elapsed: 0.006 s -- in org.apache.wicket.authorization.ComponentIsRenderedAllowedTest
[INFO] [INFO] Running org.apache.wicket.markupFragments.MarkupFragmentTest
[INFO] [INFO] Tests run: 8, Failures: 0, Errors: 0, Skipped: 0, Time elapsed: 0.027 s -- in org.apache.wicket.markupFragments.MarkupFragmentTest
[INFO] [INFO] Running org.apache.wicket.stateless.TemporarySessionTest
[INFO] [INFO] Tests run: 1, Failures: 0, Errors: 0, Skipped: 0, Time elapsed: 0.057 s -- in org.apache.wicket.stateless.TemporarySessionTest
[INFO] [INFO] Running org.apache.wicket.stateless.StatelessDynmicLinksTest
[INFO] [INFO] Tests run: 1, Failures: 0, Errors: 0, Skipped: 0, Time elapsed: 0.011 s -- in org.apache.wicket.stateless.StatelessDynmicLinksTest
[INFO] [INFO] Running org.apache.wicket.stateless.pages.RefreshStatelessPageTest
[INFO] [INFO] Tests run: 1, Failures: 0, Errors: 0, Skipped: 0, Time elapsed: 0.005 s -- in org.apache.wicket.stateless.pages.RefreshStatelessPageTest
[INFO] [INFO] Running org.apache.wicket.stateless.pages.StatelessFormTest
[INFO] [INFO] Tests run: 1, Failures: 0, Errors: 0, Skipped: 0, Time elapsed: 0.028 s -- in org.apache.wicket.stateless.pages.StatelessFormTest
[INFO] [INFO] Running org.apache.wicket.stateless.StatelessPageWithFeedbackTest
[INFO] [INFO] Tests run: 1, Failures: 0, Errors: 0, Skipped: 0, Time elapsed: 0.027 s -- in org.apache.wicket.stateless.StatelessPageWithFeedbackTest
[INFO] [INFO] Running org.apache.wicket.stateless.ImageStatelessTest
[INFO] [INFO] Tests run: 2, Failures: 0, Errors: 0, Skipped: 0, Time elapsed: 0.007 s -- in org.apache.wicket.stateless.ImageStatelessTest
[INFO] [INFO] Running org.apache.wicket.stateless.StatelessFormTest
[INFO] [INFO] Tests run: 4, Failures: 0, Errors: 0, Skipped: 0, Time elapsed: 0.119 s -- in org.apache.wicket.stateless.StatelessFormTest
[INFO] [INFO] Running org.apache.wicket.stateless.StatelessFormUrlTest
[INFO] [INFO] Tests run: 2, Failures: 0, Errors: 0, Skipped: 0, Time elapsed: 0.035 s -- in org.apache.wicket.stateless.StatelessFormUrlTest
[INFO] [INFO] Running org.apache.wicket.stateless.StatelessComponentTest
[INFO] [INFO] Tests run: 5, Failures: 0, Errors: 0, Skipped: 0, Time elapsed: 0.031 s -- in org.apache.wicket.stateless.StatelessComponentTest
[INFO] [INFO] Running org.apache.wicket.DefaultExceptionMapperResourceBlockedDevModeTest
[INFO] [INFO] Tests run: 1, Failures: 0, Errors: 0, Skipped: 0, Time elapsed: 0.002 s -- in org.apache.wicket.DefaultExceptionMapperResourceBlockedDevModeTest
[INFO] [INFO] Running org.apache.wicket.MarkupIdGeneratorTest
[INFO] [INFO] Tests run: 2, Failures: 0, Errors: 0, Skipped: 0, Time elapsed: 0.003 s -- in org.apache.wicket.MarkupIdGeneratorTest
[INFO] [INFO] Running org.apache.wicket.markup.DefaultMarkupCacheKeyProviderTest
[INFO] [INFO] Tests run: 1, Failures: 0, Errors: 0, Skipped: 0, Time elapsed: 0.003 s -- in org.apache.wicket.markup.DefaultMarkupCacheKeyProviderTest
[INFO] [INFO] Running org.apache.wicket.markup.outputTransformer.OutputTransformerContainerTest
[INFO] [INFO] Tests run: 3, Failures: 0, Errors: 0, Skipped: 0, Time elapsed: 0.236 s -- in org.apache.wicket.markup.outputTransformer.OutputTransformerContainerTest
[INFO] [INFO] Running org.apache.wicket.markup.head.HtmlImportHeaderItemTest
[INFO] [INFO] Tests run: 2, Failures: 0, Errors: 0, Skipped: 0, Time elapsed: 0.003 s -- in org.apache.wicket.markup.head.HtmlImportHeaderItemTest
[INFO] [INFO] Running org.apache.wicket.markup.head.JavaScriptDataBlockTypeTest
[INFO] [INFO] Tests run: 4, Failures: 0, Errors: 0, Skipped: 0, Time elapsed: 0.004 s -- in org.apache.wicket.markup.head.JavaScriptDataBlockTypeTest
[INFO] [INFO] Running org.apache.wicket.markup.head.JavaScriptContentHeaderItemTest
[INFO] [INFO] Tests run: 4, Failures: 0, Errors: 0, Skipped: 0, Time elapsed: 0.002 s -- in org.apache.wicket.markup.head.JavaScriptContentHeaderItemTest
[INFO] [INFO] Running org.apache.wicket.markup.head.AbstractJavaScriptReferenceHeaderItemTest
[INFO] [INFO] Tests run: 4, Failures: 0, Errors: 0, Skipped: 0, Time elapsed: 0.002 s -- in org.apache.wicket.markup.head.AbstractJavaScriptReferenceHeaderItemTest
[INFO] [INFO] Running org.apache.wicket.markup.head.MetaDataHeaderItemTest
[INFO] [INFO] Tests run: 5, Failures: 0, Errors: 0, Skipped: 0, Time elapsed: 0.001 s -- in org.apache.wicket.markup.head.MetaDataHeaderItemTest
[INFO] [INFO] Running org.apache.wicket.markup.head.filter.FilteringHeaderResponseTest
[INFO] [INFO] Tests run: 4, Failures: 0, Errors: 0, Skipped: 0, Time elapsed: 0.024 s -- in org.apache.wicket.markup.head.filter.FilteringHeaderResponseTest
[INFO] [INFO] Running org.apache.wicket.markup.head.HeaderResponseTest
[INFO] [INFO] Tests run: 3, Failures: 0, Errors: 0, Skipped: 0, Time elapsed: 0.014 s -- in org.apache.wicket.markup.head.HeaderResponseTest
[INFO] [INFO] Running org.apache.wicket.markup.HtmlProblemFinderTest
[INFO] [INFO] Tests run: 1, Failures: 0, Errors: 0, Skipped: 0, Time elapsed: 0.002 s -- in org.apache.wicket.markup.HtmlProblemFinderTest
[INFO] [INFO] Running org.apache.wicket.markup.transformer.AbstractTransformerBehaviorTest
[INFO] [INFO] Tests run: 2, Failures: 0, Errors: 0, Skipped: 0, Time elapsed: 0.015 s -- in org.apache.wicket.markup.transformer.AbstractTransformerBehaviorTest
[INFO] [INFO] Running org.apache.wicket.markup.WicketNamespaceTest
[INFO] [INFO] Tests run: 9, Failures: 0, Errors: 0, Skipped: 0, Time elapsed: 0.028 s -- in org.apache.wicket.markup.WicketNamespaceTest
[INFO] [INFO] Running org.apache.wicket.markup.MarkupParserTest
[INFO] [INFO] Tests run: 19, Failures: 0, Errors: 0, Skipped: 0, Time elapsed: 0.022 s -- in org.apache.wicket.markup.MarkupParserTest
[INFO] [INFO] Running org.apache.wicket.markup.MarkupVariationTest
[INFO] [INFO] Tests run: 2, Failures: 0, Errors: 0, Skipped: 0, Time elapsed: 0.122 s -- in org.apache.wicket.markup.MarkupVariationTest
[INFO] [INFO] Running org.apache.wicket.markup.MarkupTest
[INFO] [INFO] Tests run: 1, Failures: 0, Errors: 0, Skipped: 0, Time elapsed: 0.004 s -- in org.apache.wicket.markup.MarkupTest
[INFO] [INFO] Running org.apache.wicket.markup.repeater.AbstractPageableViewTest
[INFO] [INFO] Tests run: 1, Failures: 0, Errors: 0, Skipped: 0, Time elapsed: 0.006 s -- in org.apache.wicket.markup.repeater.AbstractPageableViewTest
[INFO] [INFO] Running org.apache.wicket.markup.MarkupFragmentTest
[INFO] [INFO] Tests run: 4, Failures: 0, Errors: 0, Skipped: 0, Time elapsed: 0.004 s -- in org.apache.wicket.markup.MarkupFragmentTest
[INFO] [INFO] Running org.apache.wicket.markup.MarkupCacheTest
[INFO] [INFO] Tests run: 2, Failures: 0, Errors: 0, Skipped: 0, Time elapsed: 0.007 s -- in org.apache.wicket.markup.MarkupCacheTest
[INFO] [INFO] Running org.apache.wicket.markup.parser.MergedMarkupTest
[INFO] [INFO] Tests run: 2, Failures: 0, Errors: 0, Skipped: 0, Time elapsed: 0.005 s -- in org.apache.wicket.markup.parser.MergedMarkupTest
[INFO] [INFO] Running org.apache.wicket.markup.parser.XmlPullParserTest
[INFO] [INFO] Tests run: 13, Failures: 0, Errors: 0, Skipped: 0, Time elapsed: 0.007 s -- in org.apache.wicket.markup.parser.XmlPullParserTest
[INFO] [INFO] Running org.apache.wicket.markup.parser.RelativePathPrefixHandlerTest
[INFO] [INFO] Tests run: 3, Failures: 0, Errors: 0, Skipped: 0, Time elapsed: 0.010 s -- in org.apache.wicket.markup.parser.RelativePathPrefixHandlerTest
[INFO] [INFO] Running org.apache.wicket.markup.parser.filter.HtmlHeaderSectionHandlerTest
[INFO] [INFO] Tests run: 1, Failures: 0, Errors: 0, Skipped: 0, Time elapsed: 0.002 s -- in org.apache.wicket.markup.parser.filter.HtmlHeaderSectionHandlerTest
[INFO] [INFO] Running org.apache.wicket.markup.parser.filter.HtmlHandlerTest
[INFO] [INFO] Tests run: 1, Failures: 0, Errors: 0, Skipped: 0, Time elapsed: 0.004 s -- in org.apache.wicket.markup.parser.filter.HtmlHandlerTest
[INFO] [INFO] Running org.apache.wicket.markup.parser.filter.DoubleHeaderPartPageTest
[INFO] [INFO] Tests run: 1, Failures: 0, Errors: 0, Skipped: 0, Time elapsed: 0.007 s -- in org.apache.wicket.markup.parser.filter.DoubleHeaderPartPageTest
[INFO] [INFO] Running org.apache.wicket.markup.parser.filter.OpenCloseTagExpanderTest
[INFO] [INFO] Tests run: 4, Failures: 0, Errors: 0, Skipped: 0, Time elapsed: 0.009 s -- in org.apache.wicket.markup.parser.filter.OpenCloseTagExpanderTest
[INFO] [INFO] Running org.apache.wicket.markup.parser.filter.HeaderSectionTest
[INFO] [INFO] Tests run: 21, Failures: 0, Errors: 0, Skipped: 0, Time elapsed: 0.097 s -- in org.apache.wicket.markup.parser.filter.HeaderSectionTest
[INFO] [INFO] Running org.apache.wicket.markup.parser.filter.StyleAndScriptIdentifierTest
[INFO] [INFO] Tests run: 3, Failures: 0, Errors: 0, Skipped: 0, Time elapsed: 0.005 s -- in org.apache.wicket.markup.parser.filter.StyleAndScriptIdentifierTest
[INFO] [INFO] Running org.apache.wicket.markup.resolver.border.WicketMessageResolverTest
[INFO] [INFO] Tests run: 1, Failures: 0, Errors: 0, Skipped: 0, Time elapsed: 0.008 s -- in org.apache.wicket.markup.resolver.border.WicketMessageResolverTest
[INFO] [INFO] Running org.apache.wicket.markup.resolver.AutoLinkResolverTest
[INFO] [INFO] Tests run: 3, Failures: 0, Errors: 0, Skipped: 0, Time elapsed: 0.010 s -- in org.apache.wicket.markup.resolver.AutoLinkResolverTest
[INFO] [INFO] Running org.apache.wicket.markup.resolver.issue3559.MyTest
[INFO] [INFO] Tests run: 1, Failures: 0, Errors: 0, Skipped: 0, Time elapsed: 0.006 s -- in org.apache.wicket.markup.resolver.issue3559.MyTest
[INFO] [INFO] Running org.apache.wicket.markup.resolver.inparent.AutoLinkResolveInParentsMarkupTest
[INFO] [INFO] Tests run: 1, Failures: 0, Errors: 0, Skipped: 0, Time elapsed: 0.004 s -- in org.apache.wicket.markup.resolver.inparent.AutoLinkResolveInParentsMarkupTest
[INFO] [INFO] Running org.apache.wicket.markup.resolver.WicketMessageResolverTest
[INFO] [INFO] Tests run: 9, Failures: 0, Errors: 0, Skipped: 0, Time elapsed: 0.072 s -- in org.apache.wicket.markup.resolver.WicketMessageResolverTest
[INFO] [INFO] Running org.apache.wicket.markup.resolver.issue5569.Issue5569Test
[INFO] [INFO] Tests run: 1, Failures: 0, Errors: 0, Skipped: 0, Time elapsed: 0.005 s -- in org.apache.wicket.markup.resolver.issue5569.Issue5569Test
[INFO] [INFO] Running org.apache.wicket.markup.resolver.WicketContainerResolverTest
[INFO] [INFO] Tests run: 1, Failures: 0, Errors: 0, Skipped: 0, Time elapsed: 0.003 s -- in org.apache.wicket.markup.resolver.WicketContainerResolverTest
[INFO] [INFO] Running org.apache.wicket.markup.resolver.issue3989.Issue3989Test
[INFO] [INFO] Tests run: 1, Failures: 0, Errors: 0, Skipped: 0, Time elapsed: 0.005 s -- in org.apache.wicket.markup.resolver.issue3989.Issue3989Test
[INFO] [INFO] Running org.apache.wicket.markup.html.autocomponent.AutoComponentsGenerationTest
[INFO] [INFO] Tests run: 3, Failures: 0, Errors: 0, Skipped: 0, Time elapsed: 0.012 s -- in org.apache.wicket.markup.html.autocomponent.AutoComponentsGenerationTest
[INFO] [INFO] Running org.apache.wicket.markup.html.autolink.AutolinkTest
[INFO] [INFO] Tests run: 4, Failures: 0, Errors: 0, Skipped: 0, Time elapsed: 0.019 s -- in org.apache.wicket.markup.html.autolink.AutolinkTest
[INFO] [INFO] Running org.apache.wicket.markup.html.autolink.AutoLinkInPanelsTest
[INFO] [INFO] Tests run: 2, Failures: 0, Errors: 0, Skipped: 0, Time elapsed: 0.013 s -- in org.apache.wicket.markup.html.autolink.AutoLinkInPanelsTest
[INFO] [INFO] Running org.apache.wicket.markup.html.WebPageTest
[INFO] [INFO] Tests run: 1, Failures: 0, Errors: 0, Skipped: 0, Time elapsed: 0.004 s -- in org.apache.wicket.markup.html.WebPageTest
[INFO] [INFO] Running org.apache.wicket.markup.html.border.ComponentBorderTest
[INFO] [INFO] Tests run: 7, Failures: 0, Errors: 0, Skipped: 0, Time elapsed: 0.050 s -- in org.apache.wicket.markup.html.border.ComponentBorderTest
[INFO] [INFO] Running org.apache.wicket.markup.html.PackageResourceTest
[INFO] [INFO] Tests run: 12, Failures: 0, Errors: 0, Skipped: 0, Time elapsed: 0.020 s -- in org.apache.wicket.markup.html.PackageResourceTest
[INFO] [INFO] Running org.apache.wicket.markup.html.PackageResourceGuardTest
[INFO] [INFO] Tests run: 3, Failures: 0, Errors: 0, Skipped: 0, Time elapsed: 0.006 s -- in org.apache.wicket.markup.html.PackageResourceGuardTest
[INFO] [INFO] Running org.apache.wicket.markup.html.MarkupHeadFirstTest
[INFO] [INFO] Tests run: 1, Failures: 0, Errors: 0, Skipped: 0, Time elapsed: 0.006 s -- in org.apache.wicket.markup.html.MarkupHeadFirstTest
[INFO] [INFO] Running org.apache.wicket.markup.html.internal.InlineEnclosureTest
[INFO] [INFO] Tests run: 7, Failures: 0, Errors: 0, Skipped: 0, Time elapsed: 0.029 s -- in org.apache.wicket.markup.html.internal.InlineEnclosureTest
[INFO] [INFO] Running org.apache.wicket.markup.html.internal.EnclosureTest
[INFO] [INFO] Tests run: 20, Failures: 0, Errors: 0, Skipped: 0, Time elapsed: 0.149 s -- in org.apache.wicket.markup.html.internal.EnclosureTest
[INFO] [INFO] Running org.apache.wicket.markup.html.internal.AjaxEnclosureTest
[INFO] [INFO] Tests run: 5, Failures: 0, Errors: 0, Skipped: 0, Time elapsed: 0.079 s -- in org.apache.wicket.markup.html.internal.AjaxEnclosureTest
[INFO] [INFO] Running org.apache.wicket.markup.html.internal.TogglePageTest
[INFO] [INFO] Tests run: 4, Failures: 0, Errors: 0, Skipped: 0, Time elapsed: 0.019 s -- in org.apache.wicket.markup.html.internal.TogglePageTest
[INFO] [INFO] Running org.apache.wicket.markup.html.internal.headeritems.HtmlHeaderItemsContainerTest
[INFO] [INFO] Tests run: 8, Failures: 0, Errors: 0, Skipped: 0, Time elapsed: 0.029 s -- in org.apache.wicket.markup.html.internal.headeritems.HtmlHeaderItemsContainerTest
[INFO] [INFO] Running org.apache.wicket.markup.html.internal.HtmlHeaderContainerTest
[INFO] [INFO] Tests run: 1, Failures: 0, Errors: 0, Skipped: 0, Time elapsed: 0.003 s -- in org.apache.wicket.markup.html.internal.HtmlHeaderContainerTest
[INFO] [INFO] Running org.apache.wicket.markup.html.internal.HeaderResponseTest
[INFO] [INFO] Tests run: 5, Failures: 0, Errors: 0, Skipped: 0, Time elapsed: 0.063 s -- in org.apache.wicket.markup.html.internal.HeaderResponseTest
[INFO] [INFO] Running org.apache.wicket.markup.html.TransparentWebMarkupContainerTest
[INFO] [INFO] Tests run: 14, Failures: 0, Errors: 0, Skipped: 0, Time elapsed: 0.061 s -- in org.apache.wicket.markup.html.TransparentWebMarkupContainerTest
[INFO] [INFO] Running org.apache.wicket.markup.html.navigation.paging.PagingNavigationIncrementLinkTest
[INFO] [INFO] Tests run: 4, Failures: 0, Errors: 0, Skipped: 0, Time elapsed: 0.003 s -- in org.apache.wicket.markup.html.navigation.paging.PagingNavigationIncrementLinkTest
[INFO] [INFO] Running org.apache.wicket.markup.html.navigation.paging.PagingNavigationLinkTest
[INFO] [INFO] Tests run: 4, Failures: 0, Errors: 0, Skipped: 0, Time elapsed: 0.003 s -- in org.apache.wicket.markup.html.navigation.paging.PagingNavigationLinkTest
[INFO] [INFO] Running org.apache.wicket.markup.html.ComponentMarkupIdTest
[INFO] [INFO] Tests run: 8, Failures: 0, Errors: 0, Skipped: 0, Time elapsed: 0.018 s -- in org.apache.wicket.markup.html.ComponentMarkupIdTest
[INFO] [INFO] Running org.apache.wicket.markup.html.basic.LabelTest
[INFO] [INFO] Tests run: 2, Failures: 0, Errors: 0, Skipped: 0, Time elapsed: 0.006 s -- in org.apache.wicket.markup.html.basic.LabelTest
[INFO] [INFO] Running org.apache.wicket.markup.html.basic.SimpleResponsePageClassTest
[INFO] [INFO] Tests run: 1, Failures: 0, Errors: 0, Skipped: 0, Time elapsed: 0.026 s -- in org.apache.wicket.markup.html.basic.SimpleResponsePageClassTest
[INFO] [INFO] Running org.apache.wicket.markup.html.basic.XmlPageTest
[INFO] [INFO] Tests run: 3, Failures: 0, Errors: 0, Skipped: 0, Time elapsed: 0.010 s -- in org.apache.wicket.markup.html.basic.XmlPageTest
[INFO] [INFO] Running org.apache.wicket.markup.html.basic.EnclosureContainerTest
[INFO] [INFO] Tests run: 1, Failures: 0, Errors: 0, Skipped: 0, Time elapsed: 0.003 s -- in org.apache.wicket.markup.html.basic.EnclosureContainerTest
[INFO] [INFO] Running org.apache.wicket.markup.html.basic.HomePageRedirectTest
[INFO] [INFO] Tests run: 2, Failures: 0, Errors: 0, Skipped: 0, Time elapsed: 0.006 s -- in org.apache.wicket.markup.html.basic.HomePageRedirectTest
[INFO] [INFO] Running org.apache.wicket.markup.html.basic.SimplePageTest
[INFO] [INFO] Tests run: 18, Failures: 0, Errors: 0, Skipped: 0, Time elapsed: 0.084 s -- in org.apache.wicket.markup.html.basic.SimplePageTest
[INFO] [INFO] Running org.apache.wicket.markup.html.image.ImageTest
[INFO] [INFO] Tests run: 2, Failures: 0, Errors: 0, Skipped: 0, Time elapsed: 0.022 s -- in org.apache.wicket.markup.html.image.ImageTest
[INFO] [INFO] Running org.apache.wicket.markup.html.image.ExternalImageTest
[INFO] [INFO] Tests run: 2, Failures: 0, Errors: 0, Skipped: 0, Time elapsed: 0.007 s -- in org.apache.wicket.markup.html.image.ExternalImageTest
[INFO] [INFO] Running org.apache.wicket.markup.html.image.ResponsiveImageTest
[INFO] [INFO] Tests run: 3, Failures: 0, Errors: 0, Skipped: 0, Time elapsed: 0.012 s -- in org.apache.wicket.markup.html.image.ResponsiveImageTest
[INFO] [INFO] Running org.apache.wicket.markup.html.image.AjaxUpdatedImageTest
[INFO] [INFO] Tests run: 1, Failures: 0, Errors: 0, Skipped: 0, Time elapsed: 0.005 s -- in org.apache.wicket.markup.html.image.AjaxUpdatedImageTest
[INFO] [INFO] Running org.apache.wicket.markup.html.image.InlineImageTest
[INFO] [INFO] Tests run: 1, Failures: 0, Errors: 0, Skipped: 0, Time elapsed: 0.004 s -- in org.apache.wicket.markup.html.image.InlineImageTest
[INFO] [INFO] Running org.apache.wicket.markup.html.image.NonCachingImageTest
[INFO] [INFO] Tests run: 1, Failures: 0, Errors: 0, Skipped: 0, Time elapsed: 0.003 s -- in org.apache.wicket.markup.html.image.NonCachingImageTest
[INFO] [INFO] Running org.apache.wicket.markup.html.image.InvalidImageTest
[INFO] [INFO] Tests run: 1, Failures: 0, Errors: 0, Skipped: 0, Time elapsed: 0.003 s -- in org.apache.wicket.markup.html.image.InvalidImageTest
[INFO] [INFO] Running org.apache.wicket.markup.html.panel.FragmentTest
[INFO] [INFO] Tests run: 2, Failures: 0, Errors: 0, Skipped: 0, Time elapsed: 0.010 s -- in org.apache.wicket.markup.html.panel.FragmentTest
[INFO] [INFO] Running org.apache.wicket.markup.html.panel.FeedbackPanelTest
[INFO] [INFO] Tests run: 2, Failures: 0, Errors: 0, Skipped: 0, Time elapsed: 0.030 s -- in org.apache.wicket.markup.html.panel.FeedbackPanelTest
[INFO] [INFO] Running org.apache.wicket.markup.html.panel.FencedFeedbackPanelTest
[INFO] [INFO] Tests run: 4, Failures: 0, Errors: 0, Skipped: 0, Time elapsed: 0.073 s -- in org.apache.wicket.markup.html.panel.FencedFeedbackPanelTest
[INFO] [INFO] Running org.apache.wicket.markup.html.panel.PanelTest
[INFO] [INFO] Tests run: 14, Failures: 0, Errors: 0, Skipped: 0, Time elapsed: 0.054 s -- in org.apache.wicket.markup.html.panel.PanelTest
[INFO] [INFO] Running org.apache.wicket.markup.html.media.MediaTagsTest
[INFO] [INFO] Tests run: 3, Failures: 0, Errors: 0, Skipped: 0, Time elapsed: 0.013 s -- in org.apache.wicket.markup.html.media.MediaTagsTest
[INFO] [INFO] Running org.apache.wicket.markup.html.HeaderContributorTest
[INFO] [INFO] Tests run: 2, Failures: 0, Errors: 0, Skipped: 0, Time elapsed: 0.004 s -- in org.apache.wicket.markup.html.HeaderContributorTest
[INFO] [INFO] Running org.apache.wicket.markup.html.form.RadioGroupTest
[INFO] [INFO] Tests run: 4, Failures: 0, Errors: 0, Skipped: 0, Time elapsed: 0.076 s -- in org.apache.wicket.markup.html.form.RadioGroupTest
[INFO] [INFO] Running org.apache.wicket.markup.html.form.GroupedDropDownChoiceTest
[INFO] [INFO] Tests run: 4, Failures: 0, Errors: 0, Skipped: 0, Time elapsed: 0.051 s -- in org.apache.wicket.markup.html.form.GroupedDropDownChoiceTest
[INFO] [INFO] Running org.apache.wicket.markup.html.form.AutoLabelWithinEnclosureTest
[INFO] [INFO] Tests run: 2, Failures: 0, Errors: 0, Skipped: 0, Time elapsed: 0.021 s -- in org.apache.wicket.markup.html.form.AutoLabelWithinEnclosureTest
[INFO] [INFO] Running org.apache.wicket.markup.html.form.AutoLabelEscapeAttributeTest
[INFO] [INFO] Tests run: 7, Failures: 0, Errors: 0, Skipped: 0, Time elapsed: 0.073 s -- in org.apache.wicket.markup.html.form.AutoLabelEscapeAttributeTest
[INFO] [INFO] Running org.apache.wicket.markup.html.form.login.InterceptTest
[INFO] [INFO] Tests run: 3, Failures: 0, Errors: 0, Skipped: 0, Time elapsed: 0.041 s -- in org.apache.wicket.markup.html.form.login.InterceptTest
[INFO] [INFO] Running org.apache.wicket.markup.html.form.AutoLabelLabelProviderLocatorTest
[INFO] [INFO] Tests run: 2, Failures: 0, Errors: 0, Skipped: 0, Time elapsed: 0.025 s -- in org.apache.wicket.markup.html.form.AutoLabelLabelProviderLocatorTest
[INFO] [INFO] Running org.apache.wicket.markup.html.form.FormValidationDisabledFormComponentTest
[INFO] [INFO] Tests run: 2, Failures: 0, Errors: 0, Skipped: 0, Time elapsed: 0.030 s -- in org.apache.wicket.markup.html.form.FormValidationDisabledFormComponentTest
[INFO] [INFO] Running org.apache.wicket.markup.html.form.RadioChoiceTest
[INFO] [INFO] Tests run: 4, Failures: 0, Errors: 0, Skipped: 0, Time elapsed: 0.008 s -- in org.apache.wicket.markup.html.form.RadioChoiceTest
[INFO] [INFO] Running org.apache.wicket.markup.html.form.AutoFormLabelPickupTest
[INFO] [INFO] Tests run: 8, Failures: 0, Errors: 0, Skipped: 0, Time elapsed: 0.100 s -- in org.apache.wicket.markup.html.form.AutoFormLabelPickupTest
[INFO] [INFO] Running org.apache.wicket.markup.html.form.encryption.CryptTest
[INFO] [INFO] Tests run: 2, Failures: 0, Errors: 0, Skipped: 0, Time elapsed: 0.018 s -- in org.apache.wicket.markup.html.form.encryption.CryptTest
[INFO] [INFO] Running org.apache.wicket.markup.html.form.NumberTextFieldTest
[INFO] [INFO] Tests run: 5, Failures: 0, Errors: 0, Skipped: 0, Time elapsed: 0.041 s -- in org.apache.wicket.markup.html.form.NumberTextFieldTest
[INFO] [INFO] Running org.apache.wicket.markup.html.form.ButtonTest
[INFO] [INFO] Tests run: 5, Failures: 0, Errors: 0, Skipped: 0, Time elapsed: 0.059 s -- in org.apache.wicket.markup.html.form.ButtonTest
[INFO] [INFO] Running org.apache.wicket.markup.html.form.upload.MultiFileUploadFieldTest
[INFO] [INFO] Tests run: 2, Failures: 0, Errors: 0, Skipped: 0, Time elapsed: 0.054 s -- in org.apache.wicket.markup.html.form.upload.MultiFileUploadFieldTest
[INFO] [INFO] Running org.apache.wicket.markup.html.form.upload.FileUploadFieldTest
[INFO] [INFO] Tests run: 4, Failures: 0, Errors: 0, Skipped: 0, Time elapsed: 0.056 s -- in org.apache.wicket.markup.html.form.upload.FileUploadFieldTest
[INFO] [INFO] Running org.apache.wicket.markup.html.form.upload.FileUploadServletPartLimitsTest
[INFO] [INFO] Tests run: 11, Failures: 0, Errors: 0, Skipped: 0, Time elapsed: 0.012 s -- in org.apache.wicket.markup.html.form.upload.FileUploadServletPartLimitsTest
[INFO] [INFO] Running org.apache.wicket.markup.html.form.upload.resource.FolderUploadsFileManagerTest
[INFO] [INFO] Tests run: 5, Failures: 0, Errors: 0, Skipped: 0, Time elapsed: 0.049 s -- in org.apache.wicket.markup.html.form.upload.resource.FolderUploadsFileManagerTest
[INFO] [INFO] Running org.apache.wicket.markup.html.form.upload.resource.FileUploadToResourceFieldSecurityTest
[INFO] [INFO] Tests run: 2, Failures: 0, Errors: 0, Skipped: 0, Time elapsed: 0.029 s -- in org.apache.wicket.markup.html.form.upload.resource.FileUploadToResourceFieldSecurityTest
[INFO] [INFO] Running org.apache.wicket.markup.html.form.upload.FileUploadErrorTest
[INFO] [WARNING] Tests run: 9, Failures: 0, Errors: 0, Skipped: 9, Time elapsed: 0 s -- in org.apache.wicket.markup.html.form.upload.FileUploadErrorTest
[INFO] [INFO] Running org.apache.wicket.markup.html.form.upload.FileUploadTest
[INFO] [INFO] Tests run: 2, Failures: 0, Errors: 0, Skipped: 0, Time elapsed: 0.017 s -- in org.apache.wicket.markup.html.form.upload.FileUploadTest
[INFO] [INFO] Running org.apache.wicket.markup.html.form.upload.FileUploadServletPartTest
[INFO] [INFO] Tests run: 1, Failures: 0, Errors: 0, Skipped: 0, Time elapsed: 0.014 s -- in org.apache.wicket.markup.html.form.upload.FileUploadServletPartTest
[INFO] [INFO] Running org.apache.wicket.markup.html.form.OnValidateModelObjectsTest
[INFO] [INFO] Tests run: 1, Failures: 0, Errors: 0, Skipped: 0, Time elapsed: 0.019 s -- in org.apache.wicket.markup.html.form.OnValidateModelObjectsTest
[INFO] [INFO] Running org.apache.wicket.markup.html.form.CheckGroupTest
[INFO] [INFO] Tests run: 3, Failures: 0, Errors: 0, Skipped: 0, Time elapsed: 0.051 s -- in org.apache.wicket.markup.html.form.CheckGroupTest
[INFO] [INFO] Running org.apache.wicket.markup.html.form.DisabledItemRetainingCheckBoxTest
[INFO] [INFO] Tests run: 5, Failures: 0, Errors: 0, Skipped: 0, Time elapsed: 0.055 s -- in org.apache.wicket.markup.html.form.DisabledItemRetainingCheckBoxTest
[INFO] [INFO] Running org.apache.wicket.markup.html.form.NestedFormSubmitTest
[INFO] [INFO] Tests run: 9, Failures: 0, Errors: 0, Skipped: 0, Time elapsed: 0.110 s -- in org.apache.wicket.markup.html.form.NestedFormSubmitTest
[INFO] [INFO] Running org.apache.wicket.markup.html.form.NestedFormsTest
[INFO] [INFO] Tests run: 4, Failures: 0, Errors: 0, Skipped: 0, Time elapsed: 0.050 s -- in org.apache.wicket.markup.html.form.NestedFormsTest
[INFO] [INFO] Running org.apache.wicket.markup.html.form.AbstractTextComponentConvertEmptyStringsToNullTest
[INFO] [INFO] Tests run: 1, Failures: 0, Errors: 0, Skipped: 0, Time elapsed: 0.014 s -- in org.apache.wicket.markup.html.form.AbstractTextComponentConvertEmptyStringsToNullTest
[INFO] [INFO] Running org.apache.wicket.markup.html.form.EnumChoiceRendererTest
[INFO] [INFO] Tests run: 1, Failures: 0, Errors: 0, Skipped: 0, Time elapsed: 0.001 s -- in org.apache.wicket.markup.html.form.EnumChoiceRendererTest
[INFO] [INFO] Running org.apache.wicket.markup.html.form.SubmitLinkTest
[INFO] [INFO] Tests run: 1, Failures: 0, Errors: 0, Skipped: 0, Time elapsed: 0.011 s -- in org.apache.wicket.markup.html.form.SubmitLinkTest
[INFO] [INFO] Running org.apache.wicket.markup.html.form.FormMultiPartTest
[INFO] [INFO] Tests run: 3, Failures: 0, Errors: 0, Skipped: 0, Time elapsed: 0.031 s -- in org.apache.wicket.markup.html.form.FormMultiPartTest
[INFO] [INFO] Running org.apache.wicket.markup.html.form.FormParentDisabledRawInputTest
[INFO] [INFO] Tests run: 1, Failures: 0, Errors: 0, Skipped: 0, Time elapsed: 0.011 s -- in org.apache.wicket.markup.html.form.FormParentDisabledRawInputTest
[INFO] [INFO] Running org.apache.wicket.markup.html.form.FormValidationTest
[INFO] [INFO] Tests run: 2, Failures: 0, Errors: 0, Skipped: 0, Time elapsed: 0.023 s -- in org.apache.wicket.markup.html.form.FormValidationTest
[INFO] [INFO] Running org.apache.wicket.markup.html.form.TextFieldTest
[INFO] [INFO] Tests run: 5, Failures: 0, Errors: 0, Skipped: 0, Time elapsed: 0.038 s -- in org.apache.wicket.markup.html.form.TextFieldTest
[INFO] [INFO] Running org.apache.wicket.markup.html.form.FormSubmitTest
[INFO] [INFO] Tests run: 12, Failures: 0, Errors: 0, Skipped: 0, Time elapsed: 0.217 s -- in org.apache.wicket.markup.html.form.FormSubmitTest
[INFO] [INFO] Running org.apache.wicket.markup.html.form.CheckBoxMultipleChoiceTest
[INFO] [INFO] Tests run: 8, Failures: 0, Errors: 0, Skipped: 0, Time elapsed: 0.017 s -- in org.apache.wicket.markup.html.form.CheckBoxMultipleChoiceTest
[INFO] [INFO] Running org.apache.wicket.markup.html.form.AutoLabelEscapeMarkupTest
[INFO] [INFO] Tests run: 6, Failures: 0, Errors: 0, Skipped: 0, Time elapsed: 0.072 s -- in org.apache.wicket.markup.html.form.AutoLabelEscapeMarkupTest
[INFO] [INFO] Running org.apache.wicket.markup.html.form.CollectionFormComponentTest
[INFO] [INFO] Tests run: 10, Failures: 0, Errors: 0, Skipped: 0, Time elapsed: 0.008 s -- in org.apache.wicket.markup.html.form.CollectionFormComponentTest
[INFO] [INFO] Running org.apache.wicket.markup.html.form.AutoLabelTest
[INFO] [INFO] Tests run: 8, Failures: 0, Errors: 0, Skipped: 0, Time elapsed: 0.200 s -- in org.apache.wicket.markup.html.form.AutoLabelTest
[INFO] [INFO] Running org.apache.wicket.markup.html.form.LocalizedErrorMessageTest
[INFO] [INFO] Tests run: 3, Failures: 0, Errors: 0, Skipped: 0, Time elapsed: 0.069 s -- in org.apache.wicket.markup.html.form.LocalizedErrorMessageTest
[INFO] [INFO] Running org.apache.wicket.markup.html.form.FormTest
[INFO] [INFO] Tests run: 7, Failures: 0, Errors: 0, Skipped: 0, Time elapsed: 0.072 s -- in org.apache.wicket.markup.html.form.FormTest
[INFO] [INFO] Running org.apache.wicket.markup.html.form.AbstractSingleSelectChoiceEscapeTest
[INFO] [INFO] Tests run: 6, Failures: 0, Errors: 0, Skipped: 0, Time elapsed: 0.045 s -- in org.apache.wicket.markup.html.form.AbstractSingleSelectChoiceEscapeTest
[INFO] [INFO] Running org.apache.wicket.markup.html.form.FormComponentTest
[INFO] [INFO] Tests run: 6, Failures: 0, Errors: 0, Skipped: 0, Time elapsed: 0.020 s -- in org.apache.wicket.markup.html.form.FormComponentTest
[INFO] [INFO] Running org.apache.wicket.markup.html.form.ListMultipleChoiceTest
[INFO] [INFO] Tests run: 2, Failures: 0, Errors: 0, Skipped: 0, Time elapsed: 0.018 s -- in org.apache.wicket.markup.html.form.ListMultipleChoiceTest
[INFO] [INFO] Running org.apache.wicket.markup.html.form.TextAreaTest
[INFO] [INFO] Tests run: 1, Failures: 0, Errors: 0, Skipped: 0, Time elapsed: 0.009 s -- in org.apache.wicket.markup.html.form.TextAreaTest
[INFO] [INFO] Running org.apache.wicket.markup.html.form.imagebutton.ImageButtonTest
[INFO] [INFO] Tests run: 1, Failures: 0, Errors: 0, Skipped: 0, Time elapsed: 0.009 s -- in org.apache.wicket.markup.html.form.imagebutton.ImageButtonTest
[INFO] [INFO] Running org.apache.wicket.markup.html.form.imagebutton.InvalidImageButtonTest
[INFO] [INFO] Tests run: 1, Failures: 0, Errors: 0, Skipped: 0, Time elapsed: 0.002 s -- in org.apache.wicket.markup.html.form.imagebutton.InvalidImageButtonTest
[INFO] [INFO] Running org.apache.wicket.markup.html.form.FormWithMultipleButtonsTest
[INFO] [INFO] Tests run: 3, Failures: 0, Errors: 0, Skipped: 0, Time elapsed: 0.031 s -- in org.apache.wicket.markup.html.form.FormWithMultipleButtonsTest
[INFO] [INFO] Running org.apache.wicket.markup.html.form.AutoLabelWithContentTest
[INFO] [INFO] Tests run: 2, Failures: 0, Errors: 0, Skipped: 0, Time elapsed: 0.029 s -- in org.apache.wicket.markup.html.form.AutoLabelWithContentTest
[INFO] [INFO] Running org.apache.wicket.markup.html.form.FormComponentPanelProcessingTest
[INFO] [INFO] Tests run: 2, Failures: 0, Errors: 0, Skipped: 0, Time elapsed: 0.016 s -- in org.apache.wicket.markup.html.form.FormComponentPanelProcessingTest
[INFO] [INFO] Running org.apache.wicket.markup.html.form.FormVisitTest
[INFO] [INFO] Tests run: 40, Failures: 0, Errors: 0, Skipped: 0, Time elapsed: 0.461 s -- in org.apache.wicket.markup.html.form.FormVisitTest
[INFO] [INFO] Running org.apache.wicket.markup.html.form.PrimitiveTypeRequiredTest
[INFO] [INFO] Tests run: 1, Failures: 0, Errors: 0, Skipped: 0, Time elapsed: 0 s -- in org.apache.wicket.markup.html.form.PrimitiveTypeRequiredTest
[INFO] [INFO] Running org.apache.wicket.markup.html.form.DropDownChoiceTest
[INFO] [INFO] Tests run: 4, Failures: 0, Errors: 0, Skipped: 0, Time elapsed: 0.030 s -- in org.apache.wicket.markup.html.form.DropDownChoiceTest
[INFO] [INFO] Running org.apache.wicket.markup.html.form.FormMethodMismatchTest
[INFO] [INFO] Tests run: 12, Failures: 0, Errors: 0, Skipped: 0, Time elapsed: 0.273 s -- in org.apache.wicket.markup.html.form.FormMethodMismatchTest
[INFO] [INFO] Running org.apache.wicket.markup.html.form.LambdaChoiceRendererTest
[INFO] [INFO] Tests run: 6, Failures: 0, Errors: 0, Skipped: 0, Time elapsed: 0.002 s -- in org.apache.wicket.markup.html.form.LambdaChoiceRendererTest
[INFO] [INFO] Running org.apache.wicket.markup.html.form.PasswordTextFieldTest
[INFO] [INFO] Tests run: 3, Failures: 0, Errors: 0, Skipped: 0, Time elapsed: 0.002 s -- in org.apache.wicket.markup.html.form.PasswordTextFieldTest
[INFO] [INFO] Running org.apache.wicket.markup.html.form.validation.innerfeedback.InnerFeedbackTest
[INFO] [INFO] Tests run: 1, Failures: 0, Errors: 0, Skipped: 0, Time elapsed: 0.022 s -- in org.apache.wicket.markup.html.form.validation.innerfeedback.InnerFeedbackTest
[INFO] [INFO] Running org.apache.wicket.markup.html.form.validation.HomePageTest
[INFO] [INFO] Tests run: 7, Failures: 0, Errors: 0, Skipped: 0, Time elapsed: 0.146 s -- in org.apache.wicket.markup.html.form.validation.HomePageTest
[INFO] [INFO] Running org.apache.wicket.markup.html.form.validation.FormValidatorBehaviorTest
[INFO] [INFO] Tests run: 2, Failures: 0, Errors: 0, Skipped: 0, Time elapsed: 0.022 s -- in org.apache.wicket.markup.html.form.validation.FormValidatorBehaviorTest
[INFO] [INFO] Running org.apache.wicket.markup.html.form.ValidatorPropertiesTest
[INFO] [INFO] Tests run: 3, Failures: 0, Errors: 0, Skipped: 0, Time elapsed: 0.028 s -- in org.apache.wicket.markup.html.form.ValidatorPropertiesTest
[INFO] [INFO] Running org.apache.wicket.markup.html.form.FormSubmitOrderTest
[INFO] [INFO] Tests run: 1, Failures: 0, Errors: 0, Skipped: 0, Time elapsed: 0.010 s -- in org.apache.wicket.markup.html.form.FormSubmitOrderTest
[INFO] [INFO] Running org.apache.wicket.markup.html.form.formComponentPanel.SimplePageTest
[INFO] [INFO] Tests run: 2, Failures: 0, Errors: 0, Skipped: 0, Time elapsed: 0.004 s -- in org.apache.wicket.markup.html.form.formComponentPanel.SimplePageTest
[INFO] [INFO] Running org.apache.wicket.markup.html.form.feedback.FormFeedbackTest
[INFO] [INFO] Tests run: 2, Failures: 0, Errors: 0, Skipped: 0, Time elapsed: 0.032 s -- in org.apache.wicket.markup.html.form.feedback.FormFeedbackTest
[INFO] [INFO] Running org.apache.wicket.markup.html.form.EscapeAttributesInChoicesTest
[INFO] [INFO] Tests run: 1, Failures: 0, Errors: 0, Skipped: 0, Time elapsed: 0.013 s -- in org.apache.wicket.markup.html.form.EscapeAttributesInChoicesTest
[INFO] [INFO] Running org.apache.wicket.markup.html.debug.WicketComponentTreeTest
[INFO] [INFO] Tests run: 1, Failures: 0, Errors: 0, Skipped: 0, Time elapsed: 0.006 s -- in org.apache.wicket.markup.html.debug.WicketComponentTreeTest
[INFO] [INFO] Running org.apache.wicket.markup.html.SecurePackageResourceGuardTest
[INFO] [INFO] Tests run: 14, Failures: 0, Errors: 0, Skipped: 0, Time elapsed: 0.008 s -- in org.apache.wicket.markup.html.SecurePackageResourceGuardTest
[INFO] [INFO] Running org.apache.wicket.markup.html.DecoratingHeaderResponseTest
[INFO] [INFO] Tests run: 1, Failures: 0, Errors: 0, Skipped: 0, Time elapsed: 0.006 s -- in org.apache.wicket.markup.html.DecoratingHeaderResponseTest
[INFO] [INFO] Running org.apache.wicket.markup.html.header.threelayers2.InheritanceHeadTest
[INFO] [INFO] Tests run: 1, Failures: 0, Errors: 0, Skipped: 0, Time elapsed: 0.003 s -- in org.apache.wicket.markup.html.header.threelayers2.InheritanceHeadTest
[INFO] [INFO] Running org.apache.wicket.markup.html.header.testing3.HeaderTest
[INFO] [INFO] Tests run: 1, Failures: 0, Errors: 0, Skipped: 0, Time elapsed: 0.004 s -- in org.apache.wicket.markup.html.header.testing3.HeaderTest
[INFO] [INFO] Running org.apache.wicket.markup.html.header.testing2.HeaderTest
[INFO] [INFO] Tests run: 2, Failures: 0, Errors: 0, Skipped: 0, Time elapsed: 0.004 s -- in org.apache.wicket.markup.html.header.testing2.HeaderTest
[INFO] [INFO] Running org.apache.wicket.markup.html.header.inheritance.InheritanceHeadTest
[INFO] [INFO] Tests run: 2, Failures: 0, Errors: 0, Skipped: 0, Time elapsed: 0.005 s -- in org.apache.wicket.markup.html.header.inheritance.InheritanceHeadTest
[INFO] [INFO] Running org.apache.wicket.markup.html.header.HeaderScopingTest
[INFO] [INFO] Tests run: 2, Failures: 0, Errors: 0, Skipped: 0, Time elapsed: 0.006 s -- in org.apache.wicket.markup.html.header.HeaderScopingTest
[INFO] [INFO] Running org.apache.wicket.markup.html.header.threelayers.InheritanceHeadTest
[INFO] [INFO] Tests run: 1, Failures: 0, Errors: 0, Skipped: 0, Time elapsed: 0.003 s -- in org.apache.wicket.markup.html.header.threelayers.InheritanceHeadTest
[INFO] [INFO] Running org.apache.wicket.markup.html.header.testing.HeaderTest
[INFO] [INFO] Tests run: 1, Failures: 0, Errors: 0, Skipped: 0, Time elapsed: 0.003 s -- in org.apache.wicket.markup.html.header.testing.HeaderTest
[INFO] [INFO] Running org.apache.wicket.markup.html.link.ClientSideImageMapTest
[INFO] [INFO] Tests run: 1, Failures: 0, Errors: 0, Skipped: 0, Time elapsed: 0.007 s -- in org.apache.wicket.markup.html.link.ClientSideImageMapTest
[INFO] [INFO] Running org.apache.wicket.markup.html.link.submitLink.FormPageTest
[INFO] [INFO] Tests run: 3, Failures: 0, Errors: 0, Skipped: 0, Time elapsed: 0.063 s -- in org.apache.wicket.markup.html.link.submitLink.FormPageTest
[INFO] [INFO] Running org.apache.wicket.markup.html.link.submitLink.FormPage2Test
[INFO] [INFO] Tests run: 3, Failures: 0, Errors: 0, Skipped: 0, Time elapsed: 0.039 s -- in org.apache.wicket.markup.html.link.submitLink.FormPage2Test
[INFO] [INFO] Running org.apache.wicket.markup.html.link.LinkTest
[INFO] [INFO] Tests run: 3, Failures: 0, Errors: 0, Skipped: 0, Time elapsed: 0.005 s -- in org.apache.wicket.markup.html.link.LinkTest
[INFO] [INFO] Running org.apache.wicket.markup.html.link.BookmarkableHomePageLinksTest
[INFO] [INFO] Tests run: 1, Failures: 0, Errors: 0, Skipped: 0, Time elapsed: 0.003 s -- in org.apache.wicket.markup.html.link.BookmarkableHomePageLinksTest
[INFO] [INFO] Running org.apache.wicket.markup.html.link.BookmarkablePageLinkTest
[INFO] [INFO] Tests run: 4, Failures: 0, Errors: 0, Skipped: 0, Time elapsed: 0.008 s -- in org.apache.wicket.markup.html.link.BookmarkablePageLinkTest
[INFO] [INFO] Running org.apache.wicket.markup.html.link.AutolinkTest
[INFO] [INFO] Tests run: 6, Failures: 0, Errors: 0, Skipped: 0, Time elapsed: 0.018 s -- in org.apache.wicket.markup.html.link.AutolinkTest
[INFO] [INFO] Running org.apache.wicket.markup.html.link.DownloadLinkTest
[INFO] [INFO] Tests run: 5, Failures: 0, Errors: 0, Skipped: 0, Time elapsed: 0.011 s -- in org.apache.wicket.markup.html.link.DownloadLinkTest
[INFO] [INFO] Running org.apache.wicket.markup.html.link.ExternalLinkTest
[INFO] [INFO] Tests run: 6, Failures: 0, Errors: 0, Skipped: 0, Time elapsed: 0.011 s -- in org.apache.wicket.markup.html.link.ExternalLinkTest
[INFO] [INFO] Running org.apache.wicket.markup.html.link.MountedPageLinkTest
[INFO] [INFO] Tests run: 8, Failures: 0, Errors: 0, Skipped: 0, Time elapsed: 0.026 s -- in org.apache.wicket.markup.html.link.MountedPageLinkTest
[INFO] [INFO] Running org.apache.wicket.markup.html.link.ResourceLinkTest
[INFO] [INFO] Tests run: 2, Failures: 0, Errors: 0, Skipped: 0, Time elapsed: 0.003 s -- in org.apache.wicket.markup.html.link.ResourceLinkTest
[INFO] [INFO] Running org.apache.wicket.markup.html.link.HrefTest
[INFO] [INFO] Tests run: 4, Failures: 0, Errors: 0, Skipped: 0, Time elapsed: 0.006 s -- in org.apache.wicket.markup.html.link.HrefTest
[INFO] [INFO] Running org.apache.wicket.markup.html.link.AbstractLinkTest
[INFO] [INFO] Tests run: 2, Failures: 0, Errors: 0, Skipped: 0, Time elapsed: 0.004 s -- in org.apache.wicket.markup.html.link.AbstractLinkTest
[INFO] [INFO] Running org.apache.wicket.markup.html.tags.InputTagNotClosedTest
[INFO] [INFO] Tests run: 2, Failures: 0, Errors: 0, Skipped: 0, Time elapsed: 0.033 s -- in org.apache.wicket.markup.html.tags.InputTagNotClosedTest
[INFO] [INFO] Running org.apache.wicket.markup.html.JsCssReferenceHeaderItemTest
[INFO] [INFO] Tests run: 4, Failures: 0, Errors: 0, Skipped: 0, Time elapsed: 0.012 s -- in org.apache.wicket.markup.html.JsCssReferenceHeaderItemTest
[INFO] [INFO] Running org.apache.wicket.markup.html.XmlDeclResponseTest
[INFO] [INFO] Tests run: 3, Failures: 0, Errors: 0, Skipped: 0, Time elapsed: 0.010 s -- in org.apache.wicket.markup.html.XmlDeclResponseTest
[INFO] [INFO] Running org.apache.wicket.markup.html.list.PagedTableNavigatorWithLabelProviderTest
[INFO] [INFO] Tests run: 1, Failures: 0, Errors: 0, Skipped: 0, Time elapsed: 0.032 s -- in org.apache.wicket.markup.html.list.PagedTableNavigatorWithLabelProviderTest
[INFO] [INFO] Running org.apache.wicket.markup.html.list.ListViewTest
[INFO] [INFO] Tests run: 3, Failures: 0, Errors: 0, Skipped: 0, Time elapsed: 0.002 s -- in org.apache.wicket.markup.html.list.ListViewTest
[INFO] [INFO] Running org.apache.wicket.markup.html.list.PagedTableNavigatorTest
[INFO] [INFO] Tests run: 1, Failures: 0, Errors: 0, Skipped: 0, Time elapsed: 0.024 s -- in org.apache.wicket.markup.html.list.PagedTableNavigatorTest
[INFO] [INFO] Running org.apache.wicket.markup.html.list.TableTest
[INFO] [INFO] Tests run: 2, Failures: 0, Errors: 0, Skipped: 0, Time elapsed: 0.001 s -- in org.apache.wicket.markup.html.list.TableTest
[INFO] [INFO] Running org.apache.wicket.markup.html.list.SimpleTableTest
[INFO] [INFO] Tests run: 2, Failures: 0, Errors: 0, Skipped: 0, Time elapsed: 0.005 s -- in org.apache.wicket.markup.html.list.SimpleTableTest
[INFO] [INFO] Running org.apache.wicket.markup.html.list.IncrementalTableNavigationTest
[INFO] [INFO] Tests run: 1, Failures: 0, Errors: 0, Skipped: 0, Time elapsed: 0.004 s -- in org.apache.wicket.markup.html.list.IncrementalTableNavigationTest
[INFO] [INFO] Running org.apache.wicket.markup.html.list.PagedTableNavigatorWithMarginTest
[INFO] [INFO] Tests run: 1, Failures: 0, Errors: 0, Skipped: 0, Time elapsed: 0.024 s -- in org.apache.wicket.markup.html.list.PagedTableNavigatorWithMarginTest
[INFO] [INFO] Running org.apache.wicket.markup.ComponentTagAttributeEscapingTest
[INFO] [INFO] Tests run: 1, Failures: 0, Errors: 0, Skipped: 0, Time elapsed: 0.001 s -- in org.apache.wicket.markup.ComponentTagAttributeEscapingTest
[INFO] [INFO] Running org.apache.wicket.markup.MarkupInheritanceTest
[INFO] === org.apache.wicket.markup.MarkupInheritanceExtension_4 ===
[INFO] [INFO] Tests run: 14, Failures: 0, Errors: 0, Skipped: 0, Time elapsed: 0.042 s -- in org.apache.wicket.markup.MarkupInheritanceTest
[INFO] [INFO] Running org.apache.wicket.markup.renderStrategy.ChildFirstHeaderRenderStrategyTest
[INFO] [INFO] Tests run: 3, Failures: 0, Errors: 0, Skipped: 0, Time elapsed: 0.013 s -- in org.apache.wicket.markup.renderStrategy.ChildFirstHeaderRenderStrategyTest
[INFO] [INFO] Running org.apache.wicket.markup.RefreshingViewOnRemoveTest
[INFO] [INFO] Tests run: 1, Failures: 0, Errors: 0, Skipped: 0, Time elapsed: 0.002 s -- in org.apache.wicket.markup.RefreshingViewOnRemoveTest
[INFO] [INFO] Running org.apache.wicket.session.DefaultPageFactoryTest
[INFO] [INFO] Tests run: 5, Failures: 0, Errors: 0, Skipped: 0, Time elapsed: 0.005 s -- in org.apache.wicket.session.DefaultPageFactoryTest
[INFO] [INFO] Running org.apache.wicket.session.BindSessionOnRedirectTest
[INFO] [INFO] Tests run: 1, Failures: 0, Errors: 0, Skipped: 0, Time elapsed: 0.002 s -- in org.apache.wicket.session.BindSessionOnRedirectTest
[INFO] [INFO] Running org.apache.wicket.RemoveTest
[INFO] [INFO] Tests run: 1, Failures: 0, Errors: 0, Skipped: 0, Time elapsed: 0.003 s -- in org.apache.wicket.RemoveTest
[INFO] [INFO] Running org.apache.wicket.ComponentOnConfigureTest
[INFO] [INFO] Tests run: 1, Failures: 0, Errors: 0, Skipped: 0, Time elapsed: 0.002 s -- in org.apache.wicket.ComponentOnConfigureTest
[INFO] [INFO] Running org.apache.wicket.core.util.string.JavaScriptStripperTest
[INFO]  var test = function () {
[INFO] var c = "!=";
[INFO] 
[INFO] if ( !l.match.PSEUDO.test(c) && !/!=/.test(c)) {
[INFO] alert("/something bad will happen */* ");
[INFO] }
[INFO] var importantFunction = function () {alert("really important function ")}
[INFO] 
[INFO] }
[INFO] [INFO] Tests run: 15, Failures: 0, Errors: 0, Skipped: 0, Time elapsed: 0.003 s -- in org.apache.wicket.core.util.string.JavaScriptStripperTest
[INFO] [INFO] Running org.apache.wicket.core.util.string.JavaScriptUtilsTest
[INFO] [INFO] Tests run: 5, Failures: 0, Errors: 0, Skipped: 0, Time elapsed: 0.001 s -- in org.apache.wicket.core.util.string.JavaScriptUtilsTest
[INFO] [INFO] Running org.apache.wicket.core.util.string.CssUtilsTest
[INFO] [INFO] Tests run: 1, Failures: 0, Errors: 0, Skipped: 0, Time elapsed: 0 s -- in org.apache.wicket.core.util.string.CssUtilsTest
[INFO] [INFO] Running org.apache.wicket.core.util.string.interpolator.PropertyVariableInterpolatorTest
[INFO] [INFO] Tests run: 3, Failures: 0, Errors: 0, Skipped: 0, Time elapsed: 0.001 s -- in org.apache.wicket.core.util.string.interpolator.PropertyVariableInterpolatorTest
[INFO] [INFO] Running org.apache.wicket.core.util.string.componentrenderer.ComponentRendererInstanceTest
[INFO] [INFO] Tests run: 1, Failures: 0, Errors: 0, Skipped: 0, Time elapsed: 0.003 s -- in org.apache.wicket.core.util.string.componentrenderer.ComponentRendererInstanceTest
[INFO] [INFO] Running org.apache.wicket.core.util.string.componentrenderer.ComponentRendererTest
[INFO] [INFO] Tests run: 2, Failures: 0, Errors: 0, Skipped: 0, Time elapsed: 0.004 s -- in org.apache.wicket.core.util.string.componentrenderer.ComponentRendererTest
[INFO] [INFO] Running org.apache.wicket.core.util.resource.ResourceStreamLocatorTest
[INFO] [INFO] Tests run: 1, Failures: 0, Errors: 0, Skipped: 0, Time elapsed: 0.003 s -- in org.apache.wicket.core.util.resource.ResourceStreamLocatorTest
[INFO] [INFO] Running org.apache.wicket.core.util.resource.PathTest
[INFO] [INFO] Tests run: 2, Failures: 0, Errors: 0, Skipped: 0, Time elapsed: 0.003 s -- in org.apache.wicket.core.util.resource.PathTest
[INFO] [INFO] Running org.apache.wicket.core.util.resource.ClassPathResourceFinderTest
[INFO] [INFO] Tests run: 2, Failures: 0, Errors: 0, Skipped: 0, Time elapsed: 0.002 s -- in org.apache.wicket.core.util.resource.ClassPathResourceFinderTest
[INFO] [INFO] Running org.apache.wicket.core.util.resource.UrlResourceStreamTest
[INFO] [INFO] Tests run: 2, Failures: 0, Errors: 0, Skipped: 0, Time elapsed: 0.001 s -- in org.apache.wicket.core.util.resource.UrlResourceStreamTest
[INFO] [INFO] Running org.apache.wicket.core.util.resource.locator.CachingResourceStreamLocatorTest
[INFO] [INFO] Tests run: 8, Failures: 0, Errors: 0, Skipped: 0, Time elapsed: 0.042 s -- in org.apache.wicket.core.util.resource.locator.CachingResourceStreamLocatorTest
[INFO] [INFO] Running org.apache.wicket.core.util.resource.locator.ResourceNameIteratorTest
[INFO] [INFO] Tests run: 5, Failures: 0, Errors: 0, Skipped: 0, Time elapsed: 0.003 s -- in org.apache.wicket.core.util.resource.locator.ResourceNameIteratorTest
[INFO] [INFO] Running org.apache.wicket.core.util.cookies.CookieUtilsTest
[INFO] [INFO] Tests run: 7, Failures: 0, Errors: 0, Skipped: 0, Time elapsed: 0.173 s -- in org.apache.wicket.core.util.cookies.CookieUtilsTest
[INFO] [INFO] Running org.apache.wicket.core.util.cookies.SetCookieAndRedirectTest
[INFO] [INFO] Tests run: 2, Failures: 0, Errors: 0, Skipped: 0, Time elapsed: 0.029 s -- in org.apache.wicket.core.util.cookies.SetCookieAndRedirectTest
[INFO] [INFO] Running org.apache.wicket.core.util.cookies.PreserveRequestCookieAfterLinkClickTest
[INFO] [INFO] Tests run: 1, Failures: 0, Errors: 0, Skipped: 0, Time elapsed: 0.003 s -- in org.apache.wicket.core.util.cookies.PreserveRequestCookieAfterLinkClickTest
[INFO] [INFO] Running org.apache.wicket.core.util.lang.PropertyResolverTest
[INFO] [INFO] Tests run: 38, Failures: 0, Errors: 0, Skipped: 0, Time elapsed: 0.034 s -- in org.apache.wicket.core.util.lang.PropertyResolverTest
[INFO] [INFO] Running org.apache.wicket.core.util.lang.WicketObjectsTest
[INFO] [INFO] Tests run: 8, Failures: 0, Errors: 0, Skipped: 0, Time elapsed: 0.013 s -- in org.apache.wicket.core.util.lang.WicketObjectsTest
[INFO] [INFO] Running org.apache.wicket.core.util.io.SerializableCheckerTest
[INFO] [INFO] Tests run: 3, Failures: 0, Errors: 0, Skipped: 0, Time elapsed: 0.005 s -- in org.apache.wicket.core.util.io.SerializableCheckerTest
[INFO] [INFO] Running org.apache.wicket.core.util.tester.WicketTesterCookieTest
[INFO] [INFO] Tests run: 9, Failures: 0, Errors: 0, Skipped: 0, Time elapsed: 0.036 s -- in org.apache.wicket.core.util.tester.WicketTesterCookieTest
[INFO] [INFO] Running org.apache.wicket.core.util.tester.WicketTesterLazyIsPageStatelessRedirectToBufferTest
[INFO] [INFO] Tests run: 2, Failures: 0, Errors: 0, Skipped: 0, Time elapsed: 0.018 s -- in org.apache.wicket.core.util.tester.WicketTesterLazyIsPageStatelessRedirectToBufferTest
[INFO] [INFO] Running org.apache.wicket.core.util.tester.apps_4.FormTesterTest
[INFO] [INFO] Tests run: 1, Failures: 0, Errors: 0, Skipped: 0, Time elapsed: 0.030 s -- in org.apache.wicket.core.util.tester.apps_4.FormTesterTest
[INFO] [INFO] Running org.apache.wicket.core.util.tester.TagTesterTest
[INFO] [INFO] Tests run: 21, Failures: 0, Errors: 0, Skipped: 0, Time elapsed: 0.006 s -- in org.apache.wicket.core.util.tester.TagTesterTest
[INFO] [INFO] Running org.apache.wicket.core.util.tester.WicketTesterSessionInvalidateTest
[INFO] [INFO] Tests run: 1, Failures: 0, Errors: 0, Skipped: 0, Time elapsed: 0.003 s -- in org.apache.wicket.core.util.tester.WicketTesterSessionInvalidateTest
[INFO] [INFO] Running org.apache.wicket.core.util.tester.WicketTesterClickExternalLinkTest
[INFO] [INFO] Tests run: 1, Failures: 0, Errors: 0, Skipped: 0, Time elapsed: 0.002 s -- in org.apache.wicket.core.util.tester.WicketTesterClickExternalLinkTest
[INFO] [INFO] Running org.apache.wicket.core.util.tester.FormTesterTest
[INFO] [INFO] Tests run: 11, Failures: 0, Errors: 0, Skipped: 0, Time elapsed: 0.141 s -- in org.apache.wicket.core.util.tester.FormTesterTest
[INFO] [INFO] Running org.apache.wicket.core.util.tester.WicketTesterSessionCreationTest
[INFO] [INFO] Tests run: 1, Failures: 0, Errors: 0, Skipped: 0, Time elapsed: 0.002 s -- in org.apache.wicket.core.util.tester.WicketTesterSessionCreationTest
[INFO] [INFO] Running org.apache.wicket.core.util.tester.apps_2.Test
[INFO] [INFO] Tests run: 1, Failures: 0, Errors: 0, Skipped: 0, Time elapsed: 0.003 s -- in org.apache.wicket.core.util.tester.apps_2.Test
[INFO] [INFO] Running org.apache.wicket.core.util.tester.apps_5.AjaxSubmitLinkClickTest
[INFO] [INFO] Tests run: 2, Failures: 0, Errors: 0, Skipped: 0, Time elapsed: 0.027 s -- in org.apache.wicket.core.util.tester.apps_5.AjaxSubmitLinkClickTest
[INFO] [INFO] Running org.apache.wicket.core.util.tester.apps_5.AjaxLinkClickTest
[INFO] [INFO] Tests run: 3, Failures: 0, Errors: 0, Skipped: 0, Time elapsed: 0.008 s -- in org.apache.wicket.core.util.tester.apps_5.AjaxLinkClickTest
[INFO] [INFO] Running org.apache.wicket.core.util.tester.apps_3.FormTesterTest
[INFO] [INFO] Tests run: 7, Failures: 0, Errors: 0, Skipped: 0, Time elapsed: 0.177 s -- in org.apache.wicket.core.util.tester.apps_3.FormTesterTest
[INFO] [INFO] Running org.apache.wicket.core.util.tester.WicketTesterTest
[INFO] [INFO] Tests run: 58, Failures: 0, Errors: 0, Skipped: 0, Time elapsed: 0.455 s -- in org.apache.wicket.core.util.tester.WicketTesterTest
[INFO] [INFO] Running org.apache.wicket.core.util.tester.FormTesterSubmitLinkTest
[INFO] [INFO] Tests run: 3, Failures: 0, Errors: 0, Skipped: 0, Time elapsed: 0.039 s -- in org.apache.wicket.core.util.tester.FormTesterSubmitLinkTest
[INFO] [INFO] Running org.apache.wicket.core.util.tester.WicketTesterLazyIsPageStatelessRedirectToRenderTest
[INFO] [INFO] Tests run: 1, Failures: 0, Errors: 0, Skipped: 0, Time elapsed: 0.002 s -- in org.apache.wicket.core.util.tester.WicketTesterLazyIsPageStatelessRedirectToRenderTest
[INFO] [INFO] Running org.apache.wicket.core.util.tester.WicketTesterLazyIsPageStatelessOnePassTest
[INFO] [INFO] Tests run: 1, Failures: 0, Errors: 0, Skipped: 0, Time elapsed: 0.001 s -- in org.apache.wicket.core.util.tester.WicketTesterLazyIsPageStatelessOnePassTest
[INFO] [INFO] Running org.apache.wicket.core.util.tester.StartComponentInPageRedirectToRenderTest
[INFO] [INFO] Tests run: 1, Failures: 0, Errors: 0, Skipped: 0, Time elapsed: 0.002 s -- in org.apache.wicket.core.util.tester.StartComponentInPageRedirectToRenderTest
[INFO] [INFO] Running org.apache.wicket.core.util.file.WebApplicationPathTest
[INFO] [INFO] Tests run: 1, Failures: 0, Errors: 0, Skipped: 0, Time elapsed: 0.062 s -- in org.apache.wicket.core.util.file.WebApplicationPathTest
[INFO] [INFO] Running org.apache.wicket.core.util.template.CssTemplateTest
[INFO] [INFO] Tests run: 1, Failures: 0, Errors: 0, Skipped: 0, Time elapsed: 0 s -- in org.apache.wicket.core.util.template.CssTemplateTest
[INFO] [INFO] Running org.apache.wicket.core.util.markup.xhtml.WellFormedXmlTest
[INFO] [INFO] Tests run: 1, Failures: 0, Errors: 0, Skipped: 0, Time elapsed: 0.001 s -- in org.apache.wicket.core.util.markup.xhtml.WellFormedXmlTest
[INFO] [INFO] Running org.apache.wicket.core.util.objects.checker.DifferentPageCheckerTest
[INFO] [INFO] Tests run: 1, Failures: 0, Errors: 0, Skipped: 0, Time elapsed: 0.003 s -- in org.apache.wicket.core.util.objects.checker.DifferentPageCheckerTest
[INFO] [INFO] Running org.apache.wicket.core.util.objects.checker.OrphanComponentCheckerTest
[INFO] [INFO] Tests run: 1, Failures: 0, Errors: 0, Skipped: 0, Time elapsed: 0.001 s -- in org.apache.wicket.core.util.objects.checker.OrphanComponentCheckerTest
[INFO] [INFO] Running org.apache.wicket.core.util.objects.checker.SessionCheckerTest
[INFO] [INFO] Tests run: 1, Failures: 0, Errors: 0, Skipped: 0, Time elapsed: 0.003 s -- in org.apache.wicket.core.util.objects.checker.SessionCheckerTest
[INFO] [INFO] Running org.apache.wicket.core.util.objects.checker.AbstractObjectCheckerTest
[INFO] [INFO] Tests run: 1, Failures: 0, Errors: 0, Skipped: 0, Time elapsed: 0.001 s -- in org.apache.wicket.core.util.objects.checker.AbstractObjectCheckerTest
[INFO] [INFO] Running org.apache.wicket.core.util.objects.checker.CheckingObjectOutputStreamPropertyChangeSupportTest
[INFO] [INFO] Tests run: 1, Failures: 0, Errors: 0, Skipped: 0, Time elapsed: 0.003 s -- in org.apache.wicket.core.util.objects.checker.CheckingObjectOutputStreamPropertyChangeSupportTest
[INFO] [INFO] Running org.apache.wicket.core.util.crypt.AESCryptTest
[INFO] [INFO] Tests run: 1, Failures: 0, Errors: 0, Skipped: 0, Time elapsed: 0.059 s -- in org.apache.wicket.core.util.crypt.AESCryptTest
[INFO] [INFO] Running org.apache.wicket.core.util.license.ApacheLicenceHeaderTest
[INFO] [INFO] Tests run: 2, Failures: 0, Errors: 0, Skipped: 0, Time elapsed: 0.616 s -- in org.apache.wicket.core.util.license.ApacheLicenceHeaderTest
[INFO] [INFO] Running org.apache.wicket.core.request.cycle.RequestCycleListenerDetachOrderTest
[INFO] [INFO] Tests run: 1, Failures: 0, Errors: 0, Skipped: 0, Time elapsed: 0.002 s -- in org.apache.wicket.core.request.cycle.RequestCycleListenerDetachOrderTest
[INFO] [INFO] Running org.apache.wicket.core.request.cycle.RerenderPageTest
[INFO] [INFO] Tests run: 2, Failures: 0, Errors: 0, Skipped: 0, Time elapsed: 0.027 s -- in org.apache.wicket.core.request.cycle.RerenderPageTest
[INFO] [INFO] Running org.apache.wicket.core.request.cycle.RequestCycleUrlForTest
[INFO] [INFO] Tests run: 5, Failures: 0, Errors: 0, Skipped: 0, Time elapsed: 0.075 s -- in org.apache.wicket.core.request.cycle.RequestCycleUrlForTest
[INFO] [INFO] Running org.apache.wicket.core.request.cycle.UrlRendererTest
[INFO] [INFO] Tests run: 51, Failures: 0, Errors: 0, Skipped: 0, Time elapsed: 0.009 s -- in org.apache.wicket.core.request.cycle.UrlRendererTest
[INFO] [INFO] Running org.apache.wicket.core.request.cycle.RequestCycleListenerTest
[INFO] [INFO] Tests run: 6, Failures: 0, Errors: 0, Skipped: 0, Time elapsed: 0.007 s -- in org.apache.wicket.core.request.cycle.RequestCycleListenerTest
[INFO] [INFO] Running org.apache.wicket.core.request.cycle.PageRequestHandlerTrackerTest
[INFO] [INFO] Tests run: 2, Failures: 0, Errors: 0, Skipped: 0, Time elapsed: 0.004 s -- in org.apache.wicket.core.request.cycle.PageRequestHandlerTrackerTest
[INFO] [INFO] Running org.apache.wicket.core.request.cycle.MultiRequestCycleListenerCallOrderTest
[INFO] [INFO] Tests run: 4, Failures: 0, Errors: 0, Skipped: 0, Time elapsed: 0.015 s -- in org.apache.wicket.core.request.cycle.MultiRequestCycleListenerCallOrderTest
[INFO] [INFO] Running org.apache.wicket.core.request.resource.ByteArrayResourceTest
[INFO] [INFO] Tests run: 4, Failures: 0, Errors: 0, Skipped: 0, Time elapsed: 0.074 s -- in org.apache.wicket.core.request.resource.ByteArrayResourceTest
[INFO] [INFO] Running org.apache.wicket.core.request.resource.ResourceReferenceLocatingTest
[INFO] [INFO] Tests run: 64, Failures: 0, Errors: 0, Skipped: 0, Time elapsed: 0.082 s -- in org.apache.wicket.core.request.resource.ResourceReferenceLocatingTest
[INFO] [INFO] Running org.apache.wicket.core.request.resource.CharSequenceResourceTest
[INFO] [INFO] Tests run: 3, Failures: 0, Errors: 0, Skipped: 0, Time elapsed: 0.004 s -- in org.apache.wicket.core.request.resource.CharSequenceResourceTest
[INFO] [INFO] Running org.apache.wicket.core.request.resource.JavaScriptPackageResourceTest
[INFO] [INFO] Tests run: 4, Failures: 0, Errors: 0, Skipped: 0, Time elapsed: 0.006 s -- in org.apache.wicket.core.request.resource.JavaScriptPackageResourceTest
[INFO] [INFO] Running org.apache.wicket.core.request.resource.PackageResourceReferenceTest
[INFO] [INFO] Tests run: 18, Failures: 0, Errors: 0, Skipped: 0, Time elapsed: 0.040 s -- in org.apache.wicket.core.request.resource.PackageResourceReferenceTest
[INFO] [INFO] Running org.apache.wicket.core.request.resource.caching.QueryStringWithVersionResourceCachingStrategyTest
[INFO] [INFO] Tests run: 4, Failures: 0, Errors: 0, Skipped: 0, Time elapsed: 0.002 s -- in org.apache.wicket.core.request.resource.caching.QueryStringWithVersionResourceCachingStrategyTest
[INFO] [INFO] Running org.apache.wicket.core.request.resource.caching.FilenameWithVersionResourceCachingStrategyTest
[INFO] [INFO] Tests run: 4, Failures: 0, Errors: 0, Skipped: 0, Time elapsed: 0.002 s -- in org.apache.wicket.core.request.resource.caching.FilenameWithVersionResourceCachingStrategyTest
[INFO] [INFO] Running org.apache.wicket.core.request.resource.caching.ContextRelativeResourceCachingTest
[INFO] [INFO] Tests run: 2, Failures: 0, Errors: 0, Skipped: 0, Time elapsed: 0.004 s -- in org.apache.wicket.core.request.resource.caching.ContextRelativeResourceCachingTest
[INFO] [INFO] Running org.apache.wicket.core.request.resource.CssPackageResourceTest
[INFO] [INFO] Tests run: 3, Failures: 0, Errors: 0, Skipped: 0, Time elapsed: 0.004 s -- in org.apache.wicket.core.request.resource.CssPackageResourceTest
[INFO] [INFO] Running org.apache.wicket.core.request.resource.ResourceReferenceLambdaTest
[INFO] [INFO] Tests run: 1, Failures: 0, Errors: 0, Skipped: 0, Time elapsed: 0.001 s -- in org.apache.wicket.core.request.resource.ResourceReferenceLambdaTest
[INFO] [INFO] Running org.apache.wicket.core.request.resource.MinifiedAwareResourceReferenceTest
[INFO] [INFO] Tests run: 2, Failures: 0, Errors: 0, Skipped: 0, Time elapsed: 0.003 s -- in org.apache.wicket.core.request.resource.MinifiedAwareResourceReferenceTest
[INFO] [INFO] Running org.apache.wicket.core.request.resource.DynamicImageResourceTest
[INFO] [INFO] Tests run: 2, Failures: 0, Errors: 0, Skipped: 0, Time elapsed: 0.002 s -- in org.apache.wicket.core.request.resource.DynamicImageResourceTest
[INFO] [INFO] Running org.apache.wicket.core.request.resource.ResouceBundleTest
[INFO] [INFO] Tests run: 5, Failures: 0, Errors: 0, Skipped: 0, Time elapsed: 0.017 s -- in org.apache.wicket.core.request.resource.ResouceBundleTest
[INFO] [INFO] Running org.apache.wicket.core.request.resource.WriteCallbackTest
[INFO] [INFO] Tests run: 1, Failures: 0, Errors: 0, Skipped: 0, Time elapsed: 0.001 s -- in org.apache.wicket.core.request.resource.WriteCallbackTest
[INFO] [INFO] Running org.apache.wicket.core.request.resource.ResourceReferenceRegistryTest
[INFO] [INFO] Tests run: 4, Failures: 0, Errors: 0, Skipped: 0, Time elapsed: 0.003 s -- in org.apache.wicket.core.request.resource.ResourceReferenceRegistryTest
[INFO] [INFO] Running org.apache.wicket.core.request.resource.UrlResourceReferenceTest
[INFO] [INFO] Tests run: 5, Failures: 0, Errors: 0, Skipped: 0, Time elapsed: 0.004 s -- in org.apache.wicket.core.request.resource.UrlResourceReferenceTest
[INFO] [INFO] Running org.apache.wicket.core.request.resource.ContextRelativeResourceReferenceTest
[INFO] [INFO] Tests run: 3, Failures: 0, Errors: 0, Skipped: 0, Time elapsed: 0.002 s -- in org.apache.wicket.core.request.resource.ContextRelativeResourceReferenceTest
[INFO] [INFO] Running org.apache.wicket.core.request.resource.LessResourceReferenceTest
[INFO] [INFO] Tests run: 2, Failures: 0, Errors: 0, Skipped: 0, Time elapsed: 0.005 s -- in org.apache.wicket.core.request.resource.LessResourceReferenceTest
[INFO] [INFO] Running org.apache.wicket.core.request.resource.MetaInfStaticResourceReferenceTest
[INFO] [INFO] Tests run: 1, Failures: 0, Errors: 0, Skipped: 0, Time elapsed: 0.001 s -- in org.apache.wicket.core.request.resource.MetaInfStaticResourceReferenceTest
[INFO] [INFO] Running org.apache.wicket.core.request.handler.ListenerRequestHandlerTest
[INFO] [INFO] Tests run: 5, Failures: 0, Errors: 0, Skipped: 0, Time elapsed: 0.013 s -- in org.apache.wicket.core.request.handler.ListenerRequestHandlerTest
[INFO] [INFO] Running org.apache.wicket.core.request.handler.resource.ResourceAuthorizationTest
[INFO] [INFO] Tests run: 2, Failures: 0, Errors: 0, Skipped: 0, Time elapsed: 0.002 s -- in org.apache.wicket.core.request.handler.resource.ResourceAuthorizationTest
[INFO] [INFO] Running org.apache.wicket.core.request.handler.ListenerInvocationNotAllowedExceptionTest
[INFO] [INFO] Tests run: 1, Failures: 0, Errors: 0, Skipped: 0, Time elapsed: 0.001 s -- in org.apache.wicket.core.request.handler.ListenerInvocationNotAllowedExceptionTest
[INFO] [INFO] Running org.apache.wicket.core.request.handler.logger.ListenerLogDataTest
[INFO] [INFO] Tests run: 1, Failures: 0, Errors: 0, Skipped: 0, Time elapsed: 0.002 s -- in org.apache.wicket.core.request.handler.logger.ListenerLogDataTest
[INFO] [INFO] Running org.apache.wicket.core.request.handler.render.StatelessPageManipulatingPageParametersTest
[INFO] [INFO] Tests run: 1, Failures: 0, Errors: 0, Skipped: 0, Time elapsed: 0.021 s -- in org.apache.wicket.core.request.handler.render.StatelessPageManipulatingPageParametersTest
[INFO] [INFO] Running org.apache.wicket.core.request.handler.render.SkipRenderWithSetResponsePageTest
[INFO] [INFO] Tests run: 1, Failures: 0, Errors: 0, Skipped: 0, Time elapsed: 0.005 s -- in org.apache.wicket.core.request.handler.render.SkipRenderWithSetResponsePageTest
[INFO] [INFO] Running org.apache.wicket.core.request.handler.render.WebPageRendererTest
[INFO] [INFO] Tests run: 30, Failures: 0, Errors: 0, Skipped: 0, Time elapsed: 0.114 s -- in org.apache.wicket.core.request.handler.render.WebPageRendererTest
[INFO] [INFO] Running org.apache.wicket.core.request.handler.PageIdPolicyTest
[INFO] [INFO] Tests run: 2, Failures: 0, Errors: 0, Skipped: 0, Time elapsed: 0.006 s -- in org.apache.wicket.core.request.handler.PageIdPolicyTest
[INFO] [INFO] Running org.apache.wicket.core.request.handler.PageProviderTest
[INFO] [INFO] Tests run: 9, Failures: 0, Errors: 0, Skipped: 0, Time elapsed: 0.020 s -- in org.apache.wicket.core.request.handler.PageProviderTest
[INFO] [INFO] Running org.apache.wicket.core.request.mapper.CryptoMapperTest
[INFO] [INFO] Tests run: 26, Failures: 0, Errors: 0, Skipped: 0, Time elapsed: 0.036 s -- in org.apache.wicket.core.request.mapper.CryptoMapperTest
[INFO] [INFO] Running org.apache.wicket.core.request.mapper.ResourceMapperWithDecoratedResourcesTest
[INFO] [INFO] Tests run: 2, Failures: 0, Errors: 0, Skipped: 0, Time elapsed: 0.004 s -- in org.apache.wicket.core.request.mapper.ResourceMapperWithDecoratedResourcesTest
[INFO] [INFO] Running org.apache.wicket.core.request.mapper.PageInstanceMapperTest
[INFO] [INFO] Tests run: 13, Failures: 0, Errors: 0, Skipped: 0, Time elapsed: 0.004 s -- in org.apache.wicket.core.request.mapper.PageInstanceMapperTest
[INFO] [INFO] Running org.apache.wicket.core.request.mapper.PackageMapperTest
[INFO] [INFO] Tests run: 29, Failures: 0, Errors: 0, Skipped: 0, Time elapsed: 0.010 s -- in org.apache.wicket.core.request.mapper.PackageMapperTest
[INFO] [INFO] Running org.apache.wicket.core.request.mapper.CustomHomePageTest
[INFO] [INFO] Tests run: 2, Failures: 0, Errors: 0, Skipped: 0, Time elapsed: 0.004 s -- in org.apache.wicket.core.request.mapper.CustomHomePageTest
[INFO] [INFO] Running org.apache.wicket.core.request.mapper.AbstractResourceReferenceMapperOwnTest
[INFO] [INFO] Tests run: 2, Failures: 0, Errors: 0, Skipped: 0, Time elapsed: 0.001 s -- in org.apache.wicket.core.request.mapper.AbstractResourceReferenceMapperOwnTest
[INFO] [INFO] Running org.apache.wicket.core.request.mapper.UrlInfoTest
[INFO] [INFO] Tests run: 1, Failures: 0, Errors: 0, Skipped: 0, Time elapsed: 0 s -- in org.apache.wicket.core.request.mapper.UrlInfoTest
[INFO] [INFO] Running org.apache.wicket.core.request.mapper.MountedMapperTest
[INFO] [INFO] Tests run: 42, Failures: 0, Errors: 0, Skipped: 0, Time elapsed: 0.012 s -- in org.apache.wicket.core.request.mapper.MountedMapperTest
[INFO] [INFO] Running org.apache.wicket.core.request.mapper.AbstractBookmarkableMapperTest
[INFO] [INFO] Tests run: 2, Failures: 0, Errors: 0, Skipped: 0, Time elapsed: 0.002 s -- in org.apache.wicket.core.request.mapper.AbstractBookmarkableMapperTest
[INFO] [INFO] Running org.apache.wicket.core.request.mapper.MoreSpecificResourceMountPathTest
[INFO] [INFO] Tests run: 2, Failures: 0, Errors: 0, Skipped: 0, Time elapsed: 0.004 s -- in org.apache.wicket.core.request.mapper.MoreSpecificResourceMountPathTest
[INFO] [INFO] Running org.apache.wicket.core.request.mapper.BasicResourceReferenceMapperTest
[INFO] [INFO] Tests run: 28, Failures: 0, Errors: 0, Skipped: 0, Time elapsed: 0.031 s -- in org.apache.wicket.core.request.mapper.BasicResourceReferenceMapperTest
[INFO] [INFO] Running org.apache.wicket.core.request.mapper.BookmarkableMapperTest
[INFO] [INFO] Tests run: 25, Failures: 0, Errors: 0, Skipped: 0, Time elapsed: 0.009 s -- in org.apache.wicket.core.request.mapper.BookmarkableMapperTest
[INFO] [INFO] Running org.apache.wicket.core.request.mapper.info.ComponentInfoTest
[INFO] [INFO] Tests run: 11, Failures: 0, Errors: 0, Skipped: 0, Time elapsed: 0.002 s -- in org.apache.wicket.core.request.mapper.info.ComponentInfoTest
[INFO] [INFO] Running org.apache.wicket.core.request.mapper.info.PageComponentInfoTest
[INFO] [INFO] Tests run: 3, Failures: 0, Errors: 0, Skipped: 0, Time elapsed: 0.001 s -- in org.apache.wicket.core.request.mapper.info.PageComponentInfoTest
[INFO] [INFO] Running org.apache.wicket.core.request.mapper.HashBasedResourceReferenceMapperTest
[INFO] [INFO] Tests run: 1, Failures: 0, Errors: 0, Skipped: 0, Time elapsed: 0.011 s -- in org.apache.wicket.core.request.mapper.HashBasedResourceReferenceMapperTest
[INFO] [INFO] Running org.apache.wicket.core.request.mapper.ResourceMapperTest
[INFO] [INFO] Tests run: 8, Failures: 0, Errors: 0, Skipped: 0, Time elapsed: 0.006 s -- in org.apache.wicket.core.request.mapper.ResourceMapperTest
[INFO] [INFO] Running org.apache.wicket.core.request.mapper.LocaleAwarePageParametersTest
[INFO] [INFO] Tests run: 2, Failures: 0, Errors: 0, Skipped: 0, Time elapsed: 0.005 s -- in org.apache.wicket.core.request.mapper.LocaleAwarePageParametersTest
[INFO] [INFO] Running org.apache.wicket.BehaviorRequestTest
[INFO] [INFO] Tests run: 2, Failures: 0, Errors: 0, Skipped: 0, Time elapsed: 0.004 s -- in org.apache.wicket.BehaviorRequestTest
[INFO] [INFO] Running org.apache.wicket.EventDispatcherTest
[INFO] [INFO] Tests run: 2, Failures: 0, Errors: 0, Skipped: 0, Time elapsed: 0.003 s -- in org.apache.wicket.EventDispatcherTest
[INFO] [INFO] Running org.apache.wicket.PlaceholderTagIdTest
[INFO] [INFO] Tests run: 1, Failures: 0, Errors: 0, Skipped: 0, Time elapsed: 0.002 s -- in org.apache.wicket.PlaceholderTagIdTest
[INFO] [INFO] Running org.apache.wicket.DisabledComponentTest
[INFO] [INFO] Tests run: 2, Failures: 0, Errors: 0, Skipped: 0, Time elapsed: 0.007 s -- in org.apache.wicket.DisabledComponentTest
[INFO] [INFO] Running org.apache.wicket.FormDispatchEventTest
[INFO] [INFO] Tests run: 1, Failures: 0, Errors: 0, Skipped: 0, Time elapsed: 0.019 s -- in org.apache.wicket.FormDispatchEventTest
[INFO] [INFO] Running org.apache.wicket.BehaviorsDetachTest
[INFO] [INFO] Tests run: 1, Failures: 0, Errors: 0, Skipped: 0, Time elapsed: 0.004 s -- in org.apache.wicket.BehaviorsDetachTest
[INFO] [INFO] Running org.apache.wicket.RestartResponseExceptionTest
[INFO] [INFO] Tests run: 1, Failures: 0, Errors: 0, Skipped: 0, Time elapsed: 0.003 s -- in org.apache.wicket.RestartResponseExceptionTest
[INFO] [INFO] Running org.apache.wicket.component.replacewith.ReplaceWithTest
[INFO] [INFO] Tests run: 4, Failures: 0, Errors: 0, Skipped: 0, Time elapsed: 0.017 s -- in org.apache.wicket.component.replacewith.ReplaceWithTest
[INFO] [INFO] Running org.apache.wicket.serialize.java.JavaSerializerTest
[INFO] [INFO] Tests run: 4, Failures: 0, Errors: 0, Skipped: 0, Time elapsed: 0.007 s -- in org.apache.wicket.serialize.java.JavaSerializerTest
[INFO] [INFO] Running org.apache.wicket.ResourceTest
[INFO] [INFO] Tests run: 2, Failures: 0, Errors: 0, Skipped: 0, Time elapsed: 0.003 s -- in org.apache.wicket.ResourceTest
[INFO] [INFO] Running org.apache.wicket.pageStore.disk.NestedFoldersTest
[INFO] [INFO] Tests run: 3, Failures: 0, Errors: 0, Skipped: 0, Time elapsed: 0.001 s -- in org.apache.wicket.pageStore.disk.NestedFoldersTest
[INFO] [INFO] Running org.apache.wicket.pageStore.disk.PageWindowManagerTest
[INFO] [INFO] Tests run: 4, Failures: 0, Errors: 0, Skipped: 0, Time elapsed: 0.021 s -- in org.apache.wicket.pageStore.disk.PageWindowManagerTest
[INFO] [INFO] Running org.apache.wicket.pageStore.GroupingPageStoreTest
[INFO] [INFO] Tests run: 1, Failures: 0, Errors: 0, Skipped: 0, Time elapsed: 0.003 s -- in org.apache.wicket.pageStore.GroupingPageStoreTest
[INFO] [INFO] Running org.apache.wicket.pageStore.InSessionPageStoreTest
[INFO] [INFO] Tests run: 8, Failures: 0, Errors: 0, Skipped: 0, Time elapsed: 0.003 s -- in org.apache.wicket.pageStore.InSessionPageStoreTest
[INFO] [INFO] Running org.apache.wicket.pageStore.FilePageStoreTest
[INFO] [INFO] Tests run: 1, Failures: 0, Errors: 0, Skipped: 0, Time elapsed: 0.684 s -- in org.apache.wicket.pageStore.FilePageStoreTest
[INFO] [INFO] Running org.apache.wicket.pageStore.CryptingPageStoreTest
[INFO] [INFO] Tests run: 4, Failures: 0, Errors: 0, Skipped: 0, Time elapsed: 0.286 s -- in org.apache.wicket.pageStore.CryptingPageStoreTest
[INFO] [INFO] Running org.apache.wicket.pageStore.DefaultPageContextTest
[INFO] [INFO] Tests run: 6, Failures: 0, Errors: 0, Skipped: 0, Time elapsed: 0.004 s -- in org.apache.wicket.pageStore.DefaultPageContextTest
[INFO] [INFO] Running org.apache.wicket.pageStore.DiskPageStoreTest
[INFO] [INFO] Tests run: 1, Failures: 0, Errors: 0, Skipped: 0, Time elapsed: 0.614 s -- in org.apache.wicket.pageStore.DiskPageStoreTest
[INFO] [INFO] Running org.apache.wicket.pageStore.InSessionPageStoreSizeTest
[INFO] [INFO] Tests run: 8, Failures: 0, Errors: 0, Skipped: 0, Time elapsed: 0.003 s -- in org.apache.wicket.pageStore.InSessionPageStoreSizeTest
[INFO] [INFO] Running org.apache.wicket.pageStore.SerializingPageStoreTest
[INFO] [INFO] Tests run: 1, Failures: 0, Errors: 0, Skipped: 0, Time elapsed: 0.001 s -- in org.apache.wicket.pageStore.SerializingPageStoreTest
[INFO] [INFO] Running org.apache.wicket.pageStore.InSessionPageStoreConcurrencyTest
[INFO] [INFO] Tests run: 1, Failures: 0, Errors: 0, Skipped: 0, Time elapsed: 0.141 s -- in org.apache.wicket.pageStore.InSessionPageStoreConcurrencyTest
[INFO] [INFO] Running org.apache.wicket.pageStore.AbstractPersistentPageStoreTest
[INFO] [INFO] Tests run: 1, Failures: 0, Errors: 0, Skipped: 0, Time elapsed: 0.001 s -- in org.apache.wicket.pageStore.AbstractPersistentPageStoreTest
[INFO] [INFO] Running org.apache.wicket.pageStore.AsynchronousPageStoreTest
[INFO] Metrics[storedPage = DummyPage[pageId = 1, writeMillis = 2105, readMillis = 1642, sessionId = 1, hashCode = 1737265981], storingMillis = 0, restoredPage = DummyPage[pageId = 1, writeMillis = 2105, readMillis = 1642, sessionId = 1, hashCode = 1737265981], restoringMillis = 0]
[INFO] Metrics[storedPage = DummyPage[pageId = 1, writeMillis = 1867, readMillis = 1549, sessionId = 2, hashCode = 1042262525], storingMillis = 0, restoredPage = DummyPage[pageId = 1, writeMillis = 1867, readMillis = 1549, sessionId = 2, hashCode = 1042262525], restoringMillis = 0]
[INFO] Metrics[storedPage = DummyPage[pageId = 2, writeMillis = 2003, readMillis = 1609, sessionId = 1, hashCode = 417817339], storingMillis = 0, restoredPage = DummyPage[pageId = 2, writeMillis = 2003, readMillis = 1609, sessionId = 1, hashCode = 417817339], restoringMillis = 0]
[INFO] Metrics[storedPage = DummyPage[pageId = 2, writeMillis = 1811, readMillis = 1638, sessionId = 2, hashCode = 1139662324], storingMillis = 0, restoredPage = DummyPage[pageId = 2, writeMillis = 1811, readMillis = 1638, sessionId = 2, hashCode = 1139662324], restoringMillis = 0]
[INFO] Metrics[storedPage = DummyPage[pageId = 3, writeMillis = 2152, readMillis = 1414, sessionId = 1, hashCode = 110270795], storingMillis = 0, restoredPage = DummyPage[pageId = 3, writeMillis = 2152, readMillis = 1414, sessionId = 1, hashCode = 110270795], restoringMillis = 0]
[INFO] Metrics[storedPage = DummyPage[pageId = 3, writeMillis = 1802, readMillis = 1619, sessionId = 2, hashCode = 1166120997], storingMillis = 0, restoredPage = DummyPage[pageId = 3, writeMillis = 1802, readMillis = 1619, sessionId = 2, hashCode = 1166120997], restoringMillis = 0]
[INFO] Metrics[storedPage = DummyPage[pageId = 4, writeMillis = 2045, readMillis = 1475, sessionId = 1, hashCode = 1716701908], storingMillis = 2075, restoredPage = DummyPage[pageId = 4, writeMillis = 2045, readMillis = 1475, sessionId = 1, hashCode = 1274915223], restoringMillis = 1476]
[INFO] Metrics[storedPage = DummyPage[pageId = 4, writeMillis = 2181, readMillis = 1410, sessionId = 2, hashCode = 1505180002], storingMillis = 0, restoredPage = DummyPage[pageId = 4, writeMillis = 2181, readMillis = 1410, sessionId = 2, hashCode = 1505180002], restoringMillis = 0]
[INFO] Metrics[storedPage = DummyPage[pageId = 5, writeMillis = 1906, readMillis = 1507, sessionId = 1, hashCode = 272548545], storingMillis = 1936, restoredPage = DummyPage[pageId = 5, writeMillis = 1906, readMillis = 1507, sessionId = 1, hashCode = 1615511160], restoringMillis = 1508]
[INFO] Metrics[storedPage = DummyPage[pageId = 5, writeMillis = 1991, readMillis = 1596, sessionId = 2, hashCode = 1180500727], storingMillis = 0, restoredPage = DummyPage[pageId = 5, writeMillis = 1991, readMillis = 1596, sessionId = 2, hashCode = 1180500727], restoringMillis = 0]
[INFO] Metrics[storedPage = DummyPage[pageId = 1, writeMillis = 1968, readMillis = 1570, sessionId = 1, hashCode = 1083156900], storingMillis = 0, restoredPage = DummyPage[pageId = 1, writeMillis = 1968, readMillis = 1570, sessionId = 1, hashCode = 1083156900], restoringMillis = 0]
[INFO] Metrics[storedPage = DummyPage[pageId = 1, writeMillis = 2164, readMillis = 1386, sessionId = 2, hashCode = 1971549875], storingMillis = 0, restoredPage = DummyPage[pageId = 1, writeMillis = 2164, readMillis = 1386, sessionId = 2, hashCode = 1971549875], restoringMillis = 0]
[INFO] Metrics[storedPage = DummyPage[pageId = 2, writeMillis = 1992, readMillis = 1597, sessionId = 1, hashCode = 1533511758], storingMillis = 0, restoredPage = DummyPage[pageId = 2, writeMillis = 1992, readMillis = 1597, sessionId = 1, hashCode = 1533511758], restoringMillis = 0]
[INFO] Metrics[storedPage = DummyPage[pageId = 2, writeMillis = 2140, readMillis = 1473, sessionId = 2, hashCode = 2012303026], storingMillis = 0, restoredPage = DummyPage[pageId = 2, writeMillis = 2140, readMillis = 1473, sessionId = 2, hashCode = 2012303026], restoringMillis = 0]
[INFO] Metrics[storedPage = DummyPage[pageId = 3, writeMillis = 2157, readMillis = 1471, sessionId = 1, hashCode = 1250823009], storingMillis = 0, restoredPage = DummyPage[pageId = 3, writeMillis = 2157, readMillis = 1471, sessionId = 1, hashCode = 1250823009], restoringMillis = 0]
[INFO] Metrics[storedPage = DummyPage[pageId = 3, writeMillis = 1960, readMillis = 1473, sessionId = 2, hashCode = 618056301], storingMillis = 0, restoredPage = DummyPage[pageId = 3, writeMillis = 1960, readMillis = 1473, sessionId = 2, hashCode = 618056301], restoringMillis = 0]
[INFO] Metrics[storedPage = DummyPage[pageId = 4, writeMillis = 1975, readMillis = 1610, sessionId = 1, hashCode = 1125385025], storingMillis = 0, restoredPage = DummyPage[pageId = 4, writeMillis = 1975, readMillis = 1610, sessionId = 1, hashCode = 1125385025], restoringMillis = 0]
[INFO] Metrics[storedPage = DummyPage[pageId = 4, writeMillis = 2174, readMillis = 1574, sessionId = 2, hashCode = 1047351631], storingMillis = 0, restoredPage = DummyPage[pageId = 4, writeMillis = 2174, readMillis = 1574, sessionId = 2, hashCode = 1047351631], restoringMillis = 0]
[INFO] Metrics[storedPage = DummyPage[pageId = 5, writeMillis = 2088, readMillis = 1360, sessionId = 1, hashCode = 67277024], storingMillis = 0, restoredPage = DummyPage[pageId = 5, writeMillis = 2088, readMillis = 1360, sessionId = 1, hashCode = 67277024], restoringMillis = 0]
[INFO] Metrics[storedPage = DummyPage[pageId = 5, writeMillis = 1835, readMillis = 1388, sessionId = 2, hashCode = 378910639], storingMillis = 0, restoredPage = DummyPage[pageId = 5, writeMillis = 1835, readMillis = 1388, sessionId = 2, hashCode = 378910639], restoringMillis = 0]
[INFO] [INFO] Tests run: 6, Failures: 0, Errors: 0, Skipped: 0, Time elapsed: 36.39 s -- in org.apache.wicket.pageStore.AsynchronousPageStoreTest
[INFO] [INFO] Running org.apache.wicket.pageStore.RequestPageStoreTest
[INFO] [INFO] Tests run: 2, Failures: 0, Errors: 0, Skipped: 0, Time elapsed: 0 s -- in org.apache.wicket.pageStore.RequestPageStoreTest
[INFO] [INFO] Running org.apache.wicket.pageStore.AsynchronousDataStoreTest
[INFO] [INFO] Tests run: 1, Failures: 0, Errors: 0, Skipped: 0, Time elapsed: 0.022 s -- in org.apache.wicket.pageStore.AsynchronousDataStoreTest
[INFO] [INFO] Running org.apache.wicket.pageStore.InMemoryPageStoreSizeTest
[INFO] [INFO] Tests run: 8, Failures: 0, Errors: 0, Skipped: 0, Time elapsed: 0.007 s -- in org.apache.wicket.pageStore.InMemoryPageStoreSizeTest
[INFO] [INFO] Running org.apache.wicket.pageStore.InMemoryPageStoreTest
[INFO] [INFO] Tests run: 8, Failures: 0, Errors: 0, Skipped: 0, Time elapsed: 0.001 s -- in org.apache.wicket.pageStore.InMemoryPageStoreTest
[INFO] [INFO] Running org.apache.wicket.ApplicationSettingsTest
[INFO] [INFO] Tests run: 8, Failures: 0, Errors: 0, Skipped: 0, Time elapsed: 0.003 s -- in org.apache.wicket.ApplicationSettingsTest
[INFO] [INFO] Running org.apache.wicket.SharedResourceUrlTest
[INFO] [INFO] Tests run: 2, Failures: 0, Errors: 0, Skipped: 0, Time elapsed: 0.004 s -- in org.apache.wicket.SharedResourceUrlTest
[INFO] [INFO] Running org.apache.wicket.intercept.InterceptDataCleanedAfterReadTest
[INFO] [INFO] Tests run: 1, Failures: 0, Errors: 0, Skipped: 0, Time elapsed: 0.023 s -- in org.apache.wicket.intercept.InterceptDataCleanedAfterReadTest
[INFO] [INFO] Running org.apache.wicket.ComponentConfigurationTest
[INFO] [INFO] Tests run: 2, Failures: 0, Errors: 0, Skipped: 0, Time elapsed: 0.004 s -- in org.apache.wicket.ComponentConfigurationTest
[INFO] [INFO] Running org.apache.wicket.SetResponsePageTest
[INFO] [INFO] Tests run: 1, Failures: 0, Errors: 0, Skipped: 0, Time elapsed: 0.004 s -- in org.apache.wicket.SetResponsePageTest
[INFO] [INFO] Running org.apache.wicket.util.tester.BaseWicketTesterTest
[INFO] [INFO] Tests run: 11, Failures: 0, Errors: 0, Skipped: 0, Time elapsed: 0.400 s -- in org.apache.wicket.util.tester.BaseWicketTesterTest
[INFO] [INFO] Running org.apache.wicket.VisitorTest
[INFO] [INFO] Tests run: 7, Failures: 0, Errors: 0, Skipped: 0, Time elapsed: 0.006 s -- in org.apache.wicket.VisitorTest
[INFO] [INFO] Running org.apache.wicket.behavior.OutputMarkupContainerClassNameBehaviorTest
[INFO] [INFO] Tests run: 3, Failures: 0, Errors: 0, Skipped: 0, Time elapsed: 0.011 s -- in org.apache.wicket.behavior.OutputMarkupContainerClassNameBehaviorTest
[INFO] [INFO] Running org.apache.wicket.behavior.SharedBehaviorTest
[INFO] [INFO] Tests run: 1, Failures: 0, Errors: 0, Skipped: 0, Time elapsed: 0.003 s -- in org.apache.wicket.behavior.SharedBehaviorTest
[INFO] [INFO] Running org.apache.wicket.behavior.AjaxCallbackUrlTest
[INFO] [INFO] Tests run: 2, Failures: 0, Errors: 0, Skipped: 0, Time elapsed: 0.006 s -- in org.apache.wicket.behavior.AjaxCallbackUrlTest
[INFO] [INFO] Running org.apache.wicket.behavior.ImmutableBehaviorIdsTest
[INFO] [INFO] Tests run: 4, Failures: 0, Errors: 0, Skipped: 0, Time elapsed: 0.007 s -- in org.apache.wicket.behavior.ImmutableBehaviorIdsTest
[INFO] [INFO] Running org.apache.wicket.behavior.BehaviorTest
[INFO] [INFO] Tests run: 4, Failures: 0, Errors: 0, Skipped: 0, Time elapsed: 0.008 s -- in org.apache.wicket.behavior.BehaviorTest
[INFO] [INFO] Running org.apache.wicket.request.resource.ResourceUrlSanitizerTest
[INFO] [INFO] Tests run: 3, Failures: 0, Errors: 0, Skipped: 0, Time elapsed: 0.005 s -- in org.apache.wicket.request.resource.ResourceUrlSanitizerTest
[INFO] [INFO] Running org.apache.wicket.request.resource.ResourceUrlAttributeValidationTest
[INFO] [INFO] Tests run: 4, Failures: 0, Errors: 0, Skipped: 0, Time elapsed: 0.005 s -- in org.apache.wicket.request.resource.ResourceUrlAttributeValidationTest
[INFO] [INFO] Running org.apache.wicket.RestartWithMountedPageTest
[INFO] [INFO] Tests run: 1, Failures: 0, Errors: 0, Skipped: 0, Time elapsed: 0.003 s -- in org.apache.wicket.RestartWithMountedPageTest
[INFO] [INFO] Running org.apache.wicket.BehaviorUrlTest
[INFO] [INFO] Tests run: 3, Failures: 0, Errors: 0, Skipped: 0, Time elapsed: 0.020 s -- in org.apache.wicket.BehaviorUrlTest
[INFO] [INFO] Running org.apache.wicket.RestartResponseAtInterceptPageExceptionTest
[INFO] [INFO] Tests run: 1, Failures: 0, Errors: 0, Skipped: 0, Time elapsed: 0.005 s -- in org.apache.wicket.RestartResponseAtInterceptPageExceptionTest
[INFO] [INFO] Running org.apache.wicket.RestartResponseAtInterceptPageExceptionInAjaxTest
[INFO] [INFO] Tests run: 1, Failures: 0, Errors: 0, Skipped: 0, Time elapsed: 0.003 s -- in org.apache.wicket.RestartResponseAtInterceptPageExceptionInAjaxTest
[INFO] [INFO] Running org.apache.wicket.response.PreserveCookieForTheNextHandlerTest
[INFO] [INFO] Tests run: 1, Failures: 0, Errors: 0, Skipped: 0, Time elapsed: 0.004 s -- in org.apache.wicket.response.PreserveCookieForTheNextHandlerTest
[INFO] [INFO] Running org.apache.wicket.response.filter.ResponseFilterTest
[INFO] [INFO] Tests run: 4, Failures: 0, Errors: 0, Skipped: 0, Time elapsed: 0.014 s -- in org.apache.wicket.response.filter.ResponseFilterTest
[INFO] [INFO] Running org.apache.wicket.response.filter.XmlCleaningResponseFilterTest
[INFO] [INFO] Tests run: 4, Failures: 0, Errors: 0, Skipped: 0, Time elapsed: 0.001 s -- in org.apache.wicket.response.filter.XmlCleaningResponseFilterTest
[INFO] [INFO] Running org.apache.wicket.StyleAttributeModifierTest
[INFO] [INFO] Tests run: 3, Failures: 0, Errors: 0, Skipped: 0, Time elapsed: 0.001 s -- in org.apache.wicket.StyleAttributeModifierTest
[INFO] [INFO] Running org.apache.wicket.validation.ValidationErrorTest
[INFO] [INFO] Tests run: 2, Failures: 0, Errors: 0, Skipped: 0, Time elapsed: 0.001 s -- in org.apache.wicket.validation.ValidationErrorTest
[INFO] [INFO] Running org.apache.wicket.validation.validator.RangeValidatorTest
[INFO] [INFO] Tests run: 6, Failures: 0, Errors: 0, Skipped: 0, Time elapsed: 0.001 s -- in org.apache.wicket.validation.validator.RangeValidatorTest
[INFO] [INFO] Running org.apache.wicket.validation.validator.UrlValidatorTest
[INFO] [INFO] Tests run: 6, Failures: 0, Errors: 0, Skipped: 0, Time elapsed: 0.539 s -- in org.apache.wicket.validation.validator.UrlValidatorTest
[INFO] [INFO] Running org.apache.wicket.validation.validator.EmailValidatorTest
[INFO] [INFO] Tests run: 2, Failures: 0, Errors: 0, Skipped: 0, Time elapsed: 0 s -- in org.apache.wicket.validation.validator.EmailValidatorTest
[INFO] [INFO] Running org.apache.wicket.validation.validator.CreditCardValidatorTest
[INFO] [INFO] Tests run: 4, Failures: 0, Errors: 0, Skipped: 0, Time elapsed: 0.001 s -- in org.apache.wicket.validation.validator.CreditCardValidatorTest
[INFO] [INFO] Running org.apache.wicket.validation.ValidatorBehaviorTest
[INFO] [INFO] Tests run: 3, Failures: 0, Errors: 0, Skipped: 0, Time elapsed: 0.035 s -- in org.apache.wicket.validation.ValidatorBehaviorTest
[INFO] [INFO] Running org.apache.wicket.validation.CompoundValidatorTest
[INFO] [INFO] Tests run: 1, Failures: 0, Errors: 0, Skipped: 0, Time elapsed: 0.078 s -- in org.apache.wicket.validation.CompoundValidatorTest
[INFO] [INFO] Running org.apache.wicket.ParentResourceEscapePathTest
[INFO] [INFO] Tests run: 3, Failures: 0, Errors: 0, Skipped: 0, Time elapsed: 0.010 s -- in org.apache.wicket.ParentResourceEscapePathTest
[INFO] [INFO] Running org.apache.wicket.AuthorizationTest
[INFO] [INFO] Tests run: 6, Failures: 0, Errors: 0, Skipped: 0, Time elapsed: 0.064 s -- in org.apache.wicket.AuthorizationTest
[INFO] [INFO] Running org.apache.wicket.AddChildToParentInOnInitializeTest
[INFO] [INFO] Tests run: 1, Failures: 0, Errors: 0, Skipped: 0, Time elapsed: 0.002 s -- in org.apache.wicket.AddChildToParentInOnInitializeTest
[INFO] [INFO] Running org.apache.wicket.coop.CrossOriginOpenerPolicyRequestCycleListenerTest
[INFO] [INFO] Tests run: 5, Failures: 0, Errors: 0, Skipped: 0, Time elapsed: 0.005 s -- in org.apache.wicket.coop.CrossOriginOpenerPolicyRequestCycleListenerTest
[INFO] [INFO] Running org.apache.wicket.TesterTest
[INFO] [INFO] Tests run: 1, Failures: 0, Errors: 0, Skipped: 0, Time elapsed: 0.003 s -- in org.apache.wicket.TesterTest
[INFO] [INFO] Running org.apache.wicket.feedback.FeedbackRenderTest
[INFO] [INFO] Tests run: 2, Failures: 0, Errors: 0, Skipped: 0, Time elapsed: 0.006 s -- in org.apache.wicket.feedback.FeedbackRenderTest
[INFO] [INFO] Running org.apache.wicket.settings.def.SetCustomResourceSettingsTest
[INFO] [INFO] Tests run: 1, Failures: 0, Errors: 0, Skipped: 0, Time elapsed: 0.073 s -- in org.apache.wicket.settings.def.SetCustomResourceSettingsTest
[INFO] [INFO] Running org.apache.wicket.settings.DebugSettingsTest
[INFO] [INFO] Tests run: 1, Failures: 0, Errors: 0, Skipped: 0, Time elapsed: 0.003 s -- in org.apache.wicket.settings.DebugSettingsTest
[INFO] [INFO] Running org.apache.wicket.settings.ExceptionSettingsNotRenderableErrorStrategyTest
[INFO] [INFO] Tests run: 4, Failures: 0, Errors: 0, Skipped: 0, Time elapsed: 0.010 s -- in org.apache.wicket.settings.ExceptionSettingsNotRenderableErrorStrategyTest
[INFO] [INFO] Running org.apache.wicket.settings.ISecuritySettingsTest
[INFO] [INFO] Tests run: 2, Failures: 0, Errors: 0, Skipped: 0, Time elapsed: 0.027 s -- in org.apache.wicket.settings.ISecuritySettingsTest
[INFO] [INFO] 
[INFO] [INFO] Results:
[INFO] [INFO] 
[INFO] [WARNING] Tests run: 2367, Failures: 0, Errors: 0, Skipped: 9
[INFO] [INFO] 
[INFO] [INFO] 
[INFO] [INFO] --- jar:3.5.0:jar (default-jar) @ wicket-core-tests ---
[INFO] [INFO] Set Build-Jdk-Spec based on toolchain in maven-jar-plugin JDK[/usr/lib/jvm/temurin-17-jdk-amd64/]
[INFO] [INFO] Building jar: /home/andrea/WicketBuild/wicket-10.x/target/checkout/wicket-core-tests/target/wicket-core-tests-10.11.0.jar
[INFO] [INFO] 
[INFO] [INFO] --- assembly:3.7.1:single (source-release-assembly) @ wicket-core-tests ---
[INFO] [INFO] Skipping the assembly in this project because it's not the Execution Root
[INFO] [INFO] 
[INFO] [INFO] --- source:3.4.0:jar-no-fork (attach-sources) @ wicket-core-tests ---
[INFO] [INFO] Building jar: /home/andrea/WicketBuild/wicket-10.x/target/checkout/wicket-core-tests/target/wicket-core-tests-10.11.0-sources.jar
[INFO] [INFO] 
[INFO] [INFO] --- javadoc:3.12.0:jar (attach-javadocs) @ wicket-core-tests ---
[INFO] [INFO] No Javadoc in project. Archive not created.
[INFO] [INFO] 
[INFO] [INFO] --- checksum:1.11:artifacts (source-release-checksum) @ wicket-core-tests ---
[INFO] [INFO] 
[INFO] [INFO] --- japicmp:0.25.4:cmp (default) @ wicket-core-tests ---
[INFO] [INFO] japicmp skipped.
[INFO] [INFO] 
[INFO] [INFO] --- gpg:3.2.8:sign (sign-release-artifacts) @ wicket-core-tests ---
[INFO] [INFO] Signer 'gpg' is signing 3 files with key default
[INFO] gpg: using "0xD1AE986470B5A49C3E6A27B2878F01FAA8D356E1" as default secret key for signing
[INFO] gpg: using "0xD1AE986470B5A49C3E6A27B2878F01FAA8D356E1" as default secret key for signing
[INFO] gpg: using "0xD1AE986470B5A49C3E6A27B2878F01FAA8D356E1" as default secret key for signing
[INFO] [INFO] 
[INFO] [INFO] --- install:3.1.4:install (default-install) @ wicket-core-tests ---
[INFO] [INFO] Installing /home/andrea/WicketBuild/wicket-10.x/target/checkout/wicket-core-tests/pom.xml to /home/andrea/.m2/repository/org/apache/wicket/wicket-core-tests/10.11.0/wicket-core-tests-10.11.0.pom
[INFO] [INFO] Installing /home/andrea/WicketBuild/wicket-10.x/target/checkout/wicket-core-tests/target/wicket-core-tests-10.11.0.jar to /home/andrea/.m2/repository/org/apache/wicket/wicket-core-tests/10.11.0/wicket-core-tests-10.11.0.jar
[INFO] [INFO] Installing /home/andrea/WicketBuild/wicket-10.x/target/checkout/wicket-core-tests/target/wicket-core-tests-10.11.0-sources.jar to /home/andrea/.m2/repository/org/apache/wicket/wicket-core-tests/10.11.0/wicket-core-tests-10.11.0-sources.jar
[INFO] [INFO] Installing /home/andrea/WicketBuild/wicket-10.x/target/checkout/wicket-core-tests/target/wicket-core-tests-10.11.0.jar.asc to /home/andrea/.m2/repository/org/apache/wicket/wicket-core-tests/10.11.0/wicket-core-tests-10.11.0.jar.asc
[INFO] [INFO] Installing /home/andrea/WicketBuild/wicket-10.x/target/checkout/wicket-core-tests/target/wicket-core-tests-10.11.0.pom.asc to /home/andrea/.m2/repository/org/apache/wicket/wicket-core-tests/10.11.0/wicket-core-tests-10.11.0.pom.asc
[INFO] [INFO] Installing /home/andrea/WicketBuild/wicket-10.x/target/checkout/wicket-core-tests/target/wicket-core-tests-10.11.0-sources.jar.asc to /home/andrea/.m2/repository/org/apache/wicket/wicket-core-tests/10.11.0/wicket-core-tests-10.11.0-sources.jar.asc
[INFO] [INFO] 
[INFO] [INFO] --- gpg:3.2.8:sign (sign-artifacts) @ wicket-core-tests ---
[INFO] [INFO] Signer 'gpg' is signing 3 files with key default
[INFO] gpg: using "0xD1AE986470B5A49C3E6A27B2878F01FAA8D356E1" as default secret key for signing
[INFO] [WARNING] artifact org.apache.wicket:wicket-core-tests:jar.asc:10.11.0 already attached, replace previous instance
[INFO] gpg: using "0xD1AE986470B5A49C3E6A27B2878F01FAA8D356E1" as default secret key for signing
[INFO] [WARNING] artifact org.apache.wicket:wicket-core-tests:pom.asc:10.11.0 already attached, replace previous instance
[INFO] gpg: using "0xD1AE986470B5A49C3E6A27B2878F01FAA8D356E1" as default secret key for signing
[INFO] [WARNING] artifact org.apache.wicket:wicket-core-tests:jar.asc:sources:10.11.0 already attached, replace previous instance
[INFO] [INFO] 
[INFO] [INFO] --- deploy:3.1.4:deploy (default-deploy) @ wicket-core-tests ---
[INFO] [INFO] Skipping artifact deployment
[INFO] [INFO] 
[INFO] [INFO] ----------------< org.apache.wicket:wicket-extensions >-----------------
[INFO] [INFO] Building Wicket Extensions 10.11.0                                [8/32]
[INFO] [INFO]   from wicket-extensions/pom.xml
[INFO] [INFO] --------------------------------[ jar ]---------------------------------
[INFO] [INFO] 
[INFO] [INFO] --- enforcer:3.6.2:enforce (enforce-maven) @ wicket-extensions ---
[INFO] [INFO] Rule 1: org.apache.maven.enforcer.rules.dependency.DependencyConvergence passed
[INFO] [INFO] Rule 2: com.github.ferstl.maven.pomenforcers.CompoundPedanticEnforcer(compound) passed
[INFO] [INFO] 
[INFO] [INFO] --- enforcer:3.6.2:enforce (enforce-maven-version) @ wicket-extensions ---
[INFO] [INFO] Rule 1: org.apache.maven.enforcer.rules.dependency.DependencyConvergence passed
[INFO] [INFO] Rule 2: com.github.ferstl.maven.pomenforcers.CompoundPedanticEnforcer(compound) passed
[INFO] [INFO] 
[INFO] [INFO] --- enforcer:3.6.2:enforce (enforce-java-version) @ wicket-extensions ---
[INFO] [INFO] Rule 1: org.apache.maven.enforcer.rules.dependency.DependencyConvergence passed
[INFO] [INFO] Rule 2: com.github.ferstl.maven.pomenforcers.CompoundPedanticEnforcer(compound) passed
[INFO] [INFO] 
[INFO] [INFO] --- toolchains:3.2.0:toolchain (default) @ wicket-extensions ---
[INFO] [INFO] Required toolchain: jdk [ version='17' ]
[INFO] [INFO] Found matching toolchain for type jdk: JDK[/usr/lib/jvm/temurin-17-jdk-amd64/]
[INFO] [INFO] 
[INFO] [INFO] --- remote-resources:3.3.0:process (default) @ wicket-extensions ---
[INFO] [INFO] Preparing remote bundle org.apache:apache-jar-resource-bundle:1.4
[INFO] [INFO] Copying 3 resources from 1 bundle.
[INFO] [INFO] 
[INFO] [INFO] --- remote-resources:3.3.0:process (process-resource-bundles) @ wicket-extensions ---
[INFO] [INFO] Preparing remote bundle org.apache.apache.resources:apache-jar-resource-bundle:1.7
[INFO] [INFO] Copying 3 resources from 1 bundle.
[INFO] [INFO] 
[INFO] [INFO] --- resources:3.4.0:resources (default-resources) @ wicket-extensions ---
[INFO] [INFO] Copying 127 resources from src/main/java to target/classes
[INFO] [INFO] Copying 1 resource from src/main/resources to target/classes
[INFO] [INFO] skip non existing resourceDirectory /home/andrea/WicketBuild/wicket-10.x/target/checkout/wicket-extensions/target/generated-res
[INFO] [INFO] Copying 3 resources from target/maven-shared-archive-resources to target/classes
[INFO] [INFO] Copying 3 resources from target/maven-shared-archive-resources to target/classes
[INFO] [INFO] 
[INFO] [INFO] --- resources-optimizer:2.6.5:optimize (default) @ wicket-extensions ---
[INFO] [INFO] Optimize CSS file DefaultCssAutoCompleteTextField.css ...
[INFO] [INFO] Optimize CSS file UploadProgressBar.css ...
[INFO] [INFO] Optimize CSS file theme.css ...
[INFO] [INFO] Optimize CSS file palette.css ...
[INFO] [INFO] Optimize CSS file theme.css ...
[INFO] [INFO] Optimize CSS file theme.css ...
[INFO] [INFO] Optimize CSS file RatingPanel.css ...
[INFO] [INFO] Optimize JS file wicket-autocomplete.js ...
[INFO] [INFO] Optimize JS file progressbar.js ...
[INFO] [INFO] Optimize JS file trap-focus.js ...
[INFO] [INFO] Optimize JS file wicket-ajaxdownload.js ...
[INFO] [INFO] Optimize JS file wicket-ajaxupload.js ...
[INFO] [INFO] Optimize JS file kittencaptcha.js ...
[INFO] [INFO] Optimize JS file palette.js ...
[INFO] [INFO] Optimize JS file wicket-filterform.js ...
[INFO] [INFO] === Statistic ===========================================
[INFO] [INFO] Size before optimization = 65.551 KB
[INFO] [INFO] Size after optimization = 26.669 KB
[INFO] [INFO] Optimized resources have 40.68% of original size
[INFO] [INFO] =========================================================
[INFO] [INFO] 
[INFO] [INFO] --- compiler:3.14.1:compile (default-compile) @ wicket-extensions ---
[INFO] [INFO] Toolchain in maven-compiler-plugin: JDK[/usr/lib/jvm/temurin-17-jdk-amd64/]
[INFO] [INFO] Recompiling the module because of changed dependency.
[INFO] [INFO] Compiling 180 source files with javac [forked debug deprecation release 17 module-path] to target/classes
[INFO] [INFO] JDK-8318913 workaround: patched module-info.class requires version from [17.0.20.1] to [17] on 2 JDK modules [java.base, java.desktop]
[INFO] [INFO] 
[INFO] [INFO] --- bundle:6.0.0:manifest (default-bundle) @ wicket-extensions ---
[INFO] [INFO] No MANIFEST.MF file found, generating manifest.
[INFO] [INFO] Writing manifest: /home/andrea/WicketBuild/wicket-10.x/target/checkout/wicket-extensions/target/classes/META-INF/MANIFEST.MF
[INFO] [INFO] 
[INFO] [INFO] --- resources:3.4.0:testResources (default-testResources) @ wicket-extensions ---
[INFO] [INFO] Copying 13 resources from src/test/java to target/test-classes
[INFO] [INFO] Copying 3 resources from target/maven-shared-archive-resources to target/test-classes
[INFO] [INFO] Copying 3 resources from target/maven-shared-archive-resources to target/test-classes
[INFO] [INFO] 
[INFO] [INFO] --- compiler:3.14.1:testCompile (default-testCompile) @ wicket-extensions ---
[INFO] [INFO] Toolchain in maven-compiler-plugin: JDK[/usr/lib/jvm/temurin-17-jdk-amd64/]
[INFO] [INFO] Recompiling the module because of changed dependency.
[INFO] [INFO] Compiling 51 source files with javac [forked debug deprecation release 17 module-path] to target/test-classes
[INFO] [INFO] 
[INFO] [INFO] --- surefire:3.5.4:test (default-test) @ wicket-extensions ---
[INFO] [INFO] Toolchain in maven-surefire-plugin: JDK[/usr/lib/jvm/temurin-17-jdk-amd64/]
[INFO] [INFO] Using auto detected provider org.apache.maven.surefire.junitplatform.JUnitPlatformProvider
[INFO] [INFO] 
[INFO] [INFO] -------------------------------------------------------
[INFO] [INFO]  T E S T S
[INFO] [INFO] -------------------------------------------------------
[ERROR] WARNING: Using incubator modules: jdk.incubator.foreign, jdk.incubator.vector
[INFO] [INFO] Running org.apache.wicket.extensions.wizard.dynamic.DynamicWizardModelTest
[ERROR] SLF4J(W): No SLF4J providers were found.
[ERROR] SLF4J(W): Defaulting to no-operation (NOP) logger implementation
[ERROR] SLF4J(W): See https://www.slf4j.org/codes.html#noProviders for further details.
[INFO] [INFO] Tests run: 1, Failures: 0, Errors: 0, Skipped: 0, Time elapsed: 0.207 s -- in org.apache.wicket.extensions.wizard.dynamic.DynamicWizardModelTest
[INFO] [INFO] Running org.apache.wicket.extensions.wizard.WizardModelTest
[INFO] [INFO] Tests run: 2, Failures: 0, Errors: 0, Skipped: 0, Time elapsed: 0.016 s -- in org.apache.wicket.extensions.wizard.WizardModelTest
[INFO] [INFO] Running org.apache.wicket.extensions.ajax.markup.html.AjaxEditableTest
[INFO] [INFO] Tests run: 4, Failures: 0, Errors: 0, Skipped: 0, Time elapsed: 0.189 s -- in org.apache.wicket.extensions.ajax.markup.html.AjaxEditableTest
[INFO] [INFO] Running org.apache.wicket.extensions.ajax.markup.html.AjaxEditableLabelEscapeModelStringsTest
[INFO] [INFO] Tests run: 13, Failures: 0, Errors: 0, Skipped: 0, Time elapsed: 0.142 s -- in org.apache.wicket.extensions.ajax.markup.html.AjaxEditableLabelEscapeModelStringsTest
[INFO] [INFO] Running org.apache.wicket.extensions.ajax.markup.html.autocomplete.AutoCompleteTest
[INFO] [INFO] Tests run: 1, Failures: 0, Errors: 0, Skipped: 0, Time elapsed: 0.015 s -- in org.apache.wicket.extensions.ajax.markup.html.autocomplete.AutoCompleteTest
[INFO] [INFO] Running org.apache.wicket.extensions.ajax.markup.html.autocomplete.AbstractAutoCompleteRendererTest
[INFO] [INFO] Tests run: 1, Failures: 0, Errors: 0, Skipped: 0, Time elapsed: 0.044 s -- in org.apache.wicket.extensions.ajax.markup.html.autocomplete.AbstractAutoCompleteRendererTest
[INFO] [INFO] Running org.apache.wicket.extensions.ajax.markup.html.repeater.AjaxListPanelTest
[INFO] [INFO] Tests run: 1, Failures: 0, Errors: 0, Skipped: 0, Time elapsed: 0.011 s -- in org.apache.wicket.extensions.ajax.markup.html.repeater.AjaxListPanelTest
[INFO] [INFO] Running org.apache.wicket.extensions.ajax.markup.html.AjaxEditableLabelNullLabelEscapeTest
[INFO] [INFO] Tests run: 4, Failures: 0, Errors: 0, Skipped: 0, Time elapsed: 0.027 s -- in org.apache.wicket.extensions.ajax.markup.html.AjaxEditableLabelNullLabelEscapeTest
[INFO] [INFO] Running org.apache.wicket.extensions.ajax.markup.html.modal.ModalDialogTest
[INFO] [INFO] Tests run: 2, Failures: 0, Errors: 0, Skipped: 0, Time elapsed: 0.013 s -- in org.apache.wicket.extensions.ajax.markup.html.modal.ModalDialogTest
[INFO] [INFO] Running org.apache.wicket.extensions.markup.html.upload.UploadFormWithProgressBarTest
[INFO] [INFO] Tests run: 1, Failures: 0, Errors: 0, Skipped: 0, Time elapsed: 0.179 s -- in org.apache.wicket.extensions.markup.html.upload.UploadFormWithProgressBarTest
[INFO] [INFO] Running org.apache.wicket.extensions.markup.html.tabs.AjaxTabbedPanelTest
[INFO] [INFO] Tests run: 6, Failures: 0, Errors: 0, Skipped: 0, Time elapsed: 0.226 s -- in org.apache.wicket.extensions.markup.html.tabs.AjaxTabbedPanelTest
[INFO] [INFO] Running org.apache.wicket.extensions.markup.html.tabs.TabbedPanelVisibilityTest
[INFO] [INFO] Tests run: 3, Failures: 0, Errors: 0, Skipped: 0, Time elapsed: 0.069 s -- in org.apache.wicket.extensions.markup.html.tabs.TabbedPanelVisibilityTest
[INFO] [INFO] Running org.apache.wicket.extensions.markup.html.tabs.TabbedPanelTest
[INFO] [INFO] Tests run: 6, Failures: 0, Errors: 0, Skipped: 0, Time elapsed: 0.120 s -- in org.apache.wicket.extensions.markup.html.tabs.TabbedPanelTest
[INFO] [INFO] Running org.apache.wicket.extensions.markup.html.basic.DefaultLinkParserTest
[INFO] [INFO] Tests run: 4, Failures: 0, Errors: 0, Skipped: 0, Time elapsed: 0.003 s -- in org.apache.wicket.extensions.markup.html.basic.DefaultLinkParserTest
[INFO] [INFO] Running org.apache.wicket.extensions.markup.html.image.resource.ThumbnailImageResourceTest
[INFO] [INFO] Tests run: 1, Failures: 0, Errors: 0, Skipped: 0, Time elapsed: 0.262 s -- in org.apache.wicket.extensions.markup.html.image.resource.ThumbnailImageResourceTest
[INFO] [INFO] Running org.apache.wicket.extensions.markup.html.captcha.CaptchaImageResourceTest
[INFO] [INFO] Tests run: 5, Failures: 0, Errors: 0, Skipped: 0, Time elapsed: 0.495 s -- in org.apache.wicket.extensions.markup.html.captcha.CaptchaImageResourceTest
[INFO] [INFO] Running org.apache.wicket.extensions.markup.html.form.DateTextFieldTest
[INFO] [INFO] Tests run: 2, Failures: 0, Errors: 0, Skipped: 0, Time elapsed: 0.052 s -- in org.apache.wicket.extensions.markup.html.form.DateTextFieldTest
[INFO] [INFO] Running org.apache.wicket.extensions.markup.html.form.select.SelectTest
[INFO] [INFO] Tests run: 3, Failures: 0, Errors: 0, Skipped: 0, Time elapsed: 0.052 s -- in org.apache.wicket.extensions.markup.html.form.select.SelectTest
[INFO] [INFO] Running org.apache.wicket.extensions.markup.html.form.palette.PaletteAdditionalAttributesTest
[INFO] [INFO] Tests run: 2, Failures: 0, Errors: 0, Skipped: 0, Time elapsed: 0.067 s -- in org.apache.wicket.extensions.markup.html.form.palette.PaletteAdditionalAttributesTest
[INFO] [INFO] Running org.apache.wicket.extensions.markup.html.form.palette.PaletteTest
[INFO] [INFO] Tests run: 7, Failures: 0, Errors: 0, Skipped: 0, Time elapsed: 0.224 s -- in org.apache.wicket.extensions.markup.html.form.palette.PaletteTest
[INFO] [INFO] Running org.apache.wicket.extensions.markup.html.form.datetime.LocalDateTextFieldTest
[INFO] [INFO] Tests run: 3, Failures: 0, Errors: 0, Skipped: 0, Time elapsed: 0.041 s -- in org.apache.wicket.extensions.markup.html.form.datetime.LocalDateTextFieldTest
[INFO] [INFO] Running org.apache.wicket.extensions.markup.html.form.datetime.DateTimeFieldTest
[INFO] [INFO] Tests run: 4, Failures: 0, Errors: 0, Skipped: 0, Time elapsed: 0.142 s -- in org.apache.wicket.extensions.markup.html.form.datetime.DateTimeFieldTest
[INFO] [INFO] Running org.apache.wicket.extensions.markup.html.form.datetime.ZonedToLocalDateTimeModelTest
[INFO] [INFO] Tests run: 1, Failures: 0, Errors: 0, Skipped: 0, Time elapsed: 0.001 s -- in org.apache.wicket.extensions.markup.html.form.datetime.ZonedToLocalDateTimeModelTest
[INFO] [INFO] Running org.apache.wicket.extensions.markup.html.form.datetime.TimeFieldTest
[INFO] [INFO] Tests run: 4, Failures: 0, Errors: 0, Skipped: 0, Time elapsed: 0.114 s -- in org.apache.wicket.extensions.markup.html.form.datetime.TimeFieldTest
[INFO] [INFO] Running org.apache.wicket.extensions.markup.html.repeater.util.TreeModelProviderTest
[INFO] [INFO] Tests run: 2, Failures: 0, Errors: 0, Skipped: 0, Time elapsed: 0.002 s -- in org.apache.wicket.extensions.markup.html.repeater.util.TreeModelProviderTest
[INFO] [INFO] Running org.apache.wicket.extensions.markup.html.repeater.util.ProviderSubsetTest
[INFO] [INFO] Tests run: 1, Failures: 0, Errors: 0, Skipped: 0, Time elapsed: 0.001 s -- in org.apache.wicket.extensions.markup.html.repeater.util.ProviderSubsetTest
[INFO] [INFO] Running org.apache.wicket.extensions.markup.html.repeater.data.table.DataTableTest
[INFO] [INFO] Tests run: 3, Failures: 0, Errors: 0, Skipped: 0, Time elapsed: 0.171 s -- in org.apache.wicket.extensions.markup.html.repeater.data.table.DataTableTest
[INFO] [INFO] Running org.apache.wicket.extensions.markup.html.repeater.data.table.export.CSVDataExporterTest
[INFO] [INFO] Tests run: 1, Failures: 0, Errors: 0, Skipped: 0, Time elapsed: 0.005 s -- in org.apache.wicket.extensions.markup.html.repeater.data.table.export.CSVDataExporterTest
[INFO] [INFO] Running org.apache.wicket.extensions.markup.html.repeater.data.table.filter.FilterFormTest
[INFO] [INFO] Tests run: 1, Failures: 0, Errors: 0, Skipped: 0, Time elapsed: 0.019 s -- in org.apache.wicket.extensions.markup.html.repeater.data.table.filter.FilterFormTest
[INFO] [INFO] Running org.apache.wicket.extensions.markup.html.repeater.tree.table.NodeModelTest
[INFO] [INFO] Tests run: 1, Failures: 0, Errors: 0, Skipped: 0, Time elapsed: 0.001 s -- in org.apache.wicket.extensions.markup.html.repeater.tree.table.NodeModelTest
[INFO] [INFO] Running org.apache.wicket.extensions.markup.html.repeater.tree.table.TreeDataProviderTest
[INFO] [INFO] Tests run: 1, Failures: 0, Errors: 0, Skipped: 0, Time elapsed: 0.001 s -- in org.apache.wicket.extensions.markup.html.repeater.tree.table.TreeDataProviderTest
[INFO] [INFO] Running org.apache.wicket.extensions.markup.html.repeater.tree.table.NodeBorderTest
[INFO] [INFO] Tests run: 1, Failures: 0, Errors: 0, Skipped: 0, Time elapsed: 0.004 s -- in org.apache.wicket.extensions.markup.html.repeater.tree.table.NodeBorderTest
[INFO] [INFO] Running org.apache.wicket.extensions.util.markup.xhtml.WellFormedXmlTest
[INFO] [INFO] Tests run: 1, Failures: 0, Errors: 0, Skipped: 0, Time elapsed: 0.003 s -- in org.apache.wicket.extensions.util.markup.xhtml.WellFormedXmlTest
[INFO] [INFO] Running org.apache.wicket.extensions.util.license.ApacheLicenceHeaderTest
[INFO] [INFO] Tests run: 1, Failures: 0, Errors: 0, Skipped: 0, Time elapsed: 0.070 s -- in org.apache.wicket.extensions.util.license.ApacheLicenceHeaderTest
[INFO] [INFO] Running org.apache.wicket.extensions.validation.validator.RfcCompliantEmailValidatorTest
[INFO] [INFO] Tests run: 2, Failures: 0, Errors: 0, Skipped: 0, Time elapsed: 0.004 s -- in org.apache.wicket.extensions.validation.validator.RfcCompliantEmailValidatorTest
[INFO] [INFO] 
[INFO] [INFO] Results:
[INFO] [INFO] 
[INFO] [INFO] Tests run: 96, Failures: 0, Errors: 0, Skipped: 0
[INFO] [INFO] 
[INFO] [INFO] 
[INFO] [INFO] --- jar:3.5.0:jar (default-jar) @ wicket-extensions ---
[INFO] [INFO] Set Build-Jdk-Spec based on toolchain in maven-jar-plugin JDK[/usr/lib/jvm/temurin-17-jdk-amd64/]
[INFO] [INFO] Building jar: /home/andrea/WicketBuild/wicket-10.x/target/checkout/wicket-extensions/target/wicket-extensions-10.11.0.jar
[INFO] [INFO] 
[INFO] [INFO] --- assembly:3.7.1:single (source-release-assembly) @ wicket-extensions ---
[INFO] [INFO] Skipping the assembly in this project because it's not the Execution Root
[INFO] [INFO] 
[INFO] [INFO] --- source:3.4.0:jar-no-fork (attach-sources) @ wicket-extensions ---
[INFO] [INFO] Building jar: /home/andrea/WicketBuild/wicket-10.x/target/checkout/wicket-extensions/target/wicket-extensions-10.11.0-sources.jar
[INFO] [INFO] 
[INFO] [INFO] --- javadoc:3.12.0:jar (attach-javadocs) @ wicket-extensions ---
[INFO] [INFO] Toolchain in maven-javadoc-plugin: JDK[/usr/lib/jvm/temurin-17-jdk-amd64/]
[INFO] [INFO] Building jar: /home/andrea/WicketBuild/wicket-10.x/target/checkout/wicket-extensions/target/wicket-extensions-10.11.0-javadoc.jar
[INFO] [INFO] 
[INFO] [INFO] --- checksum:1.11:artifacts (source-release-checksum) @ wicket-extensions ---
[INFO] [INFO] 
[INFO] [INFO] --- japicmp:0.25.4:cmp (default) @ wicket-extensions ---
[INFO] [INFO] Written file '/home/andrea/WicketBuild/wicket-10.x/target/checkout/wicket-extensions/target/japicmp/japicmp.diff'.
[INFO] [INFO] Written file '/home/andrea/WicketBuild/wicket-10.x/target/checkout/wicket-extensions/target/japicmp/japicmp.md'.
[INFO] [INFO] 
[INFO] [INFO] --- gpg:3.2.8:sign (sign-release-artifacts) @ wicket-extensions ---
[INFO] [INFO] Signer 'gpg' is signing 4 files with key default
[INFO] gpg: using "0xD1AE986470B5A49C3E6A27B2878F01FAA8D356E1" as default secret key for signing
[INFO] gpg: using "0xD1AE986470B5A49C3E6A27B2878F01FAA8D356E1" as default secret key for signing
[INFO] gpg: using "0xD1AE986470B5A49C3E6A27B2878F01FAA8D356E1" as default secret key for signing
[INFO] gpg: using "0xD1AE986470B5A49C3E6A27B2878F01FAA8D356E1" as default secret key for signing
[INFO] [INFO] 
[INFO] [INFO] --- install:3.1.4:install (default-install) @ wicket-extensions ---
[INFO] [INFO] Installing /home/andrea/WicketBuild/wicket-10.x/target/checkout/wicket-extensions/pom.xml to /home/andrea/.m2/repository/org/apache/wicket/wicket-extensions/10.11.0/wicket-extensions-10.11.0.pom
[INFO] [INFO] Installing /home/andrea/WicketBuild/wicket-10.x/target/checkout/wicket-extensions/target/wicket-extensions-10.11.0.jar to /home/andrea/.m2/repository/org/apache/wicket/wicket-extensions/10.11.0/wicket-extensions-10.11.0.jar
[INFO] [INFO] Installing /home/andrea/WicketBuild/wicket-10.x/target/checkout/wicket-extensions/target/wicket-extensions-10.11.0-sources.jar to /home/andrea/.m2/repository/org/apache/wicket/wicket-extensions/10.11.0/wicket-extensions-10.11.0-sources.jar
[INFO] [INFO] Installing /home/andrea/WicketBuild/wicket-10.x/target/checkout/wicket-extensions/target/wicket-extensions-10.11.0-javadoc.jar to /home/andrea/.m2/repository/org/apache/wicket/wicket-extensions/10.11.0/wicket-extensions-10.11.0-javadoc.jar
[INFO] [INFO] Installing /home/andrea/WicketBuild/wicket-10.x/target/checkout/wicket-extensions/target/wicket-extensions-10.11.0.jar.asc to /home/andrea/.m2/repository/org/apache/wicket/wicket-extensions/10.11.0/wicket-extensions-10.11.0.jar.asc
[INFO] [INFO] Installing /home/andrea/WicketBuild/wicket-10.x/target/checkout/wicket-extensions/target/wicket-extensions-10.11.0.pom.asc to /home/andrea/.m2/repository/org/apache/wicket/wicket-extensions/10.11.0/wicket-extensions-10.11.0.pom.asc
[INFO] [INFO] Installing /home/andrea/WicketBuild/wicket-10.x/target/checkout/wicket-extensions/target/wicket-extensions-10.11.0-sources.jar.asc to /home/andrea/.m2/repository/org/apache/wicket/wicket-extensions/10.11.0/wicket-extensions-10.11.0-sources.jar.asc
[INFO] [INFO] Installing /home/andrea/WicketBuild/wicket-10.x/target/checkout/wicket-extensions/target/wicket-extensions-10.11.0-javadoc.jar.asc to /home/andrea/.m2/repository/org/apache/wicket/wicket-extensions/10.11.0/wicket-extensions-10.11.0-javadoc.jar.asc
[INFO] [INFO] 
[INFO] [INFO] --- gpg:3.2.8:sign (sign-artifacts) @ wicket-extensions ---
[INFO] [INFO] Signer 'gpg' is signing 4 files with key default
[INFO] gpg: using "0xD1AE986470B5A49C3E6A27B2878F01FAA8D356E1" as default secret key for signing
[INFO] [WARNING] artifact org.apache.wicket:wicket-extensions:jar.asc:10.11.0 already attached, replace previous instance
[INFO] gpg: using "0xD1AE986470B5A49C3E6A27B2878F01FAA8D356E1" as default secret key for signing
[INFO] [WARNING] artifact org.apache.wicket:wicket-extensions:pom.asc:10.11.0 already attached, replace previous instance
[INFO] gpg: using "0xD1AE986470B5A49C3E6A27B2878F01FAA8D356E1" as default secret key for signing
[INFO] [WARNING] artifact org.apache.wicket:wicket-extensions:jar.asc:sources:10.11.0 already attached, replace previous instance
[INFO] gpg: using "0xD1AE986470B5A49C3E6A27B2878F01FAA8D356E1" as default secret key for signing
[INFO] [WARNING] artifact org.apache.wicket:wicket-extensions:jar.asc:javadoc:10.11.0 already attached, replace previous instance
[INFO] [INFO] 
[INFO] [INFO] --- deploy:3.1.4:deploy (default-deploy) @ wicket-extensions ---
[INFO] Uploading to apache.releases.https: https://repository.apache.org/service/local/staging/deploy/maven2/org/apache/wicket/wicket-extensions/10.11.0/wicket-extensions-10.11.0.pom
[INFO] Progress (1): 5.2 kB
[INFO]                     
[INFO] Uploaded to apache.releases.https: https://repository.apache.org/service/local/staging/deploy/maven2/org/apache/wicket/wicket-extensions/10.11.0/wicket-extensions-10.11.0.pom (5.2 kB at 6.9 kB/s)
[INFO] Uploading to apache.releases.https: https://repository.apache.org/service/local/staging/deploy/maven2/org/apache/wicket/wicket-extensions/10.11.0/wicket-extensions-10.11.0.jar
[INFO] Uploading to apache.releases.https: https://repository.apache.org/service/local/staging/deploy/maven2/org/apache/wicket/wicket-extensions/10.11.0/wicket-extensions-10.11.0-sources.jar
[INFO] Uploading to apache.releases.https: https://repository.apache.org/service/local/staging/deploy/maven2/org/apache/wicket/wicket-extensions/10.11.0/wicket-extensions-10.11.0.jar.asc
[INFO] Uploading to apache.releases.https: https://repository.apache.org/service/local/staging/deploy/maven2/org/apache/wicket/wicket-extensions/10.11.0/wicket-extensions-10.11.0-javadoc.jar
[INFO] Uploading to apache.releases.https: https://repository.apache.org/service/local/staging/deploy/maven2/org/apache/wicket/wicket-extensions/10.11.0/wicket-extensions-10.11.0.pom.asc
[INFO] Progress (1): 0/1.3 MB
[INFO] Progress (1): 0.1/1.3 MB
[INFO] Progress (1): 0.1/1.3 MB
[INFO] Progress (1): 0.1/1.3 MB
[INFO] Progress (1): 0.2/1.3 MB
[INFO] Progress (1): 0.2/1.3 MB
[INFO] Progress (1): 0.2/1.3 MB
[INFO] Progress (1): 0.3/1.3 MB
[INFO] Progress (1): 0.3/1.3 MB
[INFO] Progress (2): 0.3/1.3 MB | 833 B
[INFO] Progress (3): 0.3/1.3 MB | 833 B | 0/1.2 MB
[INFO] Progress (3): 0.3/1.3 MB | 833 B | 0.1/1.2 MB
[INFO] Progress (3): 0.3/1.3 MB | 833 B | 0.1/1.2 MB
[INFO] Progress (4): 0.3/1.3 MB | 833 B | 0.1/1.2 MB | 833 B
[INFO] Progress (5): 0.3/1.3 MB | 833 B | 0.1/1.2 MB | 833 B | 0/2.3 MB
[INFO] Progress (5): 0.3/1.3 MB | 833 B | 0.1/1.2 MB | 833 B | 0.1/2.3 MB
[INFO] Progress (5): 0.3/1.3 MB | 833 B | 0.1/1.2 MB | 833 B | 0.1/2.3 MB
[INFO] Progress (5): 0.3/1.3 MB | 833 B | 0.1/1.2 MB | 833 B | 0.1/2.3 MB
[INFO] Progress (5): 0.4/1.3 MB | 833 B | 0.1/1.2 MB | 833 B | 0.1/2.3 MB
[INFO] Progress (5): 0.4/1.3 MB | 833 B | 0.1/1.2 MB | 833 B | 0.1/2.3 MB
[INFO] Progress (5): 0.4/1.3 MB | 833 B | 0.1/1.2 MB | 833 B | 0.1/2.3 MB
[INFO] Progress (5): 0.5/1.3 MB | 833 B | 0.1/1.2 MB | 833 B | 0.1/2.3 MB
[INFO] Progress (5): 0.5/1.3 MB | 833 B | 0.1/1.2 MB | 833 B | 0.1/2.3 MB
[INFO] Progress (5): 0.5/1.3 MB | 833 B | 0.1/1.2 MB | 833 B | 0.1/2.3 MB
[INFO] Progress (5): 0.6/1.3 MB | 833 B | 0.1/1.2 MB | 833 B | 0.1/2.3 MB
[INFO] Progress (5): 0.6/1.3 MB | 833 B | 0.1/1.2 MB | 833 B | 0.1/2.3 MB
[INFO] Progress (5): 0.6/1.3 MB | 833 B | 0.1/1.2 MB | 833 B | 0.1/2.3 MB
[INFO] Progress (5): 0.7/1.3 MB | 833 B | 0.1/1.2 MB | 833 B | 0.1/2.3 MB
[INFO] Progress (5): 0.7/1.3 MB | 833 B | 0.1/1.2 MB | 833 B | 0.1/2.3 MB
[INFO] Progress (5): 0.7/1.3 MB | 833 B | 0.1/1.2 MB | 833 B | 0.1/2.3 MB
[INFO] Progress (5): 0.8/1.3 MB | 833 B | 0.1/1.2 MB | 833 B | 0.1/2.3 MB
[INFO] Progress (5): 0.8/1.3 MB | 833 B | 0.1/1.2 MB | 833 B | 0.1/2.3 MB
[INFO]                                                                   
[INFO] Uploaded to apache.releases.https: https://repository.apache.org/service/local/staging/deploy/maven2/org/apache/wicket/wicket-extensions/10.11.0/wicket-extensions-10.11.0.pom.asc (833 B at 2.2 kB/s)
[INFO] Uploading to apache.releases.https: https://repository.apache.org/service/local/staging/deploy/maven2/org/apache/wicket/wicket-extensions/10.11.0/wicket-extensions-10.11.0-sources.jar.asc
[INFO] Uploaded to apache.releases.https: https://repository.apache.org/service/local/staging/deploy/maven2/org/apache/wicket/wicket-extensions/10.11.0/wicket-extensions-10.11.0.jar.asc (833 B at 2.1 kB/s)
[INFO] Uploading to apache.releases.https: https://repository.apache.org/service/local/staging/deploy/maven2/org/apache/wicket/wicket-extensions/10.11.0/wicket-extensions-10.11.0-javadoc.jar.asc
[INFO] Progress (3): 0.8/1.3 MB | 0.1/1.2 MB | 0.1/2.3 MB
[INFO] Progress (3): 0.9/1.3 MB | 0.1/1.2 MB | 0.1/2.3 MB
[INFO] Progress (3): 0.9/1.3 MB | 0.1/1.2 MB | 0.1/2.3 MB
[INFO] Progress (3): 0.9/1.3 MB | 0.1/1.2 MB | 0.1/2.3 MB
[INFO] Progress (3): 1.0/1.3 MB | 0.1/1.2 MB | 0.1/2.3 MB
[INFO] Progress (3): 1.0/1.3 MB | 0.1/1.2 MB | 0.1/2.3 MB
[INFO] Progress (3): 1.0/1.3 MB | 0.1/1.2 MB | 0.1/2.3 MB
[INFO] Progress (3): 1.0/1.3 MB | 0.1/1.2 MB | 0.1/2.3 MB
[INFO] Progress (3): 1.1/1.3 MB | 0.1/1.2 MB | 0.1/2.3 MB
[INFO] Progress (3): 1.1/1.3 MB | 0.1/1.2 MB | 0.1/2.3 MB
[INFO] Progress (3): 1.1/1.3 MB | 0.1/1.2 MB | 0.1/2.3 MB
[INFO] Progress (3): 1.1/1.3 MB | 0.1/1.2 MB | 0.1/2.3 MB
[INFO] Progress (3): 1.1/1.3 MB | 0.2/1.2 MB | 0.1/2.3 MB
[INFO] Progress (4): 1.1/1.3 MB | 0.2/1.2 MB | 0.1/2.3 MB | 833 B
[INFO] Progress (5): 1.1/1.3 MB | 0.2/1.2 MB | 0.1/2.3 MB | 833 B | 833 B
[INFO] Progress (5): 1.1/1.3 MB | 0.2/1.2 MB | 0.1/2.3 MB | 833 B | 833 B
[INFO] Progress (5): 1.1/1.3 MB | 0.2/1.2 MB | 0.2/2.3 MB | 833 B | 833 B
[INFO] Progress (5): 1.2/1.3 MB | 0.2/1.2 MB | 0.2/2.3 MB | 833 B | 833 B
[INFO] Progress (5): 1.2/1.3 MB | 0.2/1.2 MB | 0.2/2.3 MB | 833 B | 833 B
[INFO] Progress (5): 1.2/1.3 MB | 0.2/1.2 MB | 0.2/2.3 MB | 833 B | 833 B
[INFO] Progress (5): 1.3/1.3 MB | 0.2/1.2 MB | 0.2/2.3 MB | 833 B | 833 B
[INFO] Progress (5): 1.3/1.3 MB | 0.2/1.2 MB | 0.2/2.3 MB | 833 B | 833 B
[INFO] Progress (5): 1.3 MB | 0.2/1.2 MB | 0.2/2.3 MB | 833 B | 833 B    
[INFO] Progress (5): 1.3 MB | 0.2/1.2 MB | 0.2/2.3 MB | 833 B | 833 B
[INFO] Progress (5): 1.3 MB | 0.2/1.2 MB | 0.2/2.3 MB | 833 B | 833 B
[INFO] Progress (5): 1.3 MB | 0.3/1.2 MB | 0.2/2.3 MB | 833 B | 833 B
[INFO]                                                               
[INFO] Uploaded to apache.releases.https: https://repository.apache.org/service/local/staging/deploy/maven2/org/apache/wicket/wicket-extensions/10.11.0/wicket-extensions-10.11.0-javadoc.jar.asc (833 B at 1.2 kB/s)
[INFO] Progress (4): 1.3 MB | 0.3/1.2 MB | 0.2/2.3 MB | 833 B
[INFO] Progress (4): 1.3 MB | 0.3/1.2 MB | 0.2/2.3 MB | 833 B
[INFO]                                                       
[INFO] Uploaded to apache.releases.https: https://repository.apache.org/service/local/staging/deploy/maven2/org/apache/wicket/wicket-extensions/10.11.0/wicket-extensions-10.11.0-sources.jar.asc (833 B at 654 B/s)
[INFO] Progress (3): 1.3 MB | 0.3/1.2 MB | 0.2/2.3 MB
[INFO] Progress (3): 1.3 MB | 0.3/1.2 MB | 0.2/2.3 MB
[INFO] Progress (3): 1.3 MB | 0.4/1.2 MB | 0.2/2.3 MB
[INFO] Progress (3): 1.3 MB | 0.4/1.2 MB | 0.2/2.3 MB
[INFO] Progress (3): 1.3 MB | 0.4/1.2 MB | 0.3/2.3 MB
[INFO] Progress (3): 1.3 MB | 0.4/1.2 MB | 0.3/2.3 MB
[INFO] Progress (3): 1.3 MB | 0.4/1.2 MB | 0.3/2.3 MB
[INFO] Progress (3): 1.3 MB | 0.4/1.2 MB | 0.3/2.3 MB
[INFO] Progress (3): 1.3 MB | 0.5/1.2 MB | 0.3/2.3 MB
[INFO] Progress (3): 1.3 MB | 0.5/1.2 MB | 0.4/2.3 MB
[INFO] Progress (3): 1.3 MB | 0.5/1.2 MB | 0.4/2.3 MB
[INFO] Progress (3): 1.3 MB | 0.5/1.2 MB | 0.4/2.3 MB
[INFO] Progress (3): 1.3 MB | 0.5/1.2 MB | 0.4/2.3 MB
[INFO] Progress (3): 1.3 MB | 0.5/1.2 MB | 0.4/2.3 MB
[INFO] Progress (3): 1.3 MB | 0.6/1.2 MB | 0.4/2.3 MB
[INFO] Progress (3): 1.3 MB | 0.6/1.2 MB | 0.4/2.3 MB
[INFO]                                               
[INFO] Uploaded to apache.releases.https: https://repository.apache.org/service/local/staging/deploy/maven2/org/apache/wicket/wicket-extensions/10.11.0/wicket-extensions-10.11.0.jar (1.3 MB at 608 kB/s)
[INFO] Progress (2): 0.6/1.2 MB | 0.5/2.3 MB
[INFO] Progress (2): 0.6/1.2 MB | 0.5/2.3 MB
[INFO] Progress (2): 0.6/1.2 MB | 0.5/2.3 MB
[INFO] Progress (2): 0.6/1.2 MB | 0.5/2.3 MB
[INFO] Progress (2): 0.7/1.2 MB | 0.5/2.3 MB
[INFO] Progress (2): 0.7/1.2 MB | 0.5/2.3 MB
[INFO] Progress (2): 0.7/1.2 MB | 0.5/2.3 MB
[INFO] Progress (2): 0.7/1.2 MB | 0.6/2.3 MB
[INFO] Progress (2): 0.7/1.2 MB | 0.6/2.3 MB
[INFO] Progress (2): 0.7/1.2 MB | 0.6/2.3 MB
[INFO] Progress (2): 0.8/1.2 MB | 0.6/2.3 MB
[INFO] Progress (2): 0.8/1.2 MB | 0.6/2.3 MB
[INFO] Progress (2): 0.8/1.2 MB | 0.6/2.3 MB
[INFO] Progress (2): 0.9/1.2 MB | 0.6/2.3 MB
[INFO] Progress (2): 0.9/1.2 MB | 0.7/2.3 MB
[INFO] Progress (2): 0.9/1.2 MB | 0.7/2.3 MB
[INFO] Progress (2): 0.9/1.2 MB | 0.7/2.3 MB
[INFO] Progress (2): 0.9/1.2 MB | 0.7/2.3 MB
[INFO] Progress (2): 0.9/1.2 MB | 0.7/2.3 MB
[INFO] Progress (2): 1.0/1.2 MB | 0.7/2.3 MB
[INFO] Progress (2): 1.0/1.2 MB | 0.7/2.3 MB
[INFO] Progress (2): 1.0/1.2 MB | 0.8/2.3 MB
[INFO] Progress (2): 1.0/1.2 MB | 0.8/2.3 MB
[INFO] Progress (2): 1.0/1.2 MB | 0.8/2.3 MB
[INFO] Progress (2): 1.0/1.2 MB | 0.8/2.3 MB
[INFO] Progress (2): 1.0/1.2 MB | 0.8/2.3 MB
[INFO] Progress (2): 1.1/1.2 MB | 0.8/2.3 MB
[INFO] Progress (2): 1.1/1.2 MB | 0.8/2.3 MB
[INFO] Progress (2): 1.1/1.2 MB | 0.9/2.3 MB
[INFO] Progress (2): 1.1/1.2 MB | 0.9/2.3 MB
[INFO] Progress (2): 1.1/1.2 MB | 0.9/2.3 MB
[INFO] Progress (2): 1.1/1.2 MB | 1.0/2.3 MB
[INFO] Progress (2): 1.1/1.2 MB | 1.0/2.3 MB
[INFO] Progress (2): 1.2/1.2 MB | 1.0/2.3 MB
[INFO] Progress (2): 1.2 MB | 1.0/2.3 MB    
[INFO] Progress (2): 1.2 MB | 1.0/2.3 MB
[INFO] Progress (2): 1.2 MB | 1.0/2.3 MB
[INFO] Progress (2): 1.2 MB | 1.0/2.3 MB
[INFO] Progress (2): 1.2 MB | 1.1/2.3 MB
[INFO] Progress (2): 1.2 MB | 1.1/2.3 MB
[INFO] Progress (2): 1.2 MB | 1.1/2.3 MB
[INFO] Progress (2): 1.2 MB | 1.2/2.3 MB
[INFO] Progress (2): 1.2 MB | 1.2/2.3 MB
[INFO] Progress (2): 1.2 MB | 1.2/2.3 MB
[INFO] Progress (2): 1.2 MB | 1.3/2.3 MB
[INFO]                                  
[INFO] Uploaded to apache.releases.https: https://repository.apache.org/service/local/staging/deploy/maven2/org/apache/wicket/wicket-extensions/10.11.0/wicket-extensions-10.11.0-sources.jar (1.2 MB at 292 kB/s)
[INFO] Progress (1): 1.3/2.3 MB
[INFO] Progress (1): 1.3/2.3 MB
[INFO] Progress (1): 1.4/2.3 MB
[INFO] Progress (1): 1.4/2.3 MB
[INFO] Progress (1): 1.4/2.3 MB
[INFO] Progress (1): 1.5/2.3 MB
[INFO] Progress (1): 1.5/2.3 MB
[INFO] Progress (1): 1.5/2.3 MB
[INFO] Progress (1): 1.6/2.3 MB
[INFO] Progress (1): 1.6/2.3 MB
[INFO] Progress (1): 1.6/2.3 MB
[INFO] Progress (1): 1.7/2.3 MB
[INFO] Progress (1): 1.7/2.3 MB
[INFO] Progress (1): 1.7/2.3 MB
[INFO] Progress (1): 1.8/2.3 MB
[INFO] Progress (1): 1.8/2.3 MB
[INFO] Progress (1): 1.8/2.3 MB
[INFO] Progress (1): 1.9/2.3 MB
[INFO] Progress (1): 1.9/2.3 MB
[INFO] Progress (1): 1.9/2.3 MB
[INFO] Progress (1): 2.0/2.3 MB
[INFO] Progress (1): 2.0/2.3 MB
[INFO] Progress (1): 2.0/2.3 MB
[INFO] Progress (1): 2.1/2.3 MB
[INFO] Progress (1): 2.1/2.3 MB
[INFO] Progress (1): 2.1/2.3 MB
[INFO] Progress (1): 2.2/2.3 MB
[INFO] Progress (1): 2.2/2.3 MB
[INFO] Progress (1): 2.2/2.3 MB
[INFO] Progress (1): 2.3/2.3 MB
[INFO] Progress (1): 2.3/2.3 MB
[INFO] Progress (1): 2.3/2.3 MB
[INFO] Progress (1): 2.3 MB    
[INFO]                     
[INFO] Uploaded to apache.releases.https: https://repository.apache.org/service/local/staging/deploy/maven2/org/apache/wicket/wicket-extensions/10.11.0/wicket-extensions-10.11.0-javadoc.jar (2.3 MB at 354 kB/s)
[INFO] Downloading from apache.releases.https: https://repository.apache.org/service/local/staging/deploy/maven2/org/apache/wicket/wicket-extensions/maven-metadata.xml
[INFO] Uploading to apache.releases.https: https://repository.apache.org/service/local/staging/deploy/maven2/org/apache/wicket/wicket-extensions/maven-metadata.xml
[INFO] Progress (1): 318 B
[INFO]                    
[INFO] Uploaded to apache.releases.https: https://repository.apache.org/service/local/staging/deploy/maven2/org/apache/wicket/wicket-extensions/maven-metadata.xml (318 B at 589 B/s)
[INFO] [INFO] 
[INFO] [INFO] -----------------< org.apache.wicket:wicket-devutils >------------------
[INFO] [INFO] Building Wicket Development Utilities 10.11.0                     [9/32]
[INFO] [INFO]   from wicket-devutils/pom.xml
[INFO] [INFO] --------------------------------[ jar ]---------------------------------
[INFO] [INFO] 
[INFO] [INFO] --- enforcer:3.6.2:enforce (enforce-maven) @ wicket-devutils ---
[INFO] [INFO] Rule 1: org.apache.maven.enforcer.rules.dependency.DependencyConvergence passed
[INFO] [INFO] Rule 2: com.github.ferstl.maven.pomenforcers.CompoundPedanticEnforcer(compound) passed
[INFO] [INFO] 
[INFO] [INFO] --- enforcer:3.6.2:enforce (enforce-maven-version) @ wicket-devutils ---
[INFO] [INFO] Rule 1: org.apache.maven.enforcer.rules.dependency.DependencyConvergence passed
[INFO] [INFO] Rule 2: com.github.ferstl.maven.pomenforcers.CompoundPedanticEnforcer(compound) passed
[INFO] [INFO] 
[INFO] [INFO] --- enforcer:3.6.2:enforce (enforce-java-version) @ wicket-devutils ---
[INFO] [INFO] Rule 1: org.apache.maven.enforcer.rules.dependency.DependencyConvergence passed
[INFO] [INFO] Rule 2: com.github.ferstl.maven.pomenforcers.CompoundPedanticEnforcer(compound) passed
[INFO] [INFO] 
[INFO] [INFO] --- toolchains:3.2.0:toolchain (default) @ wicket-devutils ---
[INFO] [INFO] Required toolchain: jdk [ version='17' ]
[INFO] [INFO] Found matching toolchain for type jdk: JDK[/usr/lib/jvm/temurin-17-jdk-amd64/]
[INFO] [INFO] 
[INFO] [INFO] --- remote-resources:3.3.0:process (default) @ wicket-devutils ---
[INFO] [INFO] Preparing remote bundle org.apache:apache-jar-resource-bundle:1.4
[INFO] [INFO] Copying 3 resources from 1 bundle.
[INFO] [INFO] 
[INFO] [INFO] --- remote-resources:3.3.0:process (process-resource-bundles) @ wicket-devutils ---
[INFO] [INFO] Preparing remote bundle org.apache.apache.resources:apache-jar-resource-bundle:1.7
[INFO] [INFO] Copying 3 resources from 1 bundle.
[INFO] [INFO] 
[INFO] [INFO] --- resources:3.4.0:resources (default-resources) @ wicket-devutils ---
[INFO] [INFO] Copying 18 resources from src/main/java to target/classes
[INFO] [INFO] Copying 1 resource from src/main/resources to target/classes
[INFO] [INFO] skip non existing resourceDirectory /home/andrea/WicketBuild/wicket-10.x/target/checkout/wicket-devutils/target/generated-res
[INFO] [INFO] Copying 3 resources from target/maven-shared-archive-resources to target/classes
[INFO] [INFO] Copying 3 resources from target/maven-shared-archive-resources to target/classes
[INFO] [INFO] 
[INFO] [INFO] --- compiler:3.14.1:compile (default-compile) @ wicket-devutils ---
[INFO] [INFO] Toolchain in maven-compiler-plugin: JDK[/usr/lib/jvm/temurin-17-jdk-amd64/]
[INFO] [INFO] Recompiling the module because of changed dependency.
[INFO] [INFO] Compiling 27 source files with javac [forked debug deprecation release 17 module-path] to target/classes
[INFO] [INFO] JDK-8318913 workaround: patched module-info.class requires version from [17.0.20.1] to [17] on 1 JDK modules [java.base]
[INFO] [INFO] 
[INFO] [INFO] --- bundle:6.0.0:manifest (default-bundle) @ wicket-devutils ---
[INFO] [INFO] No MANIFEST.MF file found, generating manifest.
[INFO] [INFO] Writing manifest: /home/andrea/WicketBuild/wicket-10.x/target/checkout/wicket-devutils/target/classes/META-INF/MANIFEST.MF
[INFO] [INFO] 
[INFO] [INFO] --- resources:3.4.0:testResources (default-testResources) @ wicket-devutils ---
[INFO] [INFO] Copying 0 resource from src/test/java to target/test-classes
[INFO] [INFO] Copying 3 resources from target/maven-shared-archive-resources to target/test-classes
[INFO] [INFO] Copying 3 resources from target/maven-shared-archive-resources to target/test-classes
[INFO] [INFO] 
[INFO] [INFO] --- compiler:3.14.1:testCompile (default-testCompile) @ wicket-devutils ---
[INFO] [INFO] Toolchain in maven-compiler-plugin: JDK[/usr/lib/jvm/temurin-17-jdk-amd64/]
[INFO] [INFO] Recompiling the module because of changed dependency.
[INFO] [INFO] Compiling 4 source files with javac [forked debug deprecation release 17 module-path] to target/test-classes
[INFO] [INFO] 
[INFO] [INFO] --- surefire:3.5.4:test (default-test) @ wicket-devutils ---
[INFO] [INFO] Toolchain in maven-surefire-plugin: JDK[/usr/lib/jvm/temurin-17-jdk-amd64/]
[INFO] [INFO] Using auto detected provider org.apache.maven.surefire.junitplatform.JUnitPlatformProvider
[INFO] [INFO] 
[INFO] [INFO] -------------------------------------------------------
[INFO] [INFO]  T E S T S
[INFO] [INFO] -------------------------------------------------------
[ERROR] WARNING: Using incubator modules: jdk.incubator.vector, jdk.incubator.foreign
[INFO] [INFO] Running org.apache.wicket.devutils.inspector.SessionSizeModelTest
[ERROR] SLF4J(W): No SLF4J providers were found.
[ERROR] SLF4J(W): Defaulting to no-operation (NOP) logger implementation
[ERROR] SLF4J(W): See https://www.slf4j.org/codes.html#noProviders for further details.
[INFO] [INFO] Tests run: 1, Failures: 0, Errors: 0, Skipped: 0, Time elapsed: 0.196 s -- in org.apache.wicket.devutils.inspector.SessionSizeModelTest
[INFO] [INFO] Running org.apache.wicket.devutils.stateless.StatelessCheckerTest
[INFO] [INFO] Tests run: 7, Failures: 0, Errors: 0, Skipped: 0, Time elapsed: 0.186 s -- in org.apache.wicket.devutils.stateless.StatelessCheckerTest
[INFO] [INFO] Running org.apache.wicket.devutils.util.markup.xhtml.WellFormedXmlTest
[INFO] [INFO] Tests run: 1, Failures: 0, Errors: 0, Skipped: 0, Time elapsed: 0.007 s -- in org.apache.wicket.devutils.util.markup.xhtml.WellFormedXmlTest
[INFO] [INFO] Running org.apache.wicket.devutils.util.license.ApacheLicenceHeaderTest
[INFO] [INFO] Tests run: 1, Failures: 0, Errors: 0, Skipped: 0, Time elapsed: 0.029 s -- in org.apache.wicket.devutils.util.license.ApacheLicenceHeaderTest
[INFO] [INFO] 
[INFO] [INFO] Results:
[INFO] [INFO] 
[INFO] [INFO] Tests run: 10, Failures: 0, Errors: 0, Skipped: 0
[INFO] [INFO] 
[INFO] [INFO] 
[INFO] [INFO] --- jar:3.5.0:jar (default-jar) @ wicket-devutils ---
[INFO] [INFO] Set Build-Jdk-Spec based on toolchain in maven-jar-plugin JDK[/usr/lib/jvm/temurin-17-jdk-amd64/]
[INFO] [INFO] Building jar: /home/andrea/WicketBuild/wicket-10.x/target/checkout/wicket-devutils/target/wicket-devutils-10.11.0.jar
[INFO] [INFO] 
[INFO] [INFO] --- assembly:3.7.1:single (source-release-assembly) @ wicket-devutils ---
[INFO] [INFO] Skipping the assembly in this project because it's not the Execution Root
[INFO] [INFO] 
[INFO] [INFO] --- source:3.4.0:jar-no-fork (attach-sources) @ wicket-devutils ---
[INFO] [INFO] Building jar: /home/andrea/WicketBuild/wicket-10.x/target/checkout/wicket-devutils/target/wicket-devutils-10.11.0-sources.jar
[INFO] [INFO] 
[INFO] [INFO] --- javadoc:3.12.0:jar (attach-javadocs) @ wicket-devutils ---
[INFO] [INFO] Toolchain in maven-javadoc-plugin: JDK[/usr/lib/jvm/temurin-17-jdk-amd64/]
[INFO] [INFO] Building jar: /home/andrea/WicketBuild/wicket-10.x/target/checkout/wicket-devutils/target/wicket-devutils-10.11.0-javadoc.jar
[INFO] [INFO] 
[INFO] [INFO] --- checksum:1.11:artifacts (source-release-checksum) @ wicket-devutils ---
[INFO] [INFO] 
[INFO] [INFO] --- japicmp:0.25.4:cmp (default) @ wicket-devutils ---
[INFO] [INFO] Written file '/home/andrea/WicketBuild/wicket-10.x/target/checkout/wicket-devutils/target/japicmp/japicmp.diff'.
[INFO] [INFO] Written file '/home/andrea/WicketBuild/wicket-10.x/target/checkout/wicket-devutils/target/japicmp/japicmp.md'.
[INFO] [INFO] 
[INFO] [INFO] --- gpg:3.2.8:sign (sign-release-artifacts) @ wicket-devutils ---
[INFO] [INFO] Signer 'gpg' is signing 4 files with key default
[INFO] gpg: using "0xD1AE986470B5A49C3E6A27B2878F01FAA8D356E1" as default secret key for signing
[INFO] gpg: using "0xD1AE986470B5A49C3E6A27B2878F01FAA8D356E1" as default secret key for signing
[INFO] gpg: using "0xD1AE986470B5A49C3E6A27B2878F01FAA8D356E1" as default secret key for signing
[INFO] gpg: using "0xD1AE986470B5A49C3E6A27B2878F01FAA8D356E1" as default secret key for signing
[INFO] [INFO] 
[INFO] [INFO] --- install:3.1.4:install (default-install) @ wicket-devutils ---
[INFO] [INFO] Installing /home/andrea/WicketBuild/wicket-10.x/target/checkout/wicket-devutils/pom.xml to /home/andrea/.m2/repository/org/apache/wicket/wicket-devutils/10.11.0/wicket-devutils-10.11.0.pom
[INFO] [INFO] Installing /home/andrea/WicketBuild/wicket-10.x/target/checkout/wicket-devutils/target/wicket-devutils-10.11.0.jar to /home/andrea/.m2/repository/org/apache/wicket/wicket-devutils/10.11.0/wicket-devutils-10.11.0.jar
[INFO] [INFO] Installing /home/andrea/WicketBuild/wicket-10.x/target/checkout/wicket-devutils/target/wicket-devutils-10.11.0-sources.jar to /home/andrea/.m2/repository/org/apache/wicket/wicket-devutils/10.11.0/wicket-devutils-10.11.0-sources.jar
[INFO] [INFO] Installing /home/andrea/WicketBuild/wicket-10.x/target/checkout/wicket-devutils/target/wicket-devutils-10.11.0-javadoc.jar to /home/andrea/.m2/repository/org/apache/wicket/wicket-devutils/10.11.0/wicket-devutils-10.11.0-javadoc.jar
[INFO] [INFO] Installing /home/andrea/WicketBuild/wicket-10.x/target/checkout/wicket-devutils/target/wicket-devutils-10.11.0.jar.asc to /home/andrea/.m2/repository/org/apache/wicket/wicket-devutils/10.11.0/wicket-devutils-10.11.0.jar.asc
[INFO] [INFO] Installing /home/andrea/WicketBuild/wicket-10.x/target/checkout/wicket-devutils/target/wicket-devutils-10.11.0.pom.asc to /home/andrea/.m2/repository/org/apache/wicket/wicket-devutils/10.11.0/wicket-devutils-10.11.0.pom.asc
[INFO] [INFO] Installing /home/andrea/WicketBuild/wicket-10.x/target/checkout/wicket-devutils/target/wicket-devutils-10.11.0-sources.jar.asc to /home/andrea/.m2/repository/org/apache/wicket/wicket-devutils/10.11.0/wicket-devutils-10.11.0-sources.jar.asc
[INFO] [INFO] Installing /home/andrea/WicketBuild/wicket-10.x/target/checkout/wicket-devutils/target/wicket-devutils-10.11.0-javadoc.jar.asc to /home/andrea/.m2/repository/org/apache/wicket/wicket-devutils/10.11.0/wicket-devutils-10.11.0-javadoc.jar.asc
[INFO] [INFO] 
[INFO] [INFO] --- gpg:3.2.8:sign (sign-artifacts) @ wicket-devutils ---
[INFO] [INFO] Signer 'gpg' is signing 4 files with key default
[INFO] gpg: using "0xD1AE986470B5A49C3E6A27B2878F01FAA8D356E1" as default secret key for signing
[INFO] [WARNING] artifact org.apache.wicket:wicket-devutils:jar.asc:10.11.0 already attached, replace previous instance
[INFO] gpg: using "0xD1AE986470B5A49C3E6A27B2878F01FAA8D356E1" as default secret key for signing
[INFO] [WARNING] artifact org.apache.wicket:wicket-devutils:pom.asc:10.11.0 already attached, replace previous instance
[INFO] gpg: using "0xD1AE986470B5A49C3E6A27B2878F01FAA8D356E1" as default secret key for signing
[INFO] [WARNING] artifact org.apache.wicket:wicket-devutils:jar.asc:sources:10.11.0 already attached, replace previous instance
[INFO] gpg: using "0xD1AE986470B5A49C3E6A27B2878F01FAA8D356E1" as default secret key for signing
[INFO] [WARNING] artifact org.apache.wicket:wicket-devutils:jar.asc:javadoc:10.11.0 already attached, replace previous instance
[INFO] [INFO] 
[INFO] [INFO] --- deploy:3.1.4:deploy (default-deploy) @ wicket-devutils ---
[INFO] Uploading to apache.releases.https: https://repository.apache.org/service/local/staging/deploy/maven2/org/apache/wicket/wicket-devutils/10.11.0/wicket-devutils-10.11.0.pom
[INFO] Progress (1): 2.2 kB
[INFO]                     
[INFO] Uploaded to apache.releases.https: https://repository.apache.org/service/local/staging/deploy/maven2/org/apache/wicket/wicket-devutils/10.11.0/wicket-devutils-10.11.0.pom (2.2 kB at 4.0 kB/s)
[INFO] Uploading to apache.releases.https: https://repository.apache.org/service/local/staging/deploy/maven2/org/apache/wicket/wicket-devutils/10.11.0/wicket-devutils-10.11.0.jar
[INFO] Uploading to apache.releases.https: https://repository.apache.org/service/local/staging/deploy/maven2/org/apache/wicket/wicket-devutils/10.11.0/wicket-devutils-10.11.0-sources.jar
[INFO] Uploading to apache.releases.https: https://repository.apache.org/service/local/staging/deploy/maven2/org/apache/wicket/wicket-devutils/10.11.0/wicket-devutils-10.11.0-javadoc.jar
[INFO] Uploading to apache.releases.https: https://repository.apache.org/service/local/staging/deploy/maven2/org/apache/wicket/wicket-devutils/10.11.0/wicket-devutils-10.11.0.jar.asc
[INFO] Uploading to apache.releases.https: https://repository.apache.org/service/local/staging/deploy/maven2/org/apache/wicket/wicket-devutils/10.11.0/wicket-devutils-10.11.0.pom.asc
[INFO] Progress (1): 833 B
[INFO] Progress (2): 833 B | 33/66 kB
[INFO] Progress (2): 833 B | 66/66 kB
[INFO] Progress (2): 833 B | 66 kB   
[INFO] Progress (3): 833 B | 66 kB | 833 B
[INFO] Progress (4): 833 B | 66 kB | 833 B | 33/339 kB
[INFO] Progress (4): 833 B | 66 kB | 833 B | 66/339 kB
[INFO] Progress (4): 833 B | 66 kB | 833 B | 98/339 kB
[INFO] Progress (4): 833 B | 66 kB | 833 B | 131/339 kB
[INFO] Progress (4): 833 B | 66 kB | 833 B | 164/339 kB
[INFO] Progress (4): 833 B | 66 kB | 833 B | 197/339 kB
[INFO] Progress (4): 833 B | 66 kB | 833 B | 229/339 kB
[INFO] Progress (4): 833 B | 66 kB | 833 B | 262/339 kB
[INFO] Progress (4): 833 B | 66 kB | 833 B | 295/339 kB
[INFO] Progress (4): 833 B | 66 kB | 833 B | 328/339 kB
[INFO] Progress (4): 833 B | 66 kB | 833 B | 339 kB    
[INFO]                                             
[INFO] Uploaded to apache.releases.https: https://repository.apache.org/service/local/staging/deploy/maven2/org/apache/wicket/wicket-devutils/10.11.0/wicket-devutils-10.11.0.pom.asc (833 B at 4.8 kB/s)
[INFO] Uploading to apache.releases.https: https://repository.apache.org/service/local/staging/deploy/maven2/org/apache/wicket/wicket-devutils/10.11.0/wicket-devutils-10.11.0-sources.jar.asc
[INFO] Uploaded to apache.releases.https: https://repository.apache.org/service/local/staging/deploy/maven2/org/apache/wicket/wicket-devutils/10.11.0/wicket-devutils-10.11.0.jar.asc (833 B at 4.6 kB/s)
[INFO] Uploading to apache.releases.https: https://repository.apache.org/service/local/staging/deploy/maven2/org/apache/wicket/wicket-devutils/10.11.0/wicket-devutils-10.11.0-javadoc.jar.asc
[INFO] Progress (3): 66 kB | 339 kB | 833 B
[INFO] Progress (4): 66 kB | 339 kB | 833 B | 833 B
[INFO] Progress (5): 66 kB | 339 kB | 833 B | 833 B | 33/119 kB
[INFO] Progress (5): 66 kB | 339 kB | 833 B | 833 B | 66/119 kB
[INFO] Progress (5): 66 kB | 339 kB | 833 B | 833 B | 98/119 kB
[INFO]                                                         
[INFO] Uploaded to apache.releases.https: https://repository.apache.org/service/local/staging/deploy/maven2/org/apache/wicket/wicket-devutils/10.11.0/wicket-devutils-10.11.0-sources.jar.asc (833 B at 2.4 kB/s)
[INFO] Uploaded to apache.releases.https: https://repository.apache.org/service/local/staging/deploy/maven2/org/apache/wicket/wicket-devutils/10.11.0/wicket-devutils-10.11.0-javadoc.jar.asc (833 B at 2.3 kB/s)
[INFO] Progress (3): 66 kB | 339 kB | 119 kB
[INFO]                                      
[INFO] Uploaded to apache.releases.https: https://repository.apache.org/service/local/staging/deploy/maven2/org/apache/wicket/wicket-devutils/10.11.0/wicket-devutils-10.11.0-sources.jar (66 kB at 92 kB/s)
[INFO] Uploaded to apache.releases.https: https://repository.apache.org/service/local/staging/deploy/maven2/org/apache/wicket/wicket-devutils/10.11.0/wicket-devutils-10.11.0.jar (119 kB at 108 kB/s)
[INFO] Uploaded to apache.releases.https: https://repository.apache.org/service/local/staging/deploy/maven2/org/apache/wicket/wicket-devutils/10.11.0/wicket-devutils-10.11.0-javadoc.jar (339 kB at 294 kB/s)
[INFO] Downloading from apache.releases.https: https://repository.apache.org/service/local/staging/deploy/maven2/org/apache/wicket/wicket-devutils/maven-metadata.xml
[INFO] Uploading to apache.releases.https: https://repository.apache.org/service/local/staging/deploy/maven2/org/apache/wicket/wicket-devutils/maven-metadata.xml
[INFO] Progress (1): 316 B
[INFO]                    
[INFO] Uploaded to apache.releases.https: https://repository.apache.org/service/local/staging/deploy/maven2/org/apache/wicket/wicket-devutils/maven-metadata.xml (316 B at 596 B/s)
[INFO] [INFO] 
[INFO] [INFO] --------------------< org.apache.wicket:wicket-ioc >--------------------
[INFO] [INFO] Building Wicket IoC common code 10.11.0                          [10/32]
[INFO] [INFO]   from wicket-ioc/pom.xml
[INFO] [INFO] --------------------------------[ jar ]---------------------------------
[INFO] [INFO] 
[INFO] [INFO] --- enforcer:3.6.2:enforce (enforce-maven) @ wicket-ioc ---
[INFO] [INFO] Rule 1: org.apache.maven.enforcer.rules.dependency.DependencyConvergence passed
[INFO] [INFO] Rule 2: com.github.ferstl.maven.pomenforcers.CompoundPedanticEnforcer(compound) passed
[INFO] [INFO] 
[INFO] [INFO] --- enforcer:3.6.2:enforce (enforce-maven-version) @ wicket-ioc ---
[INFO] [INFO] Rule 1: org.apache.maven.enforcer.rules.dependency.DependencyConvergence passed
[INFO] [INFO] Rule 2: com.github.ferstl.maven.pomenforcers.CompoundPedanticEnforcer(compound) passed
[INFO] [INFO] 
[INFO] [INFO] --- enforcer:3.6.2:enforce (enforce-java-version) @ wicket-ioc ---
[INFO] [INFO] Rule 1: org.apache.maven.enforcer.rules.dependency.DependencyConvergence passed
[INFO] [INFO] Rule 2: com.github.ferstl.maven.pomenforcers.CompoundPedanticEnforcer(compound) passed
[INFO] [INFO] 
[INFO] [INFO] --- toolchains:3.2.0:toolchain (default) @ wicket-ioc ---
[INFO] [INFO] Required toolchain: jdk [ version='17' ]
[INFO] [INFO] Found matching toolchain for type jdk: JDK[/usr/lib/jvm/temurin-17-jdk-amd64/]
[INFO] [INFO] 
[INFO] [INFO] --- remote-resources:3.3.0:process (default) @ wicket-ioc ---
[INFO] [INFO] Preparing remote bundle org.apache:apache-jar-resource-bundle:1.4
[INFO] [INFO] Copying 3 resources from 1 bundle.
[INFO] [INFO] 
[INFO] [INFO] --- remote-resources:3.3.0:process (process-resource-bundles) @ wicket-ioc ---
[INFO] [INFO] Preparing remote bundle org.apache.apache.resources:apache-jar-resource-bundle:1.7
[INFO] [INFO] Copying 3 resources from 1 bundle.
[INFO] [INFO] 
[INFO] [INFO] --- resources:3.4.0:resources (default-resources) @ wicket-ioc ---
[INFO] [INFO] Copying 0 resource from src/main/java to target/classes
[INFO] [INFO] skip non existing resourceDirectory /home/andrea/WicketBuild/wicket-10.x/target/checkout/wicket-ioc/src/main/resources
[INFO] [INFO] skip non existing resourceDirectory /home/andrea/WicketBuild/wicket-10.x/target/checkout/wicket-ioc/target/generated-res
[INFO] [INFO] Copying 3 resources from target/maven-shared-archive-resources to target/classes
[INFO] [INFO] Copying 3 resources from target/maven-shared-archive-resources to target/classes
[INFO] [INFO] 
[INFO] [INFO] --- compiler:3.14.1:compile (default-compile) @ wicket-ioc ---
[INFO] [INFO] Toolchain in maven-compiler-plugin: JDK[/usr/lib/jvm/temurin-17-jdk-amd64/]
[INFO] [INFO] Recompiling the module because of changed dependency.
[INFO] [INFO] Compiling 14 source files with javac [forked debug deprecation release 17 module-path] to target/classes
[INFO] [INFO] JDK-8318913 workaround: patched module-info.class requires version from [17.0.20.1] to [17] on 1 JDK modules [java.base]
[INFO] [INFO] 
[INFO] [INFO] --- bundle:6.0.0:manifest (default-bundle) @ wicket-ioc ---
[INFO] [INFO] No MANIFEST.MF file found, generating manifest.
[INFO] [WARNING] Manifest org.apache.wicket:wicket-ioc:jar:10.11.0 : Unused Import-Package instructions: [org.slf4j*] 
[INFO] [INFO] Writing manifest: /home/andrea/WicketBuild/wicket-10.x/target/checkout/wicket-ioc/target/classes/META-INF/MANIFEST.MF
[INFO] [INFO] 
[INFO] [INFO] --- resources:3.4.0:testResources (default-testResources) @ wicket-ioc ---
[INFO] [INFO] Copying 0 resource from src/test/java to target/test-classes
[INFO] [INFO] Copying 3 resources from target/maven-shared-archive-resources to target/test-classes
[INFO] [INFO] Copying 3 resources from target/maven-shared-archive-resources to target/test-classes
[INFO] [INFO] 
[INFO] [INFO] --- compiler:3.14.1:testCompile (default-testCompile) @ wicket-ioc ---
[INFO] [INFO] Toolchain in maven-compiler-plugin: JDK[/usr/lib/jvm/temurin-17-jdk-amd64/]
[INFO] [INFO] Recompiling the module because of changed dependency.
[INFO] [INFO] Compiling 17 source files with javac [forked debug deprecation release 17 module-path] to target/test-classes
[INFO] [INFO] 
[INFO] [INFO] --- surefire:3.5.4:test (default-test) @ wicket-ioc ---
[INFO] [INFO] Toolchain in maven-surefire-plugin: JDK[/usr/lib/jvm/temurin-17-jdk-amd64/]
[INFO] [INFO] Using auto detected provider org.apache.maven.surefire.junitplatform.JUnitPlatformProvider
[INFO] [INFO] 
[INFO] [INFO] -------------------------------------------------------
[INFO] [INFO]  T E S T S
[INFO] [INFO] -------------------------------------------------------
[ERROR] WARNING: Using incubator modules: jdk.incubator.vector, jdk.incubator.foreign
[INFO] [INFO] Running org.apache.wicket.proxy.LazyInitProxyFactoryTest
[ERROR] SLF4J(W): No SLF4J providers were found.
[ERROR] SLF4J(W): Defaulting to no-operation (NOP) logger implementation
[ERROR] SLF4J(W): See https://www.slf4j.org/codes.html#noProviders for further details.
[INFO] [INFO] Tests run: 5, Failures: 0, Errors: 0, Skipped: 0, Time elapsed: 0.348 s -- in org.apache.wicket.proxy.LazyInitProxyFactoryTest
[INFO] [INFO] Running org.apache.wicket.proxy.packageprivate.PackagePrivateTest
[INFO] [INFO] Tests run: 1, Failures: 0, Errors: 0, Skipped: 0, Time elapsed: 0.014 s -- in org.apache.wicket.proxy.packageprivate.PackagePrivateTest
[INFO] [INFO] Running org.apache.wicket.injection.InjectorTest
[INFO] [INFO] Tests run: 1, Failures: 0, Errors: 0, Skipped: 0, Time elapsed: 0.003 s -- in org.apache.wicket.injection.InjectorTest
[INFO] [INFO] Running org.apache.wicket.injection.CompoundFieldValueFactoryTest
[ERROR] OpenJDK 64-Bit Server VM warning: Sharing is only supported for boot loader classes because bootstrap classpath has been appended
[INFO] [INFO] Tests run: 5, Failures: 0, Errors: 0, Skipped: 0, Time elapsed: 0.457 s -- in org.apache.wicket.injection.CompoundFieldValueFactoryTest
[INFO] [INFO] Running org.apache.wicket.injection.NoopFieldValueFactoryTest
[INFO] [INFO] Tests run: 1, Failures: 0, Errors: 0, Skipped: 0, Time elapsed: 0.004 s -- in org.apache.wicket.injection.NoopFieldValueFactoryTest
[INFO] [INFO] Running org.apache.wicket.injection.util.license.ApacheLicenceHeaderTest
[INFO] [INFO] Tests run: 1, Failures: 0, Errors: 0, Skipped: 0, Time elapsed: 0.043 s -- in org.apache.wicket.injection.util.license.ApacheLicenceHeaderTest
[INFO] [INFO] 
[INFO] [INFO] Results:
[INFO] [INFO] 
[INFO] [INFO] Tests run: 14, Failures: 0, Errors: 0, Skipped: 0
[INFO] [INFO] 
[INFO] [INFO] 
[INFO] [INFO] --- jar:3.5.0:jar (default-jar) @ wicket-ioc ---
[INFO] [INFO] Set Build-Jdk-Spec based on toolchain in maven-jar-plugin JDK[/usr/lib/jvm/temurin-17-jdk-amd64/]
[INFO] [INFO] Building jar: /home/andrea/WicketBuild/wicket-10.x/target/checkout/wicket-ioc/target/wicket-ioc-10.11.0.jar
[INFO] [INFO] 
[INFO] [INFO] --- assembly:3.7.1:single (source-release-assembly) @ wicket-ioc ---
[INFO] [INFO] Skipping the assembly in this project because it's not the Execution Root
[INFO] [INFO] 
[INFO] [INFO] --- source:3.4.0:jar-no-fork (attach-sources) @ wicket-ioc ---
[INFO] [INFO] Building jar: /home/andrea/WicketBuild/wicket-10.x/target/checkout/wicket-ioc/target/wicket-ioc-10.11.0-sources.jar
[INFO] [INFO] 
[INFO] [INFO] --- javadoc:3.12.0:jar (attach-javadocs) @ wicket-ioc ---
[INFO] [INFO] Toolchain in maven-javadoc-plugin: JDK[/usr/lib/jvm/temurin-17-jdk-amd64/]
[INFO] [INFO] Building jar: /home/andrea/WicketBuild/wicket-10.x/target/checkout/wicket-ioc/target/wicket-ioc-10.11.0-javadoc.jar
[INFO] [INFO] 
[INFO] [INFO] --- checksum:1.11:artifacts (source-release-checksum) @ wicket-ioc ---
[INFO] [INFO] 
[INFO] [INFO] --- japicmp:0.25.4:cmp (default) @ wicket-ioc ---
[INFO] [INFO] Written file '/home/andrea/WicketBuild/wicket-10.x/target/checkout/wicket-ioc/target/japicmp/japicmp.diff'.
[INFO] [INFO] Written file '/home/andrea/WicketBuild/wicket-10.x/target/checkout/wicket-ioc/target/japicmp/japicmp.md'.
[INFO] [INFO] 
[INFO] [INFO] --- gpg:3.2.8:sign (sign-release-artifacts) @ wicket-ioc ---
[INFO] [INFO] Signer 'gpg' is signing 4 files with key default
[INFO] gpg: using "0xD1AE986470B5A49C3E6A27B2878F01FAA8D356E1" as default secret key for signing
[INFO] gpg: using "0xD1AE986470B5A49C3E6A27B2878F01FAA8D356E1" as default secret key for signing
[INFO] gpg: using "0xD1AE986470B5A49C3E6A27B2878F01FAA8D356E1" as default secret key for signing
[INFO] gpg: using "0xD1AE986470B5A49C3E6A27B2878F01FAA8D356E1" as default secret key for signing
[INFO] [INFO] 
[INFO] [INFO] --- install:3.1.4:install (default-install) @ wicket-ioc ---
[INFO] [INFO] Installing /home/andrea/WicketBuild/wicket-10.x/target/checkout/wicket-ioc/pom.xml to /home/andrea/.m2/repository/org/apache/wicket/wicket-ioc/10.11.0/wicket-ioc-10.11.0.pom
[INFO] [INFO] Installing /home/andrea/WicketBuild/wicket-10.x/target/checkout/wicket-ioc/target/wicket-ioc-10.11.0.jar to /home/andrea/.m2/repository/org/apache/wicket/wicket-ioc/10.11.0/wicket-ioc-10.11.0.jar
[INFO] [INFO] Installing /home/andrea/WicketBuild/wicket-10.x/target/checkout/wicket-ioc/target/wicket-ioc-10.11.0-sources.jar to /home/andrea/.m2/repository/org/apache/wicket/wicket-ioc/10.11.0/wicket-ioc-10.11.0-sources.jar
[INFO] [INFO] Installing /home/andrea/WicketBuild/wicket-10.x/target/checkout/wicket-ioc/target/wicket-ioc-10.11.0-javadoc.jar to /home/andrea/.m2/repository/org/apache/wicket/wicket-ioc/10.11.0/wicket-ioc-10.11.0-javadoc.jar
[INFO] [INFO] Installing /home/andrea/WicketBuild/wicket-10.x/target/checkout/wicket-ioc/target/wicket-ioc-10.11.0.jar.asc to /home/andrea/.m2/repository/org/apache/wicket/wicket-ioc/10.11.0/wicket-ioc-10.11.0.jar.asc
[INFO] [INFO] Installing /home/andrea/WicketBuild/wicket-10.x/target/checkout/wicket-ioc/target/wicket-ioc-10.11.0.pom.asc to /home/andrea/.m2/repository/org/apache/wicket/wicket-ioc/10.11.0/wicket-ioc-10.11.0.pom.asc
[INFO] [INFO] Installing /home/andrea/WicketBuild/wicket-10.x/target/checkout/wicket-ioc/target/wicket-ioc-10.11.0-sources.jar.asc to /home/andrea/.m2/repository/org/apache/wicket/wicket-ioc/10.11.0/wicket-ioc-10.11.0-sources.jar.asc
[INFO] [INFO] Installing /home/andrea/WicketBuild/wicket-10.x/target/checkout/wicket-ioc/target/wicket-ioc-10.11.0-javadoc.jar.asc to /home/andrea/.m2/repository/org/apache/wicket/wicket-ioc/10.11.0/wicket-ioc-10.11.0-javadoc.jar.asc
[INFO] [INFO] 
[INFO] [INFO] --- gpg:3.2.8:sign (sign-artifacts) @ wicket-ioc ---
[INFO] [INFO] Signer 'gpg' is signing 4 files with key default
[INFO] gpg: using "0xD1AE986470B5A49C3E6A27B2878F01FAA8D356E1" as default secret key for signing
[INFO] [WARNING] artifact org.apache.wicket:wicket-ioc:jar.asc:10.11.0 already attached, replace previous instance
[INFO] gpg: using "0xD1AE986470B5A49C3E6A27B2878F01FAA8D356E1" as default secret key for signing
[INFO] [WARNING] artifact org.apache.wicket:wicket-ioc:pom.asc:10.11.0 already attached, replace previous instance
[INFO] gpg: using "0xD1AE986470B5A49C3E6A27B2878F01FAA8D356E1" as default secret key for signing
[INFO] [WARNING] artifact org.apache.wicket:wicket-ioc:jar.asc:sources:10.11.0 already attached, replace previous instance
[INFO] gpg: using "0xD1AE986470B5A49C3E6A27B2878F01FAA8D356E1" as default secret key for signing
[INFO] [WARNING] artifact org.apache.wicket:wicket-ioc:jar.asc:javadoc:10.11.0 already attached, replace previous instance
[INFO] [INFO] 
[INFO] [INFO] --- deploy:3.1.4:deploy (default-deploy) @ wicket-ioc ---
[INFO] Uploading to apache.releases.https: https://repository.apache.org/service/local/staging/deploy/maven2/org/apache/wicket/wicket-ioc/10.11.0/wicket-ioc-10.11.0.pom
[INFO] Progress (1): 2.6 kB
[INFO]                     
[INFO] Uploaded to apache.releases.https: https://repository.apache.org/service/local/staging/deploy/maven2/org/apache/wicket/wicket-ioc/10.11.0/wicket-ioc-10.11.0.pom (2.6 kB at 4.8 kB/s)
[INFO] Uploading to apache.releases.https: https://repository.apache.org/service/local/staging/deploy/maven2/org/apache/wicket/wicket-ioc/10.11.0/wicket-ioc-10.11.0.jar
[INFO] Uploading to apache.releases.https: https://repository.apache.org/service/local/staging/deploy/maven2/org/apache/wicket/wicket-ioc/10.11.0/wicket-ioc-10.11.0-sources.jar
[INFO] Uploading to apache.releases.https: https://repository.apache.org/service/local/staging/deploy/maven2/org/apache/wicket/wicket-ioc/10.11.0/wicket-ioc-10.11.0-javadoc.jar
[INFO] Uploading to apache.releases.https: https://repository.apache.org/service/local/staging/deploy/maven2/org/apache/wicket/wicket-ioc/10.11.0/wicket-ioc-10.11.0.jar.asc
[INFO] Uploading to apache.releases.https: https://repository.apache.org/service/local/staging/deploy/maven2/org/apache/wicket/wicket-ioc/10.11.0/wicket-ioc-10.11.0.pom.asc
[INFO] Progress (1): 833 B
[INFO] Progress (2): 833 B | 28 kB
[INFO] Progress (3): 833 B | 28 kB | 32 kB
[INFO] Progress (4): 833 B | 28 kB | 32 kB | 833 B
[INFO] Progress (5): 833 B | 28 kB | 32 kB | 833 B | 33/177 kB
[INFO] Progress (5): 833 B | 28 kB | 32 kB | 833 B | 66/177 kB
[INFO] Progress (5): 833 B | 28 kB | 32 kB | 833 B | 98/177 kB
[INFO] Progress (5): 833 B | 28 kB | 32 kB | 833 B | 131/177 kB
[INFO] Progress (5): 833 B | 28 kB | 32 kB | 833 B | 164/177 kB
[INFO] Progress (5): 833 B | 28 kB | 32 kB | 833 B | 177 kB    
[INFO]                                                     
[INFO] Uploaded to apache.releases.https: https://repository.apache.org/service/local/staging/deploy/maven2/org/apache/wicket/wicket-ioc/10.11.0/wicket-ioc-10.11.0.pom.asc (833 B at 4.7 kB/s)
[INFO] Uploading to apache.releases.https: https://repository.apache.org/service/local/staging/deploy/maven2/org/apache/wicket/wicket-ioc/10.11.0/wicket-ioc-10.11.0-sources.jar.asc
[INFO] Uploaded to apache.releases.https: https://repository.apache.org/service/local/staging/deploy/maven2/org/apache/wicket/wicket-ioc/10.11.0/wicket-ioc-10.11.0.jar.asc (833 B at 4.3 kB/s)
[INFO] Uploading to apache.releases.https: https://repository.apache.org/service/local/staging/deploy/maven2/org/apache/wicket/wicket-ioc/10.11.0/wicket-ioc-10.11.0-javadoc.jar.asc
[INFO] Progress (4): 28 kB | 32 kB | 177 kB | 833 B
[INFO] Progress (5): 28 kB | 32 kB | 177 kB | 833 B | 833 B
[INFO]                                                     
[INFO] Uploaded to apache.releases.https: https://repository.apache.org/service/local/staging/deploy/maven2/org/apache/wicket/wicket-ioc/10.11.0/wicket-ioc-10.11.0-sources.jar.asc (833 B at 2.3 kB/s)
[INFO] Uploaded to apache.releases.https: https://repository.apache.org/service/local/staging/deploy/maven2/org/apache/wicket/wicket-ioc/10.11.0/wicket-ioc-10.11.0-javadoc.jar.asc (833 B at 2.2 kB/s)
[INFO] Uploaded to apache.releases.https: https://repository.apache.org/service/local/staging/deploy/maven2/org/apache/wicket/wicket-ioc/10.11.0/wicket-ioc-10.11.0.jar (32 kB at 50 kB/s)
[INFO] Uploaded to apache.releases.https: https://repository.apache.org/service/local/staging/deploy/maven2/org/apache/wicket/wicket-ioc/10.11.0/wicket-ioc-10.11.0-sources.jar (28 kB at 34 kB/s)
[INFO] Uploaded to apache.releases.https: https://repository.apache.org/service/local/staging/deploy/maven2/org/apache/wicket/wicket-ioc/10.11.0/wicket-ioc-10.11.0-javadoc.jar (177 kB at 199 kB/s)
[INFO] Downloading from apache.releases.https: https://repository.apache.org/service/local/staging/deploy/maven2/org/apache/wicket/wicket-ioc/maven-metadata.xml
[INFO] Uploading to apache.releases.https: https://repository.apache.org/service/local/staging/deploy/maven2/org/apache/wicket/wicket-ioc/maven-metadata.xml
[INFO] Progress (1): 311 B
[INFO]                    
[INFO] Uploaded to apache.releases.https: https://repository.apache.org/service/local/staging/deploy/maven2/org/apache/wicket/wicket-ioc/maven-metadata.xml (311 B at 561 B/s)
[INFO] [INFO] 
[INFO] [INFO] --------------------< org.apache.wicket:wicket-cdi >--------------------
[INFO] [INFO] Building Wicket CDI 10.11.0                                      [11/32]
[INFO] [INFO]   from wicket-cdi/pom.xml
[INFO] [INFO] --------------------------------[ jar ]---------------------------------
[INFO] [INFO] 
[INFO] [INFO] --- enforcer:3.6.2:enforce (enforce-maven) @ wicket-cdi ---
[INFO] [INFO] Skipping Rule Enforcement.
[INFO] [INFO] 
[INFO] [INFO] --- enforcer:3.6.2:enforce (enforce-maven-version) @ wicket-cdi ---
[INFO] [INFO] Skipping Rule Enforcement.
[INFO] [INFO] 
[INFO] [INFO] --- enforcer:3.6.2:enforce (enforce-java-version) @ wicket-cdi ---
[INFO] [INFO] Skipping Rule Enforcement.
[INFO] [INFO] 
[INFO] [INFO] --- toolchains:3.2.0:toolchain (default) @ wicket-cdi ---
[INFO] [INFO] Required toolchain: jdk [ version='17' ]
[INFO] [INFO] Found matching toolchain for type jdk: JDK[/usr/lib/jvm/temurin-17-jdk-amd64/]
[INFO] [INFO] 
[INFO] [INFO] --- remote-resources:3.3.0:process (default) @ wicket-cdi ---
[INFO] [INFO] Preparing remote bundle org.apache:apache-jar-resource-bundle:1.4
[INFO] [INFO] Copying 3 resources from 1 bundle.
[INFO] [INFO] 
[INFO] [INFO] --- remote-resources:3.3.0:process (process-resource-bundles) @ wicket-cdi ---
[INFO] [INFO] Preparing remote bundle org.apache.apache.resources:apache-jar-resource-bundle:1.7
[INFO] [INFO] Copying 3 resources from 1 bundle.
[INFO] [INFO] 
[INFO] [INFO] --- resources:3.4.0:resources (default-resources) @ wicket-cdi ---
[INFO] [INFO] Copying 0 resource from src/main/java to target/classes
[INFO] [INFO] Copying 1 resource from src/main/resources to target/classes
[INFO] [INFO] skip non existing resourceDirectory /home/andrea/WicketBuild/wicket-10.x/target/checkout/wicket-cdi/target/generated-res
[INFO] [INFO] Copying 3 resources from target/maven-shared-archive-resources to target/classes
[INFO] [INFO] Copying 3 resources from target/maven-shared-archive-resources to target/classes
[INFO] [INFO] 
[INFO] [INFO] --- compiler:3.14.1:compile (default-compile) @ wicket-cdi ---
[INFO] [INFO] Toolchain in maven-compiler-plugin: JDK[/usr/lib/jvm/temurin-17-jdk-amd64/]
[INFO] [INFO] Recompiling the module because of changed dependency.
[INFO] [INFO] Compiling 20 source files with javac [forked debug deprecation release 17 module-path] to target/classes
[INFO] [INFO] JDK-8318913 workaround: patched module-info.class requires version from [17.0.20.1] to [17] on 2 JDK modules [java.base, java.naming]
[INFO] [INFO] 
[INFO] [INFO] --- bundle:6.0.0:manifest (default-bundle) @ wicket-cdi ---
[INFO] [INFO] No MANIFEST.MF file found, generating manifest.
[INFO] [INFO] Writing manifest: /home/andrea/WicketBuild/wicket-10.x/target/checkout/wicket-cdi/target/classes/META-INF/MANIFEST.MF
[INFO] [INFO] 
[INFO] [INFO] --- resources:3.4.0:testResources (default-testResources) @ wicket-cdi ---
[INFO] [INFO] skip non existing resourceDirectory /home/andrea/WicketBuild/wicket-10.x/target/checkout/wicket-cdi/src/test/java
[INFO] [INFO] Copying 3 resources from target/maven-shared-archive-resources to target/test-classes
[INFO] [INFO] Copying 3 resources from target/maven-shared-archive-resources to target/test-classes
[INFO] [INFO] 
[INFO] [INFO] --- compiler:3.14.1:testCompile (default-testCompile) @ wicket-cdi ---
[INFO] [INFO] Toolchain in maven-compiler-plugin: JDK[/usr/lib/jvm/temurin-17-jdk-amd64/]
[INFO] [INFO] No sources to compile
[INFO] [INFO] 
[INFO] [INFO] --- surefire:3.5.4:test (default-test) @ wicket-cdi ---
[INFO] [INFO] Toolchain in maven-surefire-plugin: JDK[/usr/lib/jvm/temurin-17-jdk-amd64/]
[INFO] [INFO] 
[INFO] [INFO] --- jar:3.5.0:jar (default-jar) @ wicket-cdi ---
[INFO] [INFO] Set Build-Jdk-Spec based on toolchain in maven-jar-plugin JDK[/usr/lib/jvm/temurin-17-jdk-amd64/]
[INFO] [INFO] Building jar: /home/andrea/WicketBuild/wicket-10.x/target/checkout/wicket-cdi/target/wicket-cdi-10.11.0.jar
[INFO] [INFO] 
[INFO] [INFO] --- assembly:3.7.1:single (source-release-assembly) @ wicket-cdi ---
[INFO] [INFO] Skipping the assembly in this project because it's not the Execution Root
[INFO] [INFO] 
[INFO] [INFO] --- source:3.4.0:jar-no-fork (attach-sources) @ wicket-cdi ---
[INFO] [INFO] Building jar: /home/andrea/WicketBuild/wicket-10.x/target/checkout/wicket-cdi/target/wicket-cdi-10.11.0-sources.jar
[INFO] [INFO] 
[INFO] [INFO] --- javadoc:3.12.0:jar (attach-javadocs) @ wicket-cdi ---
[INFO] [INFO] Toolchain in maven-javadoc-plugin: JDK[/usr/lib/jvm/temurin-17-jdk-amd64/]
[INFO] [INFO] Building jar: /home/andrea/WicketBuild/wicket-10.x/target/checkout/wicket-cdi/target/wicket-cdi-10.11.0-javadoc.jar
[INFO] [INFO] 
[INFO] [INFO] --- checksum:1.11:artifacts (source-release-checksum) @ wicket-cdi ---
[INFO] [INFO] 
[INFO] [INFO] --- japicmp:0.25.4:cmp (default) @ wicket-cdi ---
[INFO] [INFO] Written file '/home/andrea/WicketBuild/wicket-10.x/target/checkout/wicket-cdi/target/japicmp/japicmp.diff'.
[INFO] [INFO] Written file '/home/andrea/WicketBuild/wicket-10.x/target/checkout/wicket-cdi/target/japicmp/japicmp.md'.
[INFO] [INFO] 
[INFO] [INFO] --- gpg:3.2.8:sign (sign-release-artifacts) @ wicket-cdi ---
[INFO] [INFO] Signer 'gpg' is signing 4 files with key default
[INFO] gpg: using "0xD1AE986470B5A49C3E6A27B2878F01FAA8D356E1" as default secret key for signing
[INFO] gpg: using "0xD1AE986470B5A49C3E6A27B2878F01FAA8D356E1" as default secret key for signing
[INFO] gpg: using "0xD1AE986470B5A49C3E6A27B2878F01FAA8D356E1" as default secret key for signing
[INFO] gpg: using "0xD1AE986470B5A49C3E6A27B2878F01FAA8D356E1" as default secret key for signing
[INFO] [INFO] 
[INFO] [INFO] --- install:3.1.4:install (default-install) @ wicket-cdi ---
[INFO] [INFO] Installing /home/andrea/WicketBuild/wicket-10.x/target/checkout/wicket-cdi/pom.xml to /home/andrea/.m2/repository/org/apache/wicket/wicket-cdi/10.11.0/wicket-cdi-10.11.0.pom
[INFO] [INFO] Installing /home/andrea/WicketBuild/wicket-10.x/target/checkout/wicket-cdi/target/wicket-cdi-10.11.0.jar to /home/andrea/.m2/repository/org/apache/wicket/wicket-cdi/10.11.0/wicket-cdi-10.11.0.jar
[INFO] [INFO] Installing /home/andrea/WicketBuild/wicket-10.x/target/checkout/wicket-cdi/target/wicket-cdi-10.11.0-sources.jar to /home/andrea/.m2/repository/org/apache/wicket/wicket-cdi/10.11.0/wicket-cdi-10.11.0-sources.jar
[INFO] [INFO] Installing /home/andrea/WicketBuild/wicket-10.x/target/checkout/wicket-cdi/target/wicket-cdi-10.11.0-javadoc.jar to /home/andrea/.m2/repository/org/apache/wicket/wicket-cdi/10.11.0/wicket-cdi-10.11.0-javadoc.jar
[INFO] [INFO] Installing /home/andrea/WicketBuild/wicket-10.x/target/checkout/wicket-cdi/target/wicket-cdi-10.11.0.jar.asc to /home/andrea/.m2/repository/org/apache/wicket/wicket-cdi/10.11.0/wicket-cdi-10.11.0.jar.asc
[INFO] [INFO] Installing /home/andrea/WicketBuild/wicket-10.x/target/checkout/wicket-cdi/target/wicket-cdi-10.11.0.pom.asc to /home/andrea/.m2/repository/org/apache/wicket/wicket-cdi/10.11.0/wicket-cdi-10.11.0.pom.asc
[INFO] [INFO] Installing /home/andrea/WicketBuild/wicket-10.x/target/checkout/wicket-cdi/target/wicket-cdi-10.11.0-sources.jar.asc to /home/andrea/.m2/repository/org/apache/wicket/wicket-cdi/10.11.0/wicket-cdi-10.11.0-sources.jar.asc
[INFO] [INFO] Installing /home/andrea/WicketBuild/wicket-10.x/target/checkout/wicket-cdi/target/wicket-cdi-10.11.0-javadoc.jar.asc to /home/andrea/.m2/repository/org/apache/wicket/wicket-cdi/10.11.0/wicket-cdi-10.11.0-javadoc.jar.asc
[INFO] [INFO] 
[INFO] [INFO] --- gpg:3.2.8:sign (sign-artifacts) @ wicket-cdi ---
[INFO] [INFO] Signer 'gpg' is signing 4 files with key default
[INFO] gpg: using "0xD1AE986470B5A49C3E6A27B2878F01FAA8D356E1" as default secret key for signing
[INFO] [WARNING] artifact org.apache.wicket:wicket-cdi:jar.asc:10.11.0 already attached, replace previous instance
[INFO] gpg: using "0xD1AE986470B5A49C3E6A27B2878F01FAA8D356E1" as default secret key for signing
[INFO] [WARNING] artifact org.apache.wicket:wicket-cdi:pom.asc:10.11.0 already attached, replace previous instance
[INFO] gpg: using "0xD1AE986470B5A49C3E6A27B2878F01FAA8D356E1" as default secret key for signing
[INFO] [WARNING] artifact org.apache.wicket:wicket-cdi:jar.asc:sources:10.11.0 already attached, replace previous instance
[INFO] gpg: using "0xD1AE986470B5A49C3E6A27B2878F01FAA8D356E1" as default secret key for signing
[INFO] [WARNING] artifact org.apache.wicket:wicket-cdi:jar.asc:javadoc:10.11.0 already attached, replace previous instance
[INFO] [INFO] 
[INFO] [INFO] --- deploy:3.1.4:deploy (default-deploy) @ wicket-cdi ---
[INFO] Uploading to apache.releases.https: https://repository.apache.org/service/local/staging/deploy/maven2/org/apache/wicket/wicket-cdi/10.11.0/wicket-cdi-10.11.0.pom
[INFO] Progress (1): 2.7 kB
[INFO]                     
[INFO] Uploaded to apache.releases.https: https://repository.apache.org/service/local/staging/deploy/maven2/org/apache/wicket/wicket-cdi/10.11.0/wicket-cdi-10.11.0.pom (2.7 kB at 4.8 kB/s)
[INFO] Uploading to apache.releases.https: https://repository.apache.org/service/local/staging/deploy/maven2/org/apache/wicket/wicket-cdi/10.11.0/wicket-cdi-10.11.0.jar
[INFO] Uploading to apache.releases.https: https://repository.apache.org/service/local/staging/deploy/maven2/org/apache/wicket/wicket-cdi/10.11.0/wicket-cdi-10.11.0-sources.jar
[INFO] Uploading to apache.releases.https: https://repository.apache.org/service/local/staging/deploy/maven2/org/apache/wicket/wicket-cdi/10.11.0/wicket-cdi-10.11.0-javadoc.jar
[INFO] Uploading to apache.releases.https: https://repository.apache.org/service/local/staging/deploy/maven2/org/apache/wicket/wicket-cdi/10.11.0/wicket-cdi-10.11.0.jar.asc
[INFO] Uploading to apache.releases.https: https://repository.apache.org/service/local/staging/deploy/maven2/org/apache/wicket/wicket-cdi/10.11.0/wicket-cdi-10.11.0.pom.asc
[INFO] Progress (1): 33/199 kB
[INFO] Progress (1): 66/199 kB
[INFO] Progress (1): 98/199 kB
[INFO] Progress (1): 131/199 kB
[INFO] Progress (1): 164/199 kB
[INFO] Progress (1): 197/199 kB
[INFO] Progress (1): 199 kB    
[INFO] Progress (2): 199 kB | 30 kB
[INFO] Progress (3): 199 kB | 30 kB | 833 B
[INFO] Progress (4): 199 kB | 30 kB | 833 B | 833 B
[INFO] Progress (5): 199 kB | 30 kB | 833 B | 833 B | 33/39 kB
[INFO] Progress (5): 199 kB | 30 kB | 833 B | 833 B | 39 kB   
[INFO]                                                     
[INFO] Uploaded to apache.releases.https: https://repository.apache.org/service/local/staging/deploy/maven2/org/apache/wicket/wicket-cdi/10.11.0/wicket-cdi-10.11.0.jar.asc (833 B at 4.4 kB/s)
[INFO] Uploaded to apache.releases.https: https://repository.apache.org/service/local/staging/deploy/maven2/org/apache/wicket/wicket-cdi/10.11.0/wicket-cdi-10.11.0.pom.asc (833 B at 4.4 kB/s)
[INFO] Uploading to apache.releases.https: https://repository.apache.org/service/local/staging/deploy/maven2/org/apache/wicket/wicket-cdi/10.11.0/wicket-cdi-10.11.0-sources.jar.asc
[INFO] Uploading to apache.releases.https: https://repository.apache.org/service/local/staging/deploy/maven2/org/apache/wicket/wicket-cdi/10.11.0/wicket-cdi-10.11.0-javadoc.jar.asc
[INFO] Progress (4): 199 kB | 30 kB | 39 kB | 833 B
[INFO] Progress (5): 199 kB | 30 kB | 39 kB | 833 B | 833 B
[INFO]                                                     
[INFO] Uploaded to apache.releases.https: https://repository.apache.org/service/local/staging/deploy/maven2/org/apache/wicket/wicket-cdi/10.11.0/wicket-cdi-10.11.0-javadoc.jar.asc (833 B at 2.1 kB/s)
[INFO] Uploaded to apache.releases.https: https://repository.apache.org/service/local/staging/deploy/maven2/org/apache/wicket/wicket-cdi/10.11.0/wicket-cdi-10.11.0-sources.jar.asc (833 B at 2.1 kB/s)
[INFO] Uploaded to apache.releases.https: https://repository.apache.org/service/local/staging/deploy/maven2/org/apache/wicket/wicket-cdi/10.11.0/wicket-cdi-10.11.0.jar (39 kB at 56 kB/s)
[INFO] Uploaded to apache.releases.https: https://repository.apache.org/service/local/staging/deploy/maven2/org/apache/wicket/wicket-cdi/10.11.0/wicket-cdi-10.11.0-sources.jar (30 kB at 40 kB/s)
[INFO] Uploaded to apache.releases.https: https://repository.apache.org/service/local/staging/deploy/maven2/org/apache/wicket/wicket-cdi/10.11.0/wicket-cdi-10.11.0-javadoc.jar (199 kB at 226 kB/s)
[INFO] Downloading from apache.releases.https: https://repository.apache.org/service/local/staging/deploy/maven2/org/apache/wicket/wicket-cdi/maven-metadata.xml
[INFO] Uploading to apache.releases.https: https://repository.apache.org/service/local/staging/deploy/maven2/org/apache/wicket/wicket-cdi/maven-metadata.xml
[INFO] Progress (1): 311 B
[INFO]                    
[INFO] Uploaded to apache.releases.https: https://repository.apache.org/service/local/staging/deploy/maven2/org/apache/wicket/wicket-cdi/maven-metadata.xml (311 B at 546 B/s)
[INFO] [INFO] 
[INFO] [INFO] -----------------< org.apache.wicket:wicket-cdi-tests >-----------------
[INFO] [INFO] Building Wicket CDI tests 10.11.0                                [12/32]
[INFO] [INFO]   from wicket-cdi-tests/pom.xml
[INFO] [INFO] --------------------------------[ jar ]---------------------------------
[INFO] [INFO] 
[INFO] [INFO] --- enforcer:3.6.2:enforce (enforce-maven) @ wicket-cdi-tests ---
[INFO] [INFO] Rule 1: org.apache.maven.enforcer.rules.dependency.DependencyConvergence passed
[INFO] [INFO] Rule 2: com.github.ferstl.maven.pomenforcers.CompoundPedanticEnforcer(compound) passed
[INFO] [INFO] 
[INFO] [INFO] --- enforcer:3.6.2:enforce (enforce-maven-version) @ wicket-cdi-tests ---
[INFO] [INFO] Rule 1: org.apache.maven.enforcer.rules.dependency.DependencyConvergence passed
[INFO] [INFO] Rule 2: com.github.ferstl.maven.pomenforcers.CompoundPedanticEnforcer(compound) passed
[INFO] [INFO] 
[INFO] [INFO] --- enforcer:3.6.2:enforce (enforce-java-version) @ wicket-cdi-tests ---
[INFO] [INFO] Rule 1: org.apache.maven.enforcer.rules.dependency.DependencyConvergence passed
[INFO] [INFO] Rule 2: com.github.ferstl.maven.pomenforcers.CompoundPedanticEnforcer(compound) passed
[INFO] [INFO] 
[INFO] [INFO] --- toolchains:3.2.0:toolchain (default) @ wicket-cdi-tests ---
[INFO] [INFO] Required toolchain: jdk [ version='17' ]
[INFO] [INFO] Found matching toolchain for type jdk: JDK[/usr/lib/jvm/temurin-17-jdk-amd64/]
[INFO] [INFO] 
[INFO] [INFO] --- remote-resources:3.3.0:process (default) @ wicket-cdi-tests ---
[INFO] [INFO] Preparing remote bundle org.apache:apache-jar-resource-bundle:1.4
[INFO] [INFO] Copying 3 resources from 1 bundle.
[INFO] [INFO] 
[INFO] [INFO] --- remote-resources:3.3.0:process (process-resource-bundles) @ wicket-cdi-tests ---
[INFO] [INFO] Preparing remote bundle org.apache.apache.resources:apache-jar-resource-bundle:1.7
[INFO] [INFO] Copying 3 resources from 1 bundle.
[INFO] [INFO] 
[INFO] [INFO] --- resources:3.4.0:resources (default-resources) @ wicket-cdi-tests ---
[INFO] [INFO] skip non existing resourceDirectory /home/andrea/WicketBuild/wicket-10.x/target/checkout/wicket-cdi-tests/src/main/java
[INFO] [INFO] skip non existing resourceDirectory /home/andrea/WicketBuild/wicket-10.x/target/checkout/wicket-cdi-tests/src/main/resources
[INFO] [INFO] skip non existing resourceDirectory /home/andrea/WicketBuild/wicket-10.x/target/checkout/wicket-cdi-tests/target/generated-res
[INFO] [INFO] Copying 3 resources from target/maven-shared-archive-resources to target/classes
[INFO] [INFO] Copying 3 resources from target/maven-shared-archive-resources to target/classes
[INFO] [INFO] 
[INFO] [INFO] --- compiler:3.14.1:compile (default-compile) @ wicket-cdi-tests ---
[INFO] [INFO] Toolchain in maven-compiler-plugin: JDK[/usr/lib/jvm/temurin-17-jdk-amd64/]
[INFO] [INFO] No sources to compile
[INFO] [INFO] 
[INFO] [INFO] --- bundle:6.0.0:manifest (default-bundle) @ wicket-cdi-tests ---
[INFO] [INFO] No MANIFEST.MF file found, generating manifest.
[INFO] [WARNING] Manifest org.apache.wicket:wicket-cdi-tests:jar:10.11.0 : Unused Export-Package instructions: [org.apache.wicket.cdi*] 
[INFO] [WARNING] Manifest org.apache.wicket:wicket-cdi-tests:jar:10.11.0 : Unused Import-Package instructions: [org.slf4j*] 
[INFO] [INFO] Writing manifest: /home/andrea/WicketBuild/wicket-10.x/target/checkout/wicket-cdi-tests/target/classes/META-INF/MANIFEST.MF
[INFO] [INFO] 
[INFO] [INFO] --- resources:3.4.0:testResources (default-testResources) @ wicket-cdi-tests ---
[INFO] [INFO] Copying 5 resources from src/test/java to target/test-classes
[INFO] [INFO] Copying 3 resources from target/maven-shared-archive-resources to target/test-classes
[INFO] [INFO] Copying 3 resources from target/maven-shared-archive-resources to target/test-classes
[INFO] [INFO] 
[INFO] [INFO] --- compiler:3.14.1:testCompile (default-testCompile) @ wicket-cdi-tests ---
[INFO] [INFO] Toolchain in maven-compiler-plugin: JDK[/usr/lib/jvm/temurin-17-jdk-amd64/]
[INFO] [INFO] Recompiling the module because of changed dependency.
[INFO] [INFO] Compiling 15 source files with javac [forked debug deprecation release 17] to target/test-classes
[INFO] [INFO] 
[INFO] [INFO] --- compiler:3.14.1:testCompile (test-compile) @ wicket-cdi-tests ---
[INFO] [INFO] Toolchain in maven-compiler-plugin: JDK[/usr/lib/jvm/temurin-17-jdk-amd64/]
[INFO] [INFO] Recompiling the module because of changed dependency.
[INFO] [INFO] Compiling 15 source files with javac [forked debug deprecation release 17] to target/test-classes
[INFO] [INFO] 
[INFO] [INFO] --- surefire:3.5.4:test (default-test) @ wicket-cdi-tests ---
[INFO] [INFO] Toolchain in maven-surefire-plugin: JDK[/usr/lib/jvm/temurin-17-jdk-amd64/]
[INFO] [INFO] Using auto detected provider org.apache.maven.surefire.junitplatform.JUnitPlatformProvider
[INFO] [INFO] 
[INFO] [INFO] -------------------------------------------------------
[INFO] [INFO]  T E S T S
[INFO] [INFO] -------------------------------------------------------
[ERROR] WARNING: Using incubator modules: jdk.incubator.foreign, jdk.incubator.vector
[INFO] [INFO] Running org.apache.wicket.cdi.CdiConfigurationTest
[ERROR] SLF4J(W): No SLF4J providers were found.
[ERROR] SLF4J(W): Defaulting to no-operation (NOP) logger implementation
[ERROR] SLF4J(W): See https://www.slf4j.org/codes.html#noProviders for further details.
[ERROR] Aug 24, 2026 1:45:45 PM org.jboss.weld.bootstrap.WeldStartup <clinit>
[ERROR] INFO: WELD-000900: 4.0.3 (Final)
[ERROR] Aug 24, 2026 1:45:45 PM org.jboss.weld.bootstrap.WeldStartup startContainer
[ERROR] INFO: WELD-000101: Transactional services not available. Injection of @Inject UserTransaction not available. Transactional observers will be invoked synchronously.
[ERROR] Aug 24, 2026 1:45:45 PM org.jboss.weld.event.ExtensionObserverMethodImpl checkRequiredTypeAnnotations
[ERROR] INFO: WELD-000411: Observer method [BackedAnnotatedMethod] private io.github.cdiunit.internal.events.EventsForwardingExtension.processAnnotatedType(@Observes ProcessAnnotatedType<T>) receives events for all annotated types. Consider restricting events using @WithAnnotations or a generic type with bounds.
[ERROR] Aug 24, 2026 1:45:45 PM org.jboss.weld.event.ExtensionObserverMethodImpl checkRequiredTypeAnnotations
[ERROR] INFO: WELD-000411: Observer method [BackedAnnotatedMethod] io.github.cdiunit.internal.testscope.TestScopeExtension.processAnnotatedType(@Observes ProcessAnnotatedType<T>) receives events for all annotated types. Consider restricting events using @WithAnnotations or a generic type with bounds.
[ERROR] Aug 24, 2026 1:45:45 PM org.jboss.weld.event.ExtensionObserverMethodImpl checkRequiredTypeAnnotations
[ERROR] INFO: WELD-000411: Observer method [BackedAnnotatedMethod] private io.github.cdiunit.internal.events.EventsForwardingExtension.processAnnotatedType(@Observes ProcessAnnotatedType<T>) receives events for all annotated types. Consider restricting events using @WithAnnotations or a generic type with bounds.
[ERROR] Aug 24, 2026 1:45:45 PM org.jboss.weld.logging.ValidatorLogger lambda$static$6
[ERROR] WARN: WELD-001478: Interceptor class io.github.cdiunit.internal.events.ForwardingInterceptor is enabled for the application and for the bean archive org.jboss.weld.environment.deployment.WeldDeployment.synthetic. It will only be invoked in the @Priority part of the chain.
[ERROR] Aug 24, 2026 1:45:45 PM org.jboss.weld.environment.se.WeldContainer fireContainerInitializedEvent
[ERROR] INFO: WELD-ENV-002003: Weld SE container cdi-unit-64c645ff-e9bc-4b10-93c3-97d25acbc5ef initialized
[ERROR] OpenJDK 64-Bit Server VM warning: Sharing is only supported for boot loader classes because bootstrap classpath has been appended
[ERROR] Aug 24, 2026 1:45:46 PM org.jboss.weld.environment.se.WeldContainer shutdown
[ERROR] INFO: WELD-ENV-002001: Weld SE container cdi-unit-64c645ff-e9bc-4b10-93c3-97d25acbc5ef shut down
[ERROR] Aug 24, 2026 1:45:46 PM org.jboss.weld.bootstrap.WeldStartup startContainer
[ERROR] INFO: WELD-000101: Transactional services not available. Injection of @Inject UserTransaction not available. Transactional observers will be invoked synchronously.
[ERROR] Aug 24, 2026 1:45:46 PM org.jboss.weld.event.ExtensionObserverMethodImpl checkRequiredTypeAnnotations
[ERROR] INFO: WELD-000411: Observer method [BackedAnnotatedMethod] private io.github.cdiunit.internal.events.EventsForwardingExtension.processAnnotatedType(@Observes ProcessAnnotatedType<T>) receives events for all annotated types. Consider restricting events using @WithAnnotations or a generic type with bounds.
[ERROR] Aug 24, 2026 1:45:46 PM org.jboss.weld.event.ExtensionObserverMethodImpl checkRequiredTypeAnnotations
[ERROR] INFO: WELD-000411: Observer method [BackedAnnotatedMethod] io.github.cdiunit.internal.testscope.TestScopeExtension.processAnnotatedType(@Observes ProcessAnnotatedType<T>) receives events for all annotated types. Consider restricting events using @WithAnnotations or a generic type with bounds.
[ERROR] Aug 24, 2026 1:45:46 PM org.jboss.weld.event.ExtensionObserverMethodImpl checkRequiredTypeAnnotations
[ERROR] INFO: WELD-000411: Observer method [BackedAnnotatedMethod] private io.github.cdiunit.internal.events.EventsForwardingExtension.processAnnotatedType(@Observes ProcessAnnotatedType<T>) receives events for all annotated types. Consider restricting events using @WithAnnotations or a generic type with bounds.
[ERROR] Aug 24, 2026 1:45:46 PM org.jboss.weld.logging.ValidatorLogger lambda$static$6
[ERROR] WARN: WELD-001478: Interceptor class io.github.cdiunit.internal.events.ForwardingInterceptor is enabled for the application and for the bean archive org.jboss.weld.environment.deployment.WeldDeployment.synthetic. It will only be invoked in the @Priority part of the chain.
[ERROR] Aug 24, 2026 1:45:46 PM org.jboss.weld.environment.se.WeldContainer fireContainerInitializedEvent
[ERROR] INFO: WELD-ENV-002003: Weld SE container cdi-unit-83723191-01e6-4315-a4c1-6716fbc9bec7 initialized
[INFO] Opened Conversion with id = 1
[ERROR] Aug 24, 2026 1:45:46 PM org.jboss.weld.environment.se.WeldContainer shutdown
[ERROR] INFO: WELD-ENV-002001: Weld SE container cdi-unit-83723191-01e6-4315-a4c1-6716fbc9bec7 shut down
[ERROR] Aug 24, 2026 1:45:46 PM org.jboss.weld.bootstrap.WeldStartup startContainer
[ERROR] INFO: WELD-000101: Transactional services not available. Injection of @Inject UserTransaction not available. Transactional observers will be invoked synchronously.
[ERROR] Aug 24, 2026 1:45:46 PM org.jboss.weld.event.ExtensionObserverMethodImpl checkRequiredTypeAnnotations
[ERROR] INFO: WELD-000411: Observer method [BackedAnnotatedMethod] io.github.cdiunit.internal.testscope.TestScopeExtension.processAnnotatedType(@Observes ProcessAnnotatedType<T>) receives events for all annotated types. Consider restricting events using @WithAnnotations or a generic type with bounds.
[ERROR] Aug 24, 2026 1:45:46 PM org.jboss.weld.event.ExtensionObserverMethodImpl checkRequiredTypeAnnotations
[ERROR] INFO: WELD-000411: Observer method [BackedAnnotatedMethod] private io.github.cdiunit.internal.events.EventsForwardingExtension.processAnnotatedType(@Observes ProcessAnnotatedType<T>) receives events for all annotated types. Consider restricting events using @WithAnnotations or a generic type with bounds.
[ERROR] Aug 24, 2026 1:45:46 PM org.jboss.weld.event.ExtensionObserverMethodImpl checkRequiredTypeAnnotations
[ERROR] INFO: WELD-000411: Observer method [BackedAnnotatedMethod] private io.github.cdiunit.internal.events.EventsForwardingExtension.processAnnotatedType(@Observes ProcessAnnotatedType<T>) receives events for all annotated types. Consider restricting events using @WithAnnotations or a generic type with bounds.
[ERROR] Aug 24, 2026 1:45:46 PM org.jboss.weld.logging.ValidatorLogger lambda$static$6
[ERROR] WARN: WELD-001478: Interceptor class io.github.cdiunit.internal.events.ForwardingInterceptor is enabled for the application and for the bean archive org.jboss.weld.environment.deployment.WeldDeployment.synthetic. It will only be invoked in the @Priority part of the chain.
[ERROR] Aug 24, 2026 1:45:46 PM org.jboss.weld.environment.se.WeldContainer fireContainerInitializedEvent
[ERROR] INFO: WELD-ENV-002003: Weld SE container cdi-unit-f952fab1-00ea-428f-ae0c-499a60deac71 initialized
[ERROR] Aug 24, 2026 1:45:46 PM org.jboss.weld.environment.se.WeldContainer shutdown
[ERROR] INFO: WELD-ENV-002001: Weld SE container cdi-unit-f952fab1-00ea-428f-ae0c-499a60deac71 shut down
[ERROR] Aug 24, 2026 1:45:46 PM org.jboss.weld.bootstrap.WeldStartup startContainer
[ERROR] INFO: WELD-000101: Transactional services not available. Injection of @Inject UserTransaction not available. Transactional observers will be invoked synchronously.
[ERROR] Aug 24, 2026 1:45:46 PM org.jboss.weld.event.ExtensionObserverMethodImpl checkRequiredTypeAnnotations
[ERROR] INFO: WELD-000411: Observer method [BackedAnnotatedMethod] private io.github.cdiunit.internal.events.EventsForwardingExtension.processAnnotatedType(@Observes ProcessAnnotatedType<T>) receives events for all annotated types. Consider restricting events using @WithAnnotations or a generic type with bounds.
[ERROR] Aug 24, 2026 1:45:46 PM org.jboss.weld.event.ExtensionObserverMethodImpl checkRequiredTypeAnnotations
[ERROR] INFO: WELD-000411: Observer method [BackedAnnotatedMethod] io.github.cdiunit.internal.testscope.TestScopeExtension.processAnnotatedType(@Observes ProcessAnnotatedType<T>) receives events for all annotated types. Consider restricting events using @WithAnnotations or a generic type with bounds.
[ERROR] Aug 24, 2026 1:45:46 PM org.jboss.weld.event.ExtensionObserverMethodImpl checkRequiredTypeAnnotations
[ERROR] INFO: WELD-000411: Observer method [BackedAnnotatedMethod] private io.github.cdiunit.internal.events.EventsForwardingExtension.processAnnotatedType(@Observes ProcessAnnotatedType<T>) receives events for all annotated types. Consider restricting events using @WithAnnotations or a generic type with bounds.
[ERROR] Aug 24, 2026 1:45:46 PM org.jboss.weld.logging.ValidatorLogger lambda$static$6
[ERROR] WARN: WELD-001478: Interceptor class io.github.cdiunit.internal.events.ForwardingInterceptor is enabled for the application and for the bean archive org.jboss.weld.environment.deployment.WeldDeployment.synthetic. It will only be invoked in the @Priority part of the chain.
[ERROR] Aug 24, 2026 1:45:46 PM org.jboss.weld.environment.se.WeldContainer fireContainerInitializedEvent
[ERROR] INFO: WELD-ENV-002003: Weld SE container cdi-unit-1e82b900-f812-49a1-b8a0-83619aaa99ba initialized
[ERROR] Aug 24, 2026 1:45:46 PM org.jboss.weld.environment.se.WeldContainer shutdown
[ERROR] INFO: WELD-ENV-002001: Weld SE container cdi-unit-1e82b900-f812-49a1-b8a0-83619aaa99ba shut down
[ERROR] Aug 24, 2026 1:45:46 PM org.jboss.weld.bootstrap.WeldStartup startContainer
[ERROR] INFO: WELD-000101: Transactional services not available. Injection of @Inject UserTransaction not available. Transactional observers will be invoked synchronously.
[ERROR] Aug 24, 2026 1:45:46 PM org.jboss.weld.event.ExtensionObserverMethodImpl checkRequiredTypeAnnotations
[ERROR] INFO: WELD-000411: Observer method [BackedAnnotatedMethod] private io.github.cdiunit.internal.events.EventsForwardingExtension.processAnnotatedType(@Observes ProcessAnnotatedType<T>) receives events for all annotated types. Consider restricting events using @WithAnnotations or a generic type with bounds.
[ERROR] Aug 24, 2026 1:45:46 PM org.jboss.weld.event.ExtensionObserverMethodImpl checkRequiredTypeAnnotations
[ERROR] INFO: WELD-000411: Observer method [BackedAnnotatedMethod] io.github.cdiunit.internal.testscope.TestScopeExtension.processAnnotatedType(@Observes ProcessAnnotatedType<T>) receives events for all annotated types. Consider restricting events using @WithAnnotations or a generic type with bounds.
[ERROR] Aug 24, 2026 1:45:46 PM org.jboss.weld.event.ExtensionObserverMethodImpl checkRequiredTypeAnnotations
[ERROR] INFO: WELD-000411: Observer method [BackedAnnotatedMethod] private io.github.cdiunit.internal.events.EventsForwardingExtension.processAnnotatedType(@Observes ProcessAnnotatedType<T>) receives events for all annotated types. Consider restricting events using @WithAnnotations or a generic type with bounds.
[ERROR] Aug 24, 2026 1:45:46 PM org.jboss.weld.logging.ValidatorLogger lambda$static$6
[ERROR] WARN: WELD-001478: Interceptor class io.github.cdiunit.internal.events.ForwardingInterceptor is enabled for the application and for the bean archive org.jboss.weld.environment.deployment.WeldDeployment.synthetic. It will only be invoked in the @Priority part of the chain.
[ERROR] Aug 24, 2026 1:45:46 PM org.jboss.weld.environment.se.WeldContainer fireContainerInitializedEvent
[ERROR] INFO: WELD-ENV-002003: Weld SE container cdi-unit-31508639-e144-4531-9abf-169f450dd85b initialized
[ERROR] Aug 24, 2026 1:45:46 PM org.jboss.weld.environment.se.WeldContainer shutdown
[ERROR] INFO: WELD-ENV-002001: Weld SE container cdi-unit-31508639-e144-4531-9abf-169f450dd85b shut down
[ERROR] Aug 24, 2026 1:45:46 PM org.jboss.weld.bootstrap.WeldStartup startContainer
[ERROR] INFO: WELD-000101: Transactional services not available. Injection of @Inject UserTransaction not available. Transactional observers will be invoked synchronously.
[ERROR] Aug 24, 2026 1:45:46 PM org.jboss.weld.event.ExtensionObserverMethodImpl checkRequiredTypeAnnotations
[ERROR] INFO: WELD-000411: Observer method [BackedAnnotatedMethod] private io.github.cdiunit.internal.events.EventsForwardingExtension.processAnnotatedType(@Observes ProcessAnnotatedType<T>) receives events for all annotated types. Consider restricting events using @WithAnnotations or a generic type with bounds.
[ERROR] Aug 24, 2026 1:45:46 PM org.jboss.weld.event.ExtensionObserverMethodImpl checkRequiredTypeAnnotations
[ERROR] INFO: WELD-000411: Observer method [BackedAnnotatedMethod] private io.github.cdiunit.internal.events.EventsForwardingExtension.processAnnotatedType(@Observes ProcessAnnotatedType<T>) receives events for all annotated types. Consider restricting events using @WithAnnotations or a generic type with bounds.
[ERROR] Aug 24, 2026 1:45:46 PM org.jboss.weld.event.ExtensionObserverMethodImpl checkRequiredTypeAnnotations
[ERROR] INFO: WELD-000411: Observer method [BackedAnnotatedMethod] io.github.cdiunit.internal.testscope.TestScopeExtension.processAnnotatedType(@Observes ProcessAnnotatedType<T>) receives events for all annotated types. Consider restricting events using @WithAnnotations or a generic type with bounds.
[ERROR] Aug 24, 2026 1:45:46 PM org.jboss.weld.logging.ValidatorLogger lambda$static$6
[ERROR] WARN: WELD-001478: Interceptor class io.github.cdiunit.internal.events.ForwardingInterceptor is enabled for the application and for the bean archive org.jboss.weld.environment.deployment.WeldDeployment.synthetic. It will only be invoked in the @Priority part of the chain.
[ERROR] Aug 24, 2026 1:45:46 PM org.jboss.weld.environment.se.WeldContainer fireContainerInitializedEvent
[ERROR] INFO: WELD-ENV-002003: Weld SE container cdi-unit-d1cc6383-adc6-42bd-87a8-70578a528c6a initialized
[ERROR] Aug 24, 2026 1:45:46 PM org.jboss.weld.environment.se.WeldContainer shutdown
[ERROR] INFO: WELD-ENV-002001: Weld SE container cdi-unit-d1cc6383-adc6-42bd-87a8-70578a528c6a shut down
[ERROR] Aug 24, 2026 1:45:46 PM org.jboss.weld.bootstrap.WeldStartup startContainer
[ERROR] INFO: WELD-000101: Transactional services not available. Injection of @Inject UserTransaction not available. Transactional observers will be invoked synchronously.
[ERROR] Aug 24, 2026 1:45:46 PM org.jboss.weld.event.ExtensionObserverMethodImpl checkRequiredTypeAnnotations
[ERROR] INFO: WELD-000411: Observer method [BackedAnnotatedMethod] io.github.cdiunit.internal.testscope.TestScopeExtension.processAnnotatedType(@Observes ProcessAnnotatedType<T>) receives events for all annotated types. Consider restricting events using @WithAnnotations or a generic type with bounds.
[ERROR] Aug 24, 2026 1:45:46 PM org.jboss.weld.event.ExtensionObserverMethodImpl checkRequiredTypeAnnotations
[ERROR] INFO: WELD-000411: Observer method [BackedAnnotatedMethod] private io.github.cdiunit.internal.events.EventsForwardingExtension.processAnnotatedType(@Observes ProcessAnnotatedType<T>) receives events for all annotated types. Consider restricting events using @WithAnnotations or a generic type with bounds.
[ERROR] Aug 24, 2026 1:45:46 PM org.jboss.weld.event.ExtensionObserverMethodImpl checkRequiredTypeAnnotations
[ERROR] INFO: WELD-000411: Observer method [BackedAnnotatedMethod] private io.github.cdiunit.internal.events.EventsForwardingExtension.processAnnotatedType(@Observes ProcessAnnotatedType<T>) receives events for all annotated types. Consider restricting events using @WithAnnotations or a generic type with bounds.
[ERROR] Aug 24, 2026 1:45:46 PM org.jboss.weld.logging.ValidatorLogger lambda$static$6
[ERROR] WARN: WELD-001478: Interceptor class io.github.cdiunit.internal.events.ForwardingInterceptor is enabled for the application and for the bean archive org.jboss.weld.environment.deployment.WeldDeployment.synthetic. It will only be invoked in the @Priority part of the chain.
[ERROR] Aug 24, 2026 1:45:46 PM org.jboss.weld.environment.se.WeldContainer fireContainerInitializedEvent
[ERROR] INFO: WELD-ENV-002003: Weld SE container cdi-unit-93303405-d20a-45f2-910b-735492d84c2f initialized
[ERROR] Aug 24, 2026 1:45:46 PM org.jboss.weld.environment.se.WeldContainer shutdown
[ERROR] INFO: WELD-ENV-002001: Weld SE container cdi-unit-93303405-d20a-45f2-910b-735492d84c2f shut down
[INFO] [INFO] Tests run: 7, Failures: 0, Errors: 0, Skipped: 0, Time elapsed: 1.806 s -- in org.apache.wicket.cdi.CdiConfigurationTest
[INFO] [INFO] Running org.apache.wicket.cdi.ConversationPropagatorTest
[ERROR] Aug 24, 2026 1:45:46 PM org.jboss.weld.bootstrap.WeldStartup startContainer
[ERROR] INFO: WELD-000101: Transactional services not available. Injection of @Inject UserTransaction not available. Transactional observers will be invoked synchronously.
[ERROR] Aug 24, 2026 1:45:46 PM org.jboss.weld.event.ExtensionObserverMethodImpl checkRequiredTypeAnnotations
[ERROR] INFO: WELD-000411: Observer method [BackedAnnotatedMethod] private io.github.cdiunit.internal.events.EventsForwardingExtension.processAnnotatedType(@Observes ProcessAnnotatedType<T>) receives events for all annotated types. Consider restricting events using @WithAnnotations or a generic type with bounds.
[ERROR] Aug 24, 2026 1:45:46 PM org.jboss.weld.event.ExtensionObserverMethodImpl checkRequiredTypeAnnotations
[ERROR] INFO: WELD-000411: Observer method [BackedAnnotatedMethod] io.github.cdiunit.internal.testscope.TestScopeExtension.processAnnotatedType(@Observes ProcessAnnotatedType<T>) receives events for all annotated types. Consider restricting events using @WithAnnotations or a generic type with bounds.
[ERROR] Aug 24, 2026 1:45:46 PM org.jboss.weld.event.ExtensionObserverMethodImpl checkRequiredTypeAnnotations
[ERROR] INFO: WELD-000411: Observer method [BackedAnnotatedMethod] private io.github.cdiunit.internal.events.EventsForwardingExtension.processAnnotatedType(@Observes ProcessAnnotatedType<T>) receives events for all annotated types. Consider restricting events using @WithAnnotations or a generic type with bounds.
[ERROR] Aug 24, 2026 1:45:46 PM org.jboss.weld.logging.ValidatorLogger lambda$static$6
[ERROR] WARN: WELD-001478: Interceptor class io.github.cdiunit.internal.events.ForwardingInterceptor is enabled for the application and for the bean archive org.jboss.weld.environment.deployment.WeldDeployment.synthetic. It will only be invoked in the @Priority part of the chain.
[ERROR] Aug 24, 2026 1:45:46 PM org.jboss.weld.environment.se.WeldContainer fireContainerInitializedEvent
[ERROR] INFO: WELD-ENV-002003: Weld SE container cdi-unit-d4d50cee-4b08-4523-98c5-c851c03944c0 initialized
[INFO] Opened Conversion with id = 1
[ERROR] Aug 24, 2026 1:45:46 PM org.jboss.weld.environment.se.WeldContainer shutdown
[ERROR] INFO: WELD-ENV-002001: Weld SE container cdi-unit-d4d50cee-4b08-4523-98c5-c851c03944c0 shut down
[ERROR] Aug 24, 2026 1:45:47 PM org.jboss.weld.bootstrap.WeldStartup startContainer
[ERROR] INFO: WELD-000101: Transactional services not available. Injection of @Inject UserTransaction not available. Transactional observers will be invoked synchronously.
[ERROR] Aug 24, 2026 1:45:47 PM org.jboss.weld.event.ExtensionObserverMethodImpl checkRequiredTypeAnnotations
[ERROR] INFO: WELD-000411: Observer method [BackedAnnotatedMethod] private io.github.cdiunit.internal.events.EventsForwardingExtension.processAnnotatedType(@Observes ProcessAnnotatedType<T>) receives events for all annotated types. Consider restricting events using @WithAnnotations or a generic type with bounds.
[ERROR] Aug 24, 2026 1:45:47 PM org.jboss.weld.event.ExtensionObserverMethodImpl checkRequiredTypeAnnotations
[ERROR] INFO: WELD-000411: Observer method [BackedAnnotatedMethod] io.github.cdiunit.internal.testscope.TestScopeExtension.processAnnotatedType(@Observes ProcessAnnotatedType<T>) receives events for all annotated types. Consider restricting events using @WithAnnotations or a generic type with bounds.
[ERROR] Aug 24, 2026 1:45:47 PM org.jboss.weld.event.ExtensionObserverMethodImpl checkRequiredTypeAnnotations
[ERROR] INFO: WELD-000411: Observer method [BackedAnnotatedMethod] private io.github.cdiunit.internal.events.EventsForwardingExtension.processAnnotatedType(@Observes ProcessAnnotatedType<T>) receives events for all annotated types. Consider restricting events using @WithAnnotations or a generic type with bounds.
[ERROR] Aug 24, 2026 1:45:47 PM org.jboss.weld.logging.ValidatorLogger lambda$static$6
[ERROR] WARN: WELD-001478: Interceptor class io.github.cdiunit.internal.events.ForwardingInterceptor is enabled for the application and for the bean archive org.jboss.weld.environment.deployment.WeldDeployment.synthetic. It will only be invoked in the @Priority part of the chain.
[ERROR] Aug 24, 2026 1:45:47 PM org.jboss.weld.environment.se.WeldContainer fireContainerInitializedEvent
[ERROR] INFO: WELD-ENV-002003: Weld SE container cdi-unit-893b0ea6-588f-4e28-a4e1-be13d7100c99 initialized
[INFO] Opened Conversion with id = 1
[ERROR] Aug 24, 2026 1:45:47 PM org.jboss.weld.environment.se.WeldContainer shutdown
[ERROR] INFO: WELD-ENV-002001: Weld SE container cdi-unit-893b0ea6-588f-4e28-a4e1-be13d7100c99 shut down
[ERROR] Aug 24, 2026 1:45:47 PM org.jboss.weld.bootstrap.WeldStartup startContainer
[ERROR] INFO: WELD-000101: Transactional services not available. Injection of @Inject UserTransaction not available. Transactional observers will be invoked synchronously.
[ERROR] Aug 24, 2026 1:45:47 PM org.jboss.weld.event.ExtensionObserverMethodImpl checkRequiredTypeAnnotations
[ERROR] INFO: WELD-000411: Observer method [BackedAnnotatedMethod] private io.github.cdiunit.internal.events.EventsForwardingExtension.processAnnotatedType(@Observes ProcessAnnotatedType<T>) receives events for all annotated types. Consider restricting events using @WithAnnotations or a generic type with bounds.
[ERROR] Aug 24, 2026 1:45:47 PM org.jboss.weld.event.ExtensionObserverMethodImpl checkRequiredTypeAnnotations
[ERROR] INFO: WELD-000411: Observer method [BackedAnnotatedMethod] io.github.cdiunit.internal.testscope.TestScopeExtension.processAnnotatedType(@Observes ProcessAnnotatedType<T>) receives events for all annotated types. Consider restricting events using @WithAnnotations or a generic type with bounds.
[ERROR] Aug 24, 2026 1:45:47 PM org.jboss.weld.event.ExtensionObserverMethodImpl checkRequiredTypeAnnotations
[ERROR] INFO: WELD-000411: Observer method [BackedAnnotatedMethod] private io.github.cdiunit.internal.events.EventsForwardingExtension.processAnnotatedType(@Observes ProcessAnnotatedType<T>) receives events for all annotated types. Consider restricting events using @WithAnnotations or a generic type with bounds.
[ERROR] Aug 24, 2026 1:45:47 PM org.jboss.weld.logging.ValidatorLogger lambda$static$6
[ERROR] WARN: WELD-001478: Interceptor class io.github.cdiunit.internal.events.ForwardingInterceptor is enabled for the application and for the bean archive org.jboss.weld.environment.deployment.WeldDeployment.synthetic. It will only be invoked in the @Priority part of the chain.
[ERROR] Aug 24, 2026 1:45:47 PM org.jboss.weld.environment.se.WeldContainer fireContainerInitializedEvent
[ERROR] INFO: WELD-ENV-002003: Weld SE container cdi-unit-ca18ded5-1ec9-42a2-9d9a-538660c2231c initialized
[INFO] Opened Conversion with id = 1
[ERROR] Aug 24, 2026 1:45:47 PM org.jboss.weld.environment.se.WeldContainer shutdown
[ERROR] INFO: WELD-ENV-002001: Weld SE container cdi-unit-ca18ded5-1ec9-42a2-9d9a-538660c2231c shut down
[ERROR] Aug 24, 2026 1:45:47 PM org.jboss.weld.bootstrap.WeldStartup startContainer
[ERROR] INFO: WELD-000101: Transactional services not available. Injection of @Inject UserTransaction not available. Transactional observers will be invoked synchronously.
[ERROR] Aug 24, 2026 1:45:47 PM org.jboss.weld.event.ExtensionObserverMethodImpl checkRequiredTypeAnnotations
[ERROR] INFO: WELD-000411: Observer method [BackedAnnotatedMethod] private io.github.cdiunit.internal.events.EventsForwardingExtension.processAnnotatedType(@Observes ProcessAnnotatedType<T>) receives events for all annotated types. Consider restricting events using @WithAnnotations or a generic type with bounds.
[ERROR] Aug 24, 2026 1:45:47 PM org.jboss.weld.event.ExtensionObserverMethodImpl checkRequiredTypeAnnotations
[ERROR] INFO: WELD-000411: Observer method [BackedAnnotatedMethod] io.github.cdiunit.internal.testscope.TestScopeExtension.processAnnotatedType(@Observes ProcessAnnotatedType<T>) receives events for all annotated types. Consider restricting events using @WithAnnotations or a generic type with bounds.
[ERROR] Aug 24, 2026 1:45:47 PM org.jboss.weld.event.ExtensionObserverMethodImpl checkRequiredTypeAnnotations
[ERROR] INFO: WELD-000411: Observer method [BackedAnnotatedMethod] private io.github.cdiunit.internal.events.EventsForwardingExtension.processAnnotatedType(@Observes ProcessAnnotatedType<T>) receives events for all annotated types. Consider restricting events using @WithAnnotations or a generic type with bounds.
[ERROR] Aug 24, 2026 1:45:47 PM org.jboss.weld.logging.ValidatorLogger lambda$static$6
[ERROR] WARN: WELD-001478: Interceptor class io.github.cdiunit.internal.events.ForwardingInterceptor is enabled for the application and for the bean archive org.jboss.weld.environment.deployment.WeldDeployment.synthetic. It will only be invoked in the @Priority part of the chain.
[ERROR] Aug 24, 2026 1:45:47 PM org.jboss.weld.environment.se.WeldContainer fireContainerInitializedEvent
[ERROR] INFO: WELD-ENV-002003: Weld SE container cdi-unit-1cd87399-dcb1-4c71-af52-0cfa6b4c4d63 initialized
[ERROR] Aug 24, 2026 1:45:47 PM org.jboss.weld.environment.se.WeldContainer shutdown
[ERROR] INFO: WELD-ENV-002001: Weld SE container cdi-unit-1cd87399-dcb1-4c71-af52-0cfa6b4c4d63 shut down
[ERROR] Aug 24, 2026 1:45:47 PM org.jboss.weld.bootstrap.WeldStartup startContainer
[ERROR] INFO: WELD-000101: Transactional services not available. Injection of @Inject UserTransaction not available. Transactional observers will be invoked synchronously.
[ERROR] Aug 24, 2026 1:45:47 PM org.jboss.weld.event.ExtensionObserverMethodImpl checkRequiredTypeAnnotations
[ERROR] INFO: WELD-000411: Observer method [BackedAnnotatedMethod] private io.github.cdiunit.internal.events.EventsForwardingExtension.processAnnotatedType(@Observes ProcessAnnotatedType<T>) receives events for all annotated types. Consider restricting events using @WithAnnotations or a generic type with bounds.
[ERROR] Aug 24, 2026 1:45:47 PM org.jboss.weld.event.ExtensionObserverMethodImpl checkRequiredTypeAnnotations
[ERROR] INFO: WELD-000411: Observer method [BackedAnnotatedMethod] io.github.cdiunit.internal.testscope.TestScopeExtension.processAnnotatedType(@Observes ProcessAnnotatedType<T>) receives events for all annotated types. Consider restricting events using @WithAnnotations or a generic type with bounds.
[ERROR] Aug 24, 2026 1:45:47 PM org.jboss.weld.event.ExtensionObserverMethodImpl checkRequiredTypeAnnotations
[ERROR] INFO: WELD-000411: Observer method [BackedAnnotatedMethod] private io.github.cdiunit.internal.events.EventsForwardingExtension.processAnnotatedType(@Observes ProcessAnnotatedType<T>) receives events for all annotated types. Consider restricting events using @WithAnnotations or a generic type with bounds.
[ERROR] Aug 24, 2026 1:45:47 PM org.jboss.weld.logging.ValidatorLogger lambda$static$6
[ERROR] WARN: WELD-001478: Interceptor class io.github.cdiunit.internal.events.ForwardingInterceptor is enabled for the application and for the bean archive org.jboss.weld.environment.deployment.WeldDeployment.synthetic. It will only be invoked in the @Priority part of the chain.
[ERROR] Aug 24, 2026 1:45:47 PM org.jboss.weld.environment.se.WeldContainer fireContainerInitializedEvent
[ERROR] INFO: WELD-ENV-002003: Weld SE container cdi-unit-a04dca14-c7e9-4884-b4db-614d4604d2d5 initialized
[INFO] Opened Conversion with id = 1
[ERROR] Aug 24, 2026 1:45:47 PM org.jboss.weld.environment.se.WeldContainer shutdown
[ERROR] INFO: WELD-ENV-002001: Weld SE container cdi-unit-a04dca14-c7e9-4884-b4db-614d4604d2d5 shut down
[ERROR] Aug 24, 2026 1:45:47 PM org.jboss.weld.bootstrap.WeldStartup startContainer
[ERROR] INFO: WELD-000101: Transactional services not available. Injection of @Inject UserTransaction not available. Transactional observers will be invoked synchronously.
[ERROR] Aug 24, 2026 1:45:47 PM org.jboss.weld.event.ExtensionObserverMethodImpl checkRequiredTypeAnnotations
[ERROR] INFO: WELD-000411: Observer method [BackedAnnotatedMethod] private io.github.cdiunit.internal.events.EventsForwardingExtension.processAnnotatedType(@Observes ProcessAnnotatedType<T>) receives events for all annotated types. Consider restricting events using @WithAnnotations or a generic type with bounds.
[ERROR] Aug 24, 2026 1:45:47 PM org.jboss.weld.event.ExtensionObserverMethodImpl checkRequiredTypeAnnotations
[ERROR] INFO: WELD-000411: Observer method [BackedAnnotatedMethod] io.github.cdiunit.internal.testscope.TestScopeExtension.processAnnotatedType(@Observes ProcessAnnotatedType<T>) receives events for all annotated types. Consider restricting events using @WithAnnotations or a generic type with bounds.
[ERROR] Aug 24, 2026 1:45:47 PM org.jboss.weld.event.ExtensionObserverMethodImpl checkRequiredTypeAnnotations
[ERROR] INFO: WELD-000411: Observer method [BackedAnnotatedMethod] private io.github.cdiunit.internal.events.EventsForwardingExtension.processAnnotatedType(@Observes ProcessAnnotatedType<T>) receives events for all annotated types. Consider restricting events using @WithAnnotations or a generic type with bounds.
[ERROR] Aug 24, 2026 1:45:47 PM org.jboss.weld.logging.ValidatorLogger lambda$static$6
[ERROR] WARN: WELD-001478: Interceptor class io.github.cdiunit.internal.events.ForwardingInterceptor is enabled for the application and for the bean archive org.jboss.weld.environment.deployment.WeldDeployment.synthetic. It will only be invoked in the @Priority part of the chain.
[ERROR] Aug 24, 2026 1:45:47 PM org.jboss.weld.environment.se.WeldContainer fireContainerInitializedEvent
[ERROR] INFO: WELD-ENV-002003: Weld SE container cdi-unit-f8df414d-9ae6-40b5-9d57-864cadc9bacf initialized
[ERROR] Aug 24, 2026 1:45:47 PM org.jboss.weld.environment.se.WeldContainer shutdown
[ERROR] INFO: WELD-ENV-002001: Weld SE container cdi-unit-f8df414d-9ae6-40b5-9d57-864cadc9bacf shut down
[ERROR] Aug 24, 2026 1:45:47 PM org.jboss.weld.bootstrap.WeldStartup startContainer
[ERROR] INFO: WELD-000101: Transactional services not available. Injection of @Inject UserTransaction not available. Transactional observers will be invoked synchronously.
[ERROR] Aug 24, 2026 1:45:47 PM org.jboss.weld.event.ExtensionObserverMethodImpl checkRequiredTypeAnnotations
[ERROR] INFO: WELD-000411: Observer method [BackedAnnotatedMethod] private io.github.cdiunit.internal.events.EventsForwardingExtension.processAnnotatedType(@Observes ProcessAnnotatedType<T>) receives events for all annotated types. Consider restricting events using @WithAnnotations or a generic type with bounds.
[ERROR] Aug 24, 2026 1:45:47 PM org.jboss.weld.event.ExtensionObserverMethodImpl checkRequiredTypeAnnotations
[ERROR] INFO: WELD-000411: Observer method [BackedAnnotatedMethod] private io.github.cdiunit.internal.events.EventsForwardingExtension.processAnnotatedType(@Observes ProcessAnnotatedType<T>) receives events for all annotated types. Consider restricting events using @WithAnnotations or a generic type with bounds.
[ERROR] Aug 24, 2026 1:45:47 PM org.jboss.weld.event.ExtensionObserverMethodImpl checkRequiredTypeAnnotations
[ERROR] INFO: WELD-000411: Observer method [BackedAnnotatedMethod] io.github.cdiunit.internal.testscope.TestScopeExtension.processAnnotatedType(@Observes ProcessAnnotatedType<T>) receives events for all annotated types. Consider restricting events using @WithAnnotations or a generic type with bounds.
[ERROR] Aug 24, 2026 1:45:47 PM org.jboss.weld.logging.ValidatorLogger lambda$static$6
[ERROR] WARN: WELD-001478: Interceptor class io.github.cdiunit.internal.events.ForwardingInterceptor is enabled for the application and for the bean archive org.jboss.weld.environment.deployment.WeldDeployment.synthetic. It will only be invoked in the @Priority part of the chain.
[ERROR] Aug 24, 2026 1:45:47 PM org.jboss.weld.environment.se.WeldContainer fireContainerInitializedEvent
[ERROR] INFO: WELD-ENV-002003: Weld SE container cdi-unit-04d54bf8-aa31-40d6-a10f-7da8189ff2ee initialized
[INFO] Opened Conversion with id = 1
[ERROR] Aug 24, 2026 1:45:47 PM org.jboss.weld.environment.se.WeldContainer shutdown
[ERROR] INFO: WELD-ENV-002001: Weld SE container cdi-unit-04d54bf8-aa31-40d6-a10f-7da8189ff2ee shut down
[ERROR] Aug 24, 2026 1:45:47 PM org.jboss.weld.bootstrap.WeldStartup startContainer
[ERROR] INFO: WELD-000101: Transactional services not available. Injection of @Inject UserTransaction not available. Transactional observers will be invoked synchronously.
[ERROR] Aug 24, 2026 1:45:47 PM org.jboss.weld.event.ExtensionObserverMethodImpl checkRequiredTypeAnnotations
[ERROR] INFO: WELD-000411: Observer method [BackedAnnotatedMethod] io.github.cdiunit.internal.testscope.TestScopeExtension.processAnnotatedType(@Observes ProcessAnnotatedType<T>) receives events for all annotated types. Consider restricting events using @WithAnnotations or a generic type with bounds.
[ERROR] Aug 24, 2026 1:45:47 PM org.jboss.weld.event.ExtensionObserverMethodImpl checkRequiredTypeAnnotations
[ERROR] INFO: WELD-000411: Observer method [BackedAnnotatedMethod] private io.github.cdiunit.internal.events.EventsForwardingExtension.processAnnotatedType(@Observes ProcessAnnotatedType<T>) receives events for all annotated types. Consider restricting events using @WithAnnotations or a generic type with bounds.
[ERROR] Aug 24, 2026 1:45:47 PM org.jboss.weld.event.ExtensionObserverMethodImpl checkRequiredTypeAnnotations
[ERROR] INFO: WELD-000411: Observer method [BackedAnnotatedMethod] private io.github.cdiunit.internal.events.EventsForwardingExtension.processAnnotatedType(@Observes ProcessAnnotatedType<T>) receives events for all annotated types. Consider restricting events using @WithAnnotations or a generic type with bounds.
[ERROR] Aug 24, 2026 1:45:47 PM org.jboss.weld.logging.ValidatorLogger lambda$static$6
[ERROR] WARN: WELD-001478: Interceptor class io.github.cdiunit.internal.events.ForwardingInterceptor is enabled for the application and for the bean archive org.jboss.weld.environment.deployment.WeldDeployment.synthetic. It will only be invoked in the @Priority part of the chain.
[ERROR] Aug 24, 2026 1:45:47 PM org.jboss.weld.environment.se.WeldContainer fireContainerInitializedEvent
[ERROR] INFO: WELD-ENV-002003: Weld SE container cdi-unit-8196a865-0c20-4883-9336-f2152eaf85e7 initialized
[INFO] Opened Conversion with id = 1
[ERROR] Aug 24, 2026 1:45:47 PM org.jboss.weld.environment.se.WeldContainer shutdown
[ERROR] INFO: WELD-ENV-002001: Weld SE container cdi-unit-8196a865-0c20-4883-9336-f2152eaf85e7 shut down
[INFO] [INFO] Tests run: 8, Failures: 0, Errors: 0, Skipped: 0, Time elapsed: 0.731 s -- in org.apache.wicket.cdi.ConversationPropagatorTest
[INFO] [INFO] Running org.apache.wicket.cdi.ApacheLicenceHeaderTest
[INFO] [INFO] Tests run: 1, Failures: 0, Errors: 0, Skipped: 0, Time elapsed: 0.021 s -- in org.apache.wicket.cdi.ApacheLicenceHeaderTest
[INFO] [INFO] 
[INFO] [INFO] Results:
[INFO] [INFO] 
[INFO] [INFO] Tests run: 16, Failures: 0, Errors: 0, Skipped: 0
[INFO] [INFO] 
[INFO] [INFO] 
[INFO] [INFO] --- jar:3.5.0:jar (default-jar) @ wicket-cdi-tests ---
[INFO] [INFO] Set Build-Jdk-Spec based on toolchain in maven-jar-plugin JDK[/usr/lib/jvm/temurin-17-jdk-amd64/]
[INFO] [INFO] Building jar: /home/andrea/WicketBuild/wicket-10.x/target/checkout/wicket-cdi-tests/target/wicket-cdi-tests-10.11.0.jar
[INFO] [INFO] 
[INFO] [INFO] --- assembly:3.7.1:single (source-release-assembly) @ wicket-cdi-tests ---
[INFO] [INFO] Skipping the assembly in this project because it's not the Execution Root
[INFO] [INFO] 
[INFO] [INFO] --- source:3.4.0:jar-no-fork (attach-sources) @ wicket-cdi-tests ---
[INFO] [INFO] Building jar: /home/andrea/WicketBuild/wicket-10.x/target/checkout/wicket-cdi-tests/target/wicket-cdi-tests-10.11.0-sources.jar
[INFO] [INFO] 
[INFO] [INFO] --- javadoc:3.12.0:jar (attach-javadocs) @ wicket-cdi-tests ---
[INFO] [INFO] No Javadoc in project. Archive not created.
[INFO] [INFO] 
[INFO] [INFO] --- checksum:1.11:artifacts (source-release-checksum) @ wicket-cdi-tests ---
[INFO] [INFO] 
[INFO] [INFO] --- japicmp:0.25.4:cmp (default) @ wicket-cdi-tests ---
[INFO] [INFO] japicmp skipped.
[INFO] [INFO] 
[INFO] [INFO] --- gpg:3.2.8:sign (sign-release-artifacts) @ wicket-cdi-tests ---
[INFO] [INFO] Signer 'gpg' is signing 3 files with key default
[INFO] gpg: using "0xD1AE986470B5A49C3E6A27B2878F01FAA8D356E1" as default secret key for signing
[INFO] gpg: using "0xD1AE986470B5A49C3E6A27B2878F01FAA8D356E1" as default secret key for signing
[INFO] gpg: using "0xD1AE986470B5A49C3E6A27B2878F01FAA8D356E1" as default secret key for signing
[INFO] [INFO] 
[INFO] [INFO] --- install:3.1.4:install (default-install) @ wicket-cdi-tests ---
[INFO] [INFO] Installing /home/andrea/WicketBuild/wicket-10.x/target/checkout/wicket-cdi-tests/pom.xml to /home/andrea/.m2/repository/org/apache/wicket/wicket-cdi-tests/10.11.0/wicket-cdi-tests-10.11.0.pom
[INFO] [INFO] Installing /home/andrea/WicketBuild/wicket-10.x/target/checkout/wicket-cdi-tests/target/wicket-cdi-tests-10.11.0.jar to /home/andrea/.m2/repository/org/apache/wicket/wicket-cdi-tests/10.11.0/wicket-cdi-tests-10.11.0.jar
[INFO] [INFO] Installing /home/andrea/WicketBuild/wicket-10.x/target/checkout/wicket-cdi-tests/target/wicket-cdi-tests-10.11.0-sources.jar to /home/andrea/.m2/repository/org/apache/wicket/wicket-cdi-tests/10.11.0/wicket-cdi-tests-10.11.0-sources.jar
[INFO] [INFO] Installing /home/andrea/WicketBuild/wicket-10.x/target/checkout/wicket-cdi-tests/target/wicket-cdi-tests-10.11.0.jar.asc to /home/andrea/.m2/repository/org/apache/wicket/wicket-cdi-tests/10.11.0/wicket-cdi-tests-10.11.0.jar.asc
[INFO] [INFO] Installing /home/andrea/WicketBuild/wicket-10.x/target/checkout/wicket-cdi-tests/target/wicket-cdi-tests-10.11.0.pom.asc to /home/andrea/.m2/repository/org/apache/wicket/wicket-cdi-tests/10.11.0/wicket-cdi-tests-10.11.0.pom.asc
[INFO] [INFO] Installing /home/andrea/WicketBuild/wicket-10.x/target/checkout/wicket-cdi-tests/target/wicket-cdi-tests-10.11.0-sources.jar.asc to /home/andrea/.m2/repository/org/apache/wicket/wicket-cdi-tests/10.11.0/wicket-cdi-tests-10.11.0-sources.jar.asc
[INFO] [INFO] 
[INFO] [INFO] --- gpg:3.2.8:sign (sign-artifacts) @ wicket-cdi-tests ---
[INFO] [INFO] Signer 'gpg' is signing 3 files with key default
[INFO] gpg: using "0xD1AE986470B5A49C3E6A27B2878F01FAA8D356E1" as default secret key for signing
[INFO] [WARNING] artifact org.apache.wicket:wicket-cdi-tests:jar.asc:10.11.0 already attached, replace previous instance
[INFO] gpg: using "0xD1AE986470B5A49C3E6A27B2878F01FAA8D356E1" as default secret key for signing
[INFO] [WARNING] artifact org.apache.wicket:wicket-cdi-tests:pom.asc:10.11.0 already attached, replace previous instance
[INFO] gpg: using "0xD1AE986470B5A49C3E6A27B2878F01FAA8D356E1" as default secret key for signing
[INFO] [WARNING] artifact org.apache.wicket:wicket-cdi-tests:jar.asc:sources:10.11.0 already attached, replace previous instance
[INFO] [INFO] 
[INFO] [INFO] --- deploy:3.1.4:deploy (default-deploy) @ wicket-cdi-tests ---
[INFO] [INFO] Skipping artifact deployment
[INFO] [INFO] 
[INFO] [INFO] ------------------< org.apache.wicket:wicket-spring >-------------------
[INFO] [INFO] Building Wicket Spring Integration 10.11.0                       [13/32]
[INFO] [INFO]   from wicket-spring/pom.xml
[INFO] [INFO] --------------------------------[ jar ]---------------------------------
[INFO] [INFO] 
[INFO] [INFO] --- enforcer:3.6.2:enforce (enforce-maven) @ wicket-spring ---
[INFO] [INFO] Rule 1: org.apache.maven.enforcer.rules.dependency.DependencyConvergence passed
[INFO] [INFO] Rule 2: com.github.ferstl.maven.pomenforcers.CompoundPedanticEnforcer(compound) passed
[INFO] [INFO] 
[INFO] [INFO] --- enforcer:3.6.2:enforce (enforce-maven-version) @ wicket-spring ---
[INFO] [INFO] Rule 1: org.apache.maven.enforcer.rules.dependency.DependencyConvergence passed
[INFO] [INFO] Rule 2: com.github.ferstl.maven.pomenforcers.CompoundPedanticEnforcer(compound) passed
[INFO] [INFO] 
[INFO] [INFO] --- enforcer:3.6.2:enforce (enforce-java-version) @ wicket-spring ---
[INFO] [INFO] Rule 1: org.apache.maven.enforcer.rules.dependency.DependencyConvergence passed
[INFO] [INFO] Rule 2: com.github.ferstl.maven.pomenforcers.CompoundPedanticEnforcer(compound) passed
[INFO] [INFO] 
[INFO] [INFO] --- toolchains:3.2.0:toolchain (default) @ wicket-spring ---
[INFO] [INFO] Required toolchain: jdk [ version='17' ]
[INFO] [INFO] Found matching toolchain for type jdk: JDK[/usr/lib/jvm/temurin-17-jdk-amd64/]
[INFO] [INFO] 
[INFO] [INFO] --- remote-resources:3.3.0:process (default) @ wicket-spring ---
[INFO] [INFO] Preparing remote bundle org.apache:apache-jar-resource-bundle:1.4
[INFO] [INFO] Copying 3 resources from 1 bundle.
[INFO] [INFO] 
[INFO] [INFO] --- remote-resources:3.3.0:process (process-resource-bundles) @ wicket-spring ---
[INFO] [INFO] Preparing remote bundle org.apache.apache.resources:apache-jar-resource-bundle:1.7
[INFO] [INFO] Copying 3 resources from 1 bundle.
[INFO] [INFO] 
[INFO] [INFO] --- resources:3.4.0:resources (default-resources) @ wicket-spring ---
[INFO] [INFO] Copying 0 resource from src/main/java to target/classes
[INFO] [INFO] skip non existing resourceDirectory /home/andrea/WicketBuild/wicket-10.x/target/checkout/wicket-spring/src/main/resources
[INFO] [INFO] skip non existing resourceDirectory /home/andrea/WicketBuild/wicket-10.x/target/checkout/wicket-spring/target/generated-res
[INFO] [INFO] Copying 3 resources from target/maven-shared-archive-resources to target/classes
[INFO] [INFO] Copying 3 resources from target/maven-shared-archive-resources to target/classes
[INFO] [INFO] 
[INFO] [INFO] --- compiler:3.14.1:compile (default-compile) @ wicket-spring ---
[INFO] [INFO] Toolchain in maven-compiler-plugin: JDK[/usr/lib/jvm/temurin-17-jdk-amd64/]
[INFO] [INFO] Recompiling the module because of changed dependency.
[INFO] [INFO] Compiling 11 source files with javac [forked debug deprecation release 17 module-path] to target/classes
[INFO] [INFO] JDK-8318913 workaround: patched module-info.class requires version from [17.0.20.1] to [17] on 1 JDK modules [java.base]
[INFO] [INFO] 
[INFO] [INFO] --- bundle:6.0.0:manifest (default-bundle) @ wicket-spring ---
[INFO] [INFO] No MANIFEST.MF file found, generating manifest.
[INFO] [WARNING] Manifest org.apache.wicket:wicket-spring:jar:10.11.0 : Unused Import-Package instructions: [org.slf4j*] 
[INFO] [INFO] Writing manifest: /home/andrea/WicketBuild/wicket-10.x/target/checkout/wicket-spring/target/classes/META-INF/MANIFEST.MF
[INFO] [INFO] 
[INFO] [INFO] --- resources:3.4.0:testResources (default-testResources) @ wicket-spring ---
[INFO] [INFO] Copying 1 resource from src/test/java to target/test-classes
[INFO] [INFO] Copying 3 resources from target/maven-shared-archive-resources to target/test-classes
[INFO] [INFO] Copying 3 resources from target/maven-shared-archive-resources to target/test-classes
[INFO] [INFO] 
[INFO] [INFO] --- compiler:3.14.1:testCompile (default-testCompile) @ wicket-spring ---
[INFO] [INFO] Toolchain in maven-compiler-plugin: JDK[/usr/lib/jvm/temurin-17-jdk-amd64/]
[INFO] [INFO] Recompiling the module because of changed dependency.
[INFO] [INFO] Compiling 10 source files with javac [forked debug deprecation release 17 module-path] to target/test-classes
[INFO] [INFO] 
[INFO] [INFO] --- surefire:3.5.4:test (default-test) @ wicket-spring ---
[INFO] [INFO] Toolchain in maven-surefire-plugin: JDK[/usr/lib/jvm/temurin-17-jdk-amd64/]
[INFO] [INFO] Using auto detected provider org.apache.maven.surefire.junitplatform.JUnitPlatformProvider
[INFO] [INFO] 
[INFO] [INFO] -------------------------------------------------------
[INFO] [INFO]  T E S T S
[INFO] [INFO] -------------------------------------------------------
[ERROR] WARNING: Using incubator modules: jdk.incubator.vector, jdk.incubator.foreign
[INFO] [INFO] Running org.apache.wicket.spring.SpringBeanLocatorTest
[ERROR] SLF4J(W): No SLF4J providers were found.
[ERROR] SLF4J(W): Defaulting to no-operation (NOP) logger implementation
[ERROR] SLF4J(W): See https://www.slf4j.org/codes.html#noProviders for further details.
[INFO] [INFO] Tests run: 10, Failures: 0, Errors: 0, Skipped: 0, Time elapsed: 0.191 s -- in org.apache.wicket.spring.SpringBeanLocatorTest
[INFO] [INFO] Running org.apache.wicket.spring.FieldBeansCollectorTest
[INFO] [INFO] Tests run: 2, Failures: 0, Errors: 0, Skipped: 0, Time elapsed: 0.011 s -- in org.apache.wicket.spring.FieldBeansCollectorTest
[INFO] [INFO] Running org.apache.wicket.spring.SpringWebApplicationFactoryTest
[ERROR] ********************************************************************
[ERROR] *** WARNING: Wicket is running in DEVELOPMENT mode.              ***
[ERROR] ***                               ^^^^^^^^^^^                    ***
[ERROR] *** Do NOT deploy to your live server(s) without changing this.  ***
[ERROR] *** See Application#getConfigurationType() for more information. ***
[ERROR] ********************************************************************
[INFO] [INFO] Tests run: 1, Failures: 0, Errors: 0, Skipped: 0, Time elapsed: 0.193 s -- in org.apache.wicket.spring.SpringWebApplicationFactoryTest
[INFO] [INFO] Running org.apache.wicket.spring.util.license.ApacheLicenceHeaderTest
[INFO] [INFO] Tests run: 1, Failures: 0, Errors: 0, Skipped: 0, Time elapsed: 0.017 s -- in org.apache.wicket.spring.util.license.ApacheLicenceHeaderTest
[INFO] [INFO] Running org.apache.wicket.spring.injection.bytebuddy.ParallelInjectionTest
[ERROR] OpenJDK 64-Bit Server VM warning: Sharing is only supported for boot loader classes because bootstrap classpath has been appended
[INFO] [INFO] Tests run: 2, Failures: 0, Errors: 0, Skipped: 0, Time elapsed: 0.691 s -- in org.apache.wicket.spring.injection.bytebuddy.ParallelInjectionTest
[INFO] [INFO] Running org.apache.wicket.spring.injection.annot.SpringBeanTest
[INFO] [INFO] Tests run: 4, Failures: 0, Errors: 0, Skipped: 0, Time elapsed: 0.098 s -- in org.apache.wicket.spring.injection.annot.SpringBeanTest
[INFO] [INFO] Running org.apache.wicket.spring.injection.annot.SpringBeanWithGenericsTest
[INFO] [INFO] Tests run: 8, Failures: 0, Errors: 0, Skipped: 0, Time elapsed: 0.304 s -- in org.apache.wicket.spring.injection.annot.SpringBeanWithGenericsTest
[INFO] [INFO] Running org.apache.wicket.spring.injection.annot.AnnotProxyFieldValueFactoryTest
[INFO] [INFO] Tests run: 26, Failures: 0, Errors: 0, Skipped: 0, Time elapsed: 0.068 s -- in org.apache.wicket.spring.injection.annot.AnnotProxyFieldValueFactoryTest
[INFO] [INFO] 
[INFO] [INFO] Results:
[INFO] [INFO] 
[INFO] [INFO] Tests run: 54, Failures: 0, Errors: 0, Skipped: 0
[INFO] [INFO] 
[INFO] [INFO] 
[INFO] [INFO] --- jar:3.5.0:jar (default-jar) @ wicket-spring ---
[INFO] [INFO] Set Build-Jdk-Spec based on toolchain in maven-jar-plugin JDK[/usr/lib/jvm/temurin-17-jdk-amd64/]
[INFO] [INFO] Building jar: /home/andrea/WicketBuild/wicket-10.x/target/checkout/wicket-spring/target/wicket-spring-10.11.0.jar
[INFO] [INFO] 
[INFO] [INFO] --- assembly:3.7.1:single (source-release-assembly) @ wicket-spring ---
[INFO] [INFO] Skipping the assembly in this project because it's not the Execution Root
[INFO] [INFO] 
[INFO] [INFO] --- source:3.4.0:jar-no-fork (attach-sources) @ wicket-spring ---
[INFO] [INFO] Building jar: /home/andrea/WicketBuild/wicket-10.x/target/checkout/wicket-spring/target/wicket-spring-10.11.0-sources.jar
[INFO] [INFO] 
[INFO] [INFO] --- javadoc:3.12.0:jar (attach-javadocs) @ wicket-spring ---
[INFO] [INFO] Toolchain in maven-javadoc-plugin: JDK[/usr/lib/jvm/temurin-17-jdk-amd64/]
[INFO] [INFO] Building jar: /home/andrea/WicketBuild/wicket-10.x/target/checkout/wicket-spring/target/wicket-spring-10.11.0-javadoc.jar
[INFO] [INFO] 
[INFO] [INFO] --- checksum:1.11:artifacts (source-release-checksum) @ wicket-spring ---
[INFO] [INFO] 
[INFO] [INFO] --- japicmp:0.25.4:cmp (default) @ wicket-spring ---
[INFO] [INFO] Written file '/home/andrea/WicketBuild/wicket-10.x/target/checkout/wicket-spring/target/japicmp/japicmp.diff'.
[INFO] [INFO] Written file '/home/andrea/WicketBuild/wicket-10.x/target/checkout/wicket-spring/target/japicmp/japicmp.md'.
[INFO] [INFO] 
[INFO] [INFO] --- gpg:3.2.8:sign (sign-release-artifacts) @ wicket-spring ---
[INFO] [INFO] Signer 'gpg' is signing 4 files with key default
[INFO] gpg: using "0xD1AE986470B5A49C3E6A27B2878F01FAA8D356E1" as default secret key for signing
[INFO] gpg: using "0xD1AE986470B5A49C3E6A27B2878F01FAA8D356E1" as default secret key for signing
[INFO] gpg: using "0xD1AE986470B5A49C3E6A27B2878F01FAA8D356E1" as default secret key for signing
[INFO] gpg: using "0xD1AE986470B5A49C3E6A27B2878F01FAA8D356E1" as default secret key for signing
[INFO] [INFO] 
[INFO] [INFO] --- install:3.1.4:install (default-install) @ wicket-spring ---
[INFO] [INFO] Installing /home/andrea/WicketBuild/wicket-10.x/target/checkout/wicket-spring/pom.xml to /home/andrea/.m2/repository/org/apache/wicket/wicket-spring/10.11.0/wicket-spring-10.11.0.pom
[INFO] [INFO] Installing /home/andrea/WicketBuild/wicket-10.x/target/checkout/wicket-spring/target/wicket-spring-10.11.0.jar to /home/andrea/.m2/repository/org/apache/wicket/wicket-spring/10.11.0/wicket-spring-10.11.0.jar
[INFO] [INFO] Installing /home/andrea/WicketBuild/wicket-10.x/target/checkout/wicket-spring/target/wicket-spring-10.11.0-sources.jar to /home/andrea/.m2/repository/org/apache/wicket/wicket-spring/10.11.0/wicket-spring-10.11.0-sources.jar
[INFO] [INFO] Installing /home/andrea/WicketBuild/wicket-10.x/target/checkout/wicket-spring/target/wicket-spring-10.11.0-javadoc.jar to /home/andrea/.m2/repository/org/apache/wicket/wicket-spring/10.11.0/wicket-spring-10.11.0-javadoc.jar
[INFO] [INFO] Installing /home/andrea/WicketBuild/wicket-10.x/target/checkout/wicket-spring/target/wicket-spring-10.11.0.jar.asc to /home/andrea/.m2/repository/org/apache/wicket/wicket-spring/10.11.0/wicket-spring-10.11.0.jar.asc
[INFO] [INFO] Installing /home/andrea/WicketBuild/wicket-10.x/target/checkout/wicket-spring/target/wicket-spring-10.11.0.pom.asc to /home/andrea/.m2/repository/org/apache/wicket/wicket-spring/10.11.0/wicket-spring-10.11.0.pom.asc
[INFO] [INFO] Installing /home/andrea/WicketBuild/wicket-10.x/target/checkout/wicket-spring/target/wicket-spring-10.11.0-sources.jar.asc to /home/andrea/.m2/repository/org/apache/wicket/wicket-spring/10.11.0/wicket-spring-10.11.0-sources.jar.asc
[INFO] [INFO] Installing /home/andrea/WicketBuild/wicket-10.x/target/checkout/wicket-spring/target/wicket-spring-10.11.0-javadoc.jar.asc to /home/andrea/.m2/repository/org/apache/wicket/wicket-spring/10.11.0/wicket-spring-10.11.0-javadoc.jar.asc
[INFO] [INFO] 
[INFO] [INFO] --- gpg:3.2.8:sign (sign-artifacts) @ wicket-spring ---
[INFO] [INFO] Signer 'gpg' is signing 4 files with key default
[INFO] gpg: using "0xD1AE986470B5A49C3E6A27B2878F01FAA8D356E1" as default secret key for signing
[INFO] [WARNING] artifact org.apache.wicket:wicket-spring:jar.asc:10.11.0 already attached, replace previous instance
[INFO] gpg: using "0xD1AE986470B5A49C3E6A27B2878F01FAA8D356E1" as default secret key for signing
[INFO] [WARNING] artifact org.apache.wicket:wicket-spring:pom.asc:10.11.0 already attached, replace previous instance
[INFO] gpg: using "0xD1AE986470B5A49C3E6A27B2878F01FAA8D356E1" as default secret key for signing
[INFO] [WARNING] artifact org.apache.wicket:wicket-spring:jar.asc:sources:10.11.0 already attached, replace previous instance
[INFO] gpg: using "0xD1AE986470B5A49C3E6A27B2878F01FAA8D356E1" as default secret key for signing
[INFO] [WARNING] artifact org.apache.wicket:wicket-spring:jar.asc:javadoc:10.11.0 already attached, replace previous instance
[INFO] [INFO] 
[INFO] [INFO] --- deploy:3.1.4:deploy (default-deploy) @ wicket-spring ---
[INFO] Uploading to apache.releases.https: https://repository.apache.org/service/local/staging/deploy/maven2/org/apache/wicket/wicket-spring/10.11.0/wicket-spring-10.11.0.pom
[INFO] Progress (1): 2.5 kB
[INFO]                     
[INFO] Uploaded to apache.releases.https: https://repository.apache.org/service/local/staging/deploy/maven2/org/apache/wicket/wicket-spring/10.11.0/wicket-spring-10.11.0.pom (2.5 kB at 4.6 kB/s)
[INFO] Uploading to apache.releases.https: https://repository.apache.org/service/local/staging/deploy/maven2/org/apache/wicket/wicket-spring/10.11.0/wicket-spring-10.11.0.jar
[INFO] Uploading to apache.releases.https: https://repository.apache.org/service/local/staging/deploy/maven2/org/apache/wicket/wicket-spring/10.11.0/wicket-spring-10.11.0-sources.jar
[INFO] Uploading to apache.releases.https: https://repository.apache.org/service/local/staging/deploy/maven2/org/apache/wicket/wicket-spring/10.11.0/wicket-spring-10.11.0-javadoc.jar
[INFO] Uploading to apache.releases.https: https://repository.apache.org/service/local/staging/deploy/maven2/org/apache/wicket/wicket-spring/10.11.0/wicket-spring-10.11.0.jar.asc
[INFO] Uploading to apache.releases.https: https://repository.apache.org/service/local/staging/deploy/maven2/org/apache/wicket/wicket-spring/10.11.0/wicket-spring-10.11.0.pom.asc
[INFO] Progress (1): 33/33 kB
[INFO] Progress (1): 33 kB   
[INFO] Progress (2): 33 kB | 833 B
[INFO] Progress (3): 33 kB | 833 B | 33/210 kB
[INFO] Progress (3): 33 kB | 833 B | 66/210 kB
[INFO] Progress (3): 33 kB | 833 B | 98/210 kB
[INFO] Progress (3): 33 kB | 833 B | 131/210 kB
[INFO] Progress (3): 33 kB | 833 B | 164/210 kB
[INFO] Progress (3): 33 kB | 833 B | 197/210 kB
[INFO] Progress (3): 33 kB | 833 B | 210 kB    
[INFO] Progress (4): 33 kB | 833 B | 210 kB | 833 B
[INFO] Progress (5): 33 kB | 833 B | 210 kB | 833 B | 30 kB
[INFO]                                                     
[INFO] Uploaded to apache.releases.https: https://repository.apache.org/service/local/staging/deploy/maven2/org/apache/wicket/wicket-spring/10.11.0/wicket-spring-10.11.0.jar.asc (833 B at 4.7 kB/s)
[INFO] Uploading to apache.releases.https: https://repository.apache.org/service/local/staging/deploy/maven2/org/apache/wicket/wicket-spring/10.11.0/wicket-spring-10.11.0-sources.jar.asc
[INFO] Uploaded to apache.releases.https: https://repository.apache.org/service/local/staging/deploy/maven2/org/apache/wicket/wicket-spring/10.11.0/wicket-spring-10.11.0.pom.asc (833 B at 4.3 kB/s)
[INFO] Uploading to apache.releases.https: https://repository.apache.org/service/local/staging/deploy/maven2/org/apache/wicket/wicket-spring/10.11.0/wicket-spring-10.11.0-javadoc.jar.asc
[INFO] Progress (4): 33 kB | 210 kB | 30 kB | 833 B
[INFO] Progress (5): 33 kB | 210 kB | 30 kB | 833 B | 833 B
[INFO]                                                     
[INFO] Uploaded to apache.releases.https: https://repository.apache.org/service/local/staging/deploy/maven2/org/apache/wicket/wicket-spring/10.11.0/wicket-spring-10.11.0-sources.jar.asc (833 B at 2.2 kB/s)
[INFO] Uploaded to apache.releases.https: https://repository.apache.org/service/local/staging/deploy/maven2/org/apache/wicket/wicket-spring/10.11.0/wicket-spring-10.11.0-javadoc.jar.asc (833 B at 2.1 kB/s)
[INFO] Uploaded to apache.releases.https: https://repository.apache.org/service/local/staging/deploy/maven2/org/apache/wicket/wicket-spring/10.11.0/wicket-spring-10.11.0-sources.jar (30 kB at 42 kB/s)
[INFO] Uploaded to apache.releases.https: https://repository.apache.org/service/local/staging/deploy/maven2/org/apache/wicket/wicket-spring/10.11.0/wicket-spring-10.11.0.jar (33 kB at 45 kB/s)
[INFO] Uploaded to apache.releases.https: https://repository.apache.org/service/local/staging/deploy/maven2/org/apache/wicket/wicket-spring/10.11.0/wicket-spring-10.11.0-javadoc.jar (210 kB at 240 kB/s)
[INFO] Downloading from apache.releases.https: https://repository.apache.org/service/local/staging/deploy/maven2/org/apache/wicket/wicket-spring/maven-metadata.xml
[INFO] Uploading to apache.releases.https: https://repository.apache.org/service/local/staging/deploy/maven2/org/apache/wicket/wicket-spring/maven-metadata.xml
[INFO] Progress (1): 314 B
[INFO]                    
[INFO] Uploaded to apache.releases.https: https://repository.apache.org/service/local/staging/deploy/maven2/org/apache/wicket/wicket-spring/maven-metadata.xml (314 B at 618 B/s)
[INFO] [INFO] 
[INFO] [INFO] -----------------< org.apache.wicket:wicket-velocity >------------------
[INFO] [INFO] Building Wicket Velocity 10.11.0                                 [14/32]
[INFO] [INFO]   from wicket-velocity/pom.xml
[INFO] [INFO] --------------------------------[ jar ]---------------------------------
[INFO] [INFO] 
[INFO] [INFO] --- enforcer:3.6.2:enforce (enforce-maven) @ wicket-velocity ---
[INFO] [INFO] Rule 1: org.apache.maven.enforcer.rules.dependency.DependencyConvergence passed
[INFO] [INFO] Rule 2: com.github.ferstl.maven.pomenforcers.CompoundPedanticEnforcer(compound) passed
[INFO] [INFO] 
[INFO] [INFO] --- enforcer:3.6.2:enforce (enforce-maven-version) @ wicket-velocity ---
[INFO] [INFO] Rule 1: org.apache.maven.enforcer.rules.dependency.DependencyConvergence passed
[INFO] [INFO] Rule 2: com.github.ferstl.maven.pomenforcers.CompoundPedanticEnforcer(compound) passed
[INFO] [INFO] 
[INFO] [INFO] --- enforcer:3.6.2:enforce (enforce-java-version) @ wicket-velocity ---
[INFO] [INFO] Rule 1: org.apache.maven.enforcer.rules.dependency.DependencyConvergence passed
[INFO] [INFO] Rule 2: com.github.ferstl.maven.pomenforcers.CompoundPedanticEnforcer(compound) passed
[INFO] [INFO] 
[INFO] [INFO] --- toolchains:3.2.0:toolchain (default) @ wicket-velocity ---
[INFO] [INFO] Required toolchain: jdk [ version='17' ]
[INFO] [INFO] Found matching toolchain for type jdk: JDK[/usr/lib/jvm/temurin-17-jdk-amd64/]
[INFO] [INFO] 
[INFO] [INFO] --- remote-resources:3.3.0:process (default) @ wicket-velocity ---
[INFO] [INFO] Preparing remote bundle org.apache:apache-jar-resource-bundle:1.4
[INFO] [INFO] Copying 3 resources from 1 bundle.
[INFO] [INFO] 
[INFO] [INFO] --- remote-resources:3.3.0:process (process-resource-bundles) @ wicket-velocity ---
[INFO] [INFO] Preparing remote bundle org.apache.apache.resources:apache-jar-resource-bundle:1.7
[INFO] [INFO] Copying 3 resources from 1 bundle.
[INFO] [INFO] 
[INFO] [INFO] --- resources:3.4.0:resources (default-resources) @ wicket-velocity ---
[INFO] [INFO] Copying 1 resource from src/main/java to target/classes
[INFO] [INFO] Copying 1 resource from src/main/resources to target/classes
[INFO] [INFO] skip non existing resourceDirectory /home/andrea/WicketBuild/wicket-10.x/target/checkout/wicket-velocity/target/generated-res
[INFO] [INFO] Copying 3 resources from target/maven-shared-archive-resources to target/classes
[INFO] [INFO] Copying 3 resources from target/maven-shared-archive-resources to target/classes
[INFO] [INFO] 
[INFO] [INFO] --- compiler:3.14.1:compile (default-compile) @ wicket-velocity ---
[INFO] [INFO] Toolchain in maven-compiler-plugin: JDK[/usr/lib/jvm/temurin-17-jdk-amd64/]
[INFO] [WARNING] ******************************************************************************************************************************************************
[INFO] [WARNING] * Required filename-based automodules detected: [velocity-engine-core-2.4.1.jar]. Please don't publish this project to a public artifact repository! *
[INFO] [WARNING] ******************************************************************************************************************************************************
[INFO] [INFO] Recompiling the module because of changed dependency.
[INFO] [INFO] Compiling 5 source files with javac [forked debug deprecation release 17 module-path] to target/classes
[INFO] [INFO] JDK-8318913 workaround: patched module-info.class requires version from [17.0.20.1] to [17] on 1 JDK modules [java.base]
[INFO] [INFO] 
[INFO] [INFO] --- bundle:6.0.0:manifest (default-bundle) @ wicket-velocity ---
[INFO] [INFO] No MANIFEST.MF file found, generating manifest.
[INFO] [INFO] Writing manifest: /home/andrea/WicketBuild/wicket-10.x/target/checkout/wicket-velocity/target/classes/META-INF/MANIFEST.MF
[INFO] [INFO] 
[INFO] [INFO] --- resources:3.4.0:testResources (default-testResources) @ wicket-velocity ---
[INFO] [INFO] Copying 6 resources from src/test/java to target/test-classes
[INFO] [INFO] Copying 3 resources from target/maven-shared-archive-resources to target/test-classes
[INFO] [INFO] Copying 3 resources from target/maven-shared-archive-resources to target/test-classes
[INFO] [INFO] 
[INFO] [INFO] --- compiler:3.14.1:testCompile (default-testCompile) @ wicket-velocity ---
[INFO] [INFO] Toolchain in maven-compiler-plugin: JDK[/usr/lib/jvm/temurin-17-jdk-amd64/]
[INFO] [INFO] Recompiling the module because of changed dependency.
[INFO] [INFO] Compiling 6 source files with javac [forked debug deprecation release 17 module-path] to target/test-classes
[INFO] [INFO] 
[INFO] [INFO] --- surefire:3.5.4:test (default-test) @ wicket-velocity ---
[INFO] [INFO] Toolchain in maven-surefire-plugin: JDK[/usr/lib/jvm/temurin-17-jdk-amd64/]
[INFO] [INFO] Using auto detected provider org.apache.maven.surefire.junitplatform.JUnitPlatformProvider
[INFO] [INFO] 
[INFO] [INFO] -------------------------------------------------------
[INFO] [INFO]  T E S T S
[INFO] [INFO] -------------------------------------------------------
[ERROR] WARNING: Using incubator modules: jdk.incubator.foreign, jdk.incubator.vector
[INFO] [INFO] Running org.apache.wicket.contrib.markup.html.velocity.VelocityPanelTest
[ERROR] SLF4J(W): No SLF4J providers were found.
[ERROR] SLF4J(W): Defaulting to no-operation (NOP) logger implementation
[ERROR] SLF4J(W): See https://www.slf4j.org/codes.html#noProviders for further details.
[INFO] [INFO] Tests run: 2, Failures: 0, Errors: 0, Skipped: 0, Time elapsed: 0.278 s -- in org.apache.wicket.contrib.markup.html.velocity.VelocityPanelTest
[INFO] [INFO] Running org.apache.wicket.contrib.util.license.ApacheLicenceHeaderTest
[INFO] [INFO] Tests run: 1, Failures: 0, Errors: 0, Skipped: 0, Time elapsed: 0.018 s -- in org.apache.wicket.contrib.util.license.ApacheLicenceHeaderTest
[INFO] [INFO] Running org.apache.wicket.contrib.velocity.VelocityJavaScriptContributorTest
[INFO] <script id="000001">
[INFO] /*<![CDATA[*/
[INFO] msg1: Stoopid test 1
[INFO] msg2: Stooopid test 2
[INFO] /*]]>*/
[INFO] </script>
[INFO] <!--
[INFO]    Licensed to the Apache Software Foundation (ASF) under one or more
[INFO]    contributor license agreements.  See the NOTICE file distributed with
[INFO]    this work for additional information regarding copyright ownership.
[INFO]    The ASF licenses this file to You under the Apache License, Version 2.0
[INFO]    (the "License"); you may not use this file except in compliance with
[INFO]    the License.  You may obtain a copy of the License at
[INFO] 
[INFO]         http://www.apache.org/licenses/LICENSE-2.0
[INFO] 
[INFO]    Unless required by applicable law or agreed to in writing, software
[INFO]    distributed under the License is distributed on an "AS IS" BASIS,
[INFO]    WITHOUT WARRANTIES OR CONDITIONS OF ANY KIND, either express or implied.
[INFO]    See the License for the specific language governing permissions and
[INFO]    limitations under the License.
[INFO] -->
[INFO] <html>
[INFO] <head>
[INFO] <script type="text/javascript" id="000001">
[INFO] /*<![CDATA[*/
[INFO] msg1: Stoopid test 1
[INFO] msg2: Stooopid test 2
[INFO] /*]]>*/
[INFO] </script>
[INFO] </head>
[INFO] <body>
[INFO] <h1>This is a test page for Velocity-backed Javascript header contributor</h1>
[INFO] </body>
[INFO] </html>
[INFO] [INFO] Tests run: 1, Failures: 0, Errors: 0, Skipped: 0, Time elapsed: 0.013 s -- in org.apache.wicket.contrib.velocity.VelocityJavaScriptContributorTest
[INFO] [INFO] 
[INFO] [INFO] Results:
[INFO] [INFO] 
[INFO] [INFO] Tests run: 4, Failures: 0, Errors: 0, Skipped: 0
[INFO] [INFO] 
[INFO] [INFO] 
[INFO] [INFO] --- jar:3.5.0:jar (default-jar) @ wicket-velocity ---
[INFO] [INFO] Set Build-Jdk-Spec based on toolchain in maven-jar-plugin JDK[/usr/lib/jvm/temurin-17-jdk-amd64/]
[INFO] [INFO] Building jar: /home/andrea/WicketBuild/wicket-10.x/target/checkout/wicket-velocity/target/wicket-velocity-10.11.0.jar
[INFO] [INFO] 
[INFO] [INFO] --- assembly:3.7.1:single (source-release-assembly) @ wicket-velocity ---
[INFO] [INFO] Skipping the assembly in this project because it's not the Execution Root
[INFO] [INFO] 
[INFO] [INFO] --- source:3.4.0:jar-no-fork (attach-sources) @ wicket-velocity ---
[INFO] [INFO] Building jar: /home/andrea/WicketBuild/wicket-10.x/target/checkout/wicket-velocity/target/wicket-velocity-10.11.0-sources.jar
[INFO] [INFO] 
[INFO] [INFO] --- javadoc:3.12.0:jar (attach-javadocs) @ wicket-velocity ---
[INFO] [INFO] Toolchain in maven-javadoc-plugin: JDK[/usr/lib/jvm/temurin-17-jdk-amd64/]
[INFO] [INFO] Building jar: /home/andrea/WicketBuild/wicket-10.x/target/checkout/wicket-velocity/target/wicket-velocity-10.11.0-javadoc.jar
[INFO] [INFO] 
[INFO] [INFO] --- checksum:1.11:artifacts (source-release-checksum) @ wicket-velocity ---
[INFO] [INFO] 
[INFO] [INFO] --- japicmp:0.25.4:cmp (default) @ wicket-velocity ---
[INFO] [INFO] Written file '/home/andrea/WicketBuild/wicket-10.x/target/checkout/wicket-velocity/target/japicmp/japicmp.diff'.
[INFO] [INFO] Written file '/home/andrea/WicketBuild/wicket-10.x/target/checkout/wicket-velocity/target/japicmp/japicmp.md'.
[INFO] [INFO] 
[INFO] [INFO] --- gpg:3.2.8:sign (sign-release-artifacts) @ wicket-velocity ---
[INFO] [INFO] Signer 'gpg' is signing 4 files with key default
[INFO] gpg: using "0xD1AE986470B5A49C3E6A27B2878F01FAA8D356E1" as default secret key for signing
[INFO] gpg: using "0xD1AE986470B5A49C3E6A27B2878F01FAA8D356E1" as default secret key for signing
[INFO] gpg: using "0xD1AE986470B5A49C3E6A27B2878F01FAA8D356E1" as default secret key for signing
[INFO] gpg: using "0xD1AE986470B5A49C3E6A27B2878F01FAA8D356E1" as default secret key for signing
[INFO] [INFO] 
[INFO] [INFO] --- install:3.1.4:install (default-install) @ wicket-velocity ---
[INFO] [INFO] Installing /home/andrea/WicketBuild/wicket-10.x/target/checkout/wicket-velocity/pom.xml to /home/andrea/.m2/repository/org/apache/wicket/wicket-velocity/10.11.0/wicket-velocity-10.11.0.pom
[INFO] [INFO] Installing /home/andrea/WicketBuild/wicket-10.x/target/checkout/wicket-velocity/target/wicket-velocity-10.11.0.jar to /home/andrea/.m2/repository/org/apache/wicket/wicket-velocity/10.11.0/wicket-velocity-10.11.0.jar
[INFO] [INFO] Installing /home/andrea/WicketBuild/wicket-10.x/target/checkout/wicket-velocity/target/wicket-velocity-10.11.0-sources.jar to /home/andrea/.m2/repository/org/apache/wicket/wicket-velocity/10.11.0/wicket-velocity-10.11.0-sources.jar
[INFO] [INFO] Installing /home/andrea/WicketBuild/wicket-10.x/target/checkout/wicket-velocity/target/wicket-velocity-10.11.0-javadoc.jar to /home/andrea/.m2/repository/org/apache/wicket/wicket-velocity/10.11.0/wicket-velocity-10.11.0-javadoc.jar
[INFO] [INFO] Installing /home/andrea/WicketBuild/wicket-10.x/target/checkout/wicket-velocity/target/wicket-velocity-10.11.0.jar.asc to /home/andrea/.m2/repository/org/apache/wicket/wicket-velocity/10.11.0/wicket-velocity-10.11.0.jar.asc
[INFO] [INFO] Installing /home/andrea/WicketBuild/wicket-10.x/target/checkout/wicket-velocity/target/wicket-velocity-10.11.0.pom.asc to /home/andrea/.m2/repository/org/apache/wicket/wicket-velocity/10.11.0/wicket-velocity-10.11.0.pom.asc
[INFO] [INFO] Installing /home/andrea/WicketBuild/wicket-10.x/target/checkout/wicket-velocity/target/wicket-velocity-10.11.0-sources.jar.asc to /home/andrea/.m2/repository/org/apache/wicket/wicket-velocity/10.11.0/wicket-velocity-10.11.0-sources.jar.asc
[INFO] [INFO] Installing /home/andrea/WicketBuild/wicket-10.x/target/checkout/wicket-velocity/target/wicket-velocity-10.11.0-javadoc.jar.asc to /home/andrea/.m2/repository/org/apache/wicket/wicket-velocity/10.11.0/wicket-velocity-10.11.0-javadoc.jar.asc
[INFO] [INFO] 
[INFO] [INFO] --- gpg:3.2.8:sign (sign-artifacts) @ wicket-velocity ---
[INFO] [INFO] Signer 'gpg' is signing 4 files with key default
[INFO] gpg: using "0xD1AE986470B5A49C3E6A27B2878F01FAA8D356E1" as default secret key for signing
[INFO] [WARNING] artifact org.apache.wicket:wicket-velocity:jar.asc:10.11.0 already attached, replace previous instance
[INFO] gpg: using "0xD1AE986470B5A49C3E6A27B2878F01FAA8D356E1" as default secret key for signing
[INFO] [WARNING] artifact org.apache.wicket:wicket-velocity:pom.asc:10.11.0 already attached, replace previous instance
[INFO] gpg: using "0xD1AE986470B5A49C3E6A27B2878F01FAA8D356E1" as default secret key for signing
[INFO] [WARNING] artifact org.apache.wicket:wicket-velocity:jar.asc:sources:10.11.0 already attached, replace previous instance
[INFO] gpg: using "0xD1AE986470B5A49C3E6A27B2878F01FAA8D356E1" as default secret key for signing
[INFO] [WARNING] artifact org.apache.wicket:wicket-velocity:jar.asc:javadoc:10.11.0 already attached, replace previous instance
[INFO] [INFO] 
[INFO] [INFO] --- deploy:3.1.4:deploy (default-deploy) @ wicket-velocity ---
[INFO] Uploading to apache.releases.https: https://repository.apache.org/service/local/staging/deploy/maven2/org/apache/wicket/wicket-velocity/10.11.0/wicket-velocity-10.11.0.pom
[INFO] Progress (1): 2.2 kB
[INFO]                     
[INFO] Uploaded to apache.releases.https: https://repository.apache.org/service/local/staging/deploy/maven2/org/apache/wicket/wicket-velocity/10.11.0/wicket-velocity-10.11.0.pom (2.2 kB at 4.2 kB/s)
[INFO] Uploading to apache.releases.https: https://repository.apache.org/service/local/staging/deploy/maven2/org/apache/wicket/wicket-velocity/10.11.0/wicket-velocity-10.11.0.jar
[INFO] Uploading to apache.releases.https: https://repository.apache.org/service/local/staging/deploy/maven2/org/apache/wicket/wicket-velocity/10.11.0/wicket-velocity-10.11.0-sources.jar
[INFO] Uploading to apache.releases.https: https://repository.apache.org/service/local/staging/deploy/maven2/org/apache/wicket/wicket-velocity/10.11.0/wicket-velocity-10.11.0-javadoc.jar
[INFO] Uploading to apache.releases.https: https://repository.apache.org/service/local/staging/deploy/maven2/org/apache/wicket/wicket-velocity/10.11.0/wicket-velocity-10.11.0.jar.asc
[INFO] Uploading to apache.releases.https: https://repository.apache.org/service/local/staging/deploy/maven2/org/apache/wicket/wicket-velocity/10.11.0/wicket-velocity-10.11.0.pom.asc
[INFO] Progress (1): 20 kB
[INFO] Progress (2): 20 kB | 19 kB
[INFO] Progress (3): 20 kB | 19 kB | 33/116 kB
[INFO] Progress (3): 20 kB | 19 kB | 66/116 kB
[INFO] Progress (3): 20 kB | 19 kB | 98/116 kB
[INFO] Progress (3): 20 kB | 19 kB | 116 kB   
[INFO] Progress (4): 20 kB | 19 kB | 116 kB | 833 B
[INFO] Progress (5): 20 kB | 19 kB | 116 kB | 833 B | 833 B
[INFO]                                                     
[INFO] Uploaded to apache.releases.https: https://repository.apache.org/service/local/staging/deploy/maven2/org/apache/wicket/wicket-velocity/10.11.0/wicket-velocity-10.11.0.pom.asc (833 B at 4.2 kB/s)
[INFO] Uploading to apache.releases.https: https://repository.apache.org/service/local/staging/deploy/maven2/org/apache/wicket/wicket-velocity/10.11.0/wicket-velocity-10.11.0-sources.jar.asc
[INFO] Uploaded to apache.releases.https: https://repository.apache.org/service/local/staging/deploy/maven2/org/apache/wicket/wicket-velocity/10.11.0/wicket-velocity-10.11.0.jar.asc (833 B at 4.0 kB/s)
[INFO] Uploading to apache.releases.https: https://repository.apache.org/service/local/staging/deploy/maven2/org/apache/wicket/wicket-velocity/10.11.0/wicket-velocity-10.11.0-javadoc.jar.asc
[INFO] Progress (4): 20 kB | 19 kB | 116 kB | 833 B
[INFO] Progress (5): 20 kB | 19 kB | 116 kB | 833 B | 833 B
[INFO]                                                     
[INFO] Uploaded to apache.releases.https: https://repository.apache.org/service/local/staging/deploy/maven2/org/apache/wicket/wicket-velocity/10.11.0/wicket-velocity-10.11.0-sources.jar.asc (833 B at 2.3 kB/s)
[INFO] Uploaded to apache.releases.https: https://repository.apache.org/service/local/staging/deploy/maven2/org/apache/wicket/wicket-velocity/10.11.0/wicket-velocity-10.11.0-javadoc.jar.asc (833 B at 2.0 kB/s)
[INFO] Uploaded to apache.releases.https: https://repository.apache.org/service/local/staging/deploy/maven2/org/apache/wicket/wicket-velocity/10.11.0/wicket-velocity-10.11.0.jar (20 kB at 35 kB/s)
[INFO] Uploaded to apache.releases.https: https://repository.apache.org/service/local/staging/deploy/maven2/org/apache/wicket/wicket-velocity/10.11.0/wicket-velocity-10.11.0-sources.jar (19 kB at 32 kB/s)
[INFO] Uploaded to apache.releases.https: https://repository.apache.org/service/local/staging/deploy/maven2/org/apache/wicket/wicket-velocity/10.11.0/wicket-velocity-10.11.0-javadoc.jar (116 kB at 138 kB/s)
[INFO] Downloading from apache.releases.https: https://repository.apache.org/service/local/staging/deploy/maven2/org/apache/wicket/wicket-velocity/maven-metadata.xml
[INFO] Uploading to apache.releases.https: https://repository.apache.org/service/local/staging/deploy/maven2/org/apache/wicket/wicket-velocity/maven-metadata.xml
[INFO] Progress (1): 316 B
[INFO]                    
[INFO] Uploaded to apache.releases.https: https://repository.apache.org/service/local/staging/deploy/maven2/org/apache/wicket/wicket-velocity/maven-metadata.xml (316 B at 575 B/s)
[INFO] [INFO] 
[INFO] [INFO] ----------------< org.apache.wicket:wicket-auth-roles >-----------------
[INFO] [INFO] Building Wicket Auth Roles 10.11.0                               [15/32]
[INFO] [INFO]   from wicket-auth-roles/pom.xml
[INFO] [INFO] --------------------------------[ jar ]---------------------------------
[INFO] [INFO] 
[INFO] [INFO] --- enforcer:3.6.2:enforce (enforce-maven) @ wicket-auth-roles ---
[INFO] [INFO] Rule 1: org.apache.maven.enforcer.rules.dependency.DependencyConvergence passed
[INFO] [INFO] Rule 2: com.github.ferstl.maven.pomenforcers.CompoundPedanticEnforcer(compound) passed
[INFO] [INFO] 
[INFO] [INFO] --- enforcer:3.6.2:enforce (enforce-maven-version) @ wicket-auth-roles ---
[INFO] [INFO] Rule 1: org.apache.maven.enforcer.rules.dependency.DependencyConvergence passed
[INFO] [INFO] Rule 2: com.github.ferstl.maven.pomenforcers.CompoundPedanticEnforcer(compound) passed
[INFO] [INFO] 
[INFO] [INFO] --- enforcer:3.6.2:enforce (enforce-java-version) @ wicket-auth-roles ---
[INFO] [INFO] Rule 1: org.apache.maven.enforcer.rules.dependency.DependencyConvergence passed
[INFO] [INFO] Rule 2: com.github.ferstl.maven.pomenforcers.CompoundPedanticEnforcer(compound) passed
[INFO] [INFO] 
[INFO] [INFO] --- toolchains:3.2.0:toolchain (default) @ wicket-auth-roles ---
[INFO] [INFO] Required toolchain: jdk [ version='17' ]
[INFO] [INFO] Found matching toolchain for type jdk: JDK[/usr/lib/jvm/temurin-17-jdk-amd64/]
[INFO] [INFO] 
[INFO] [INFO] --- remote-resources:3.3.0:process (default) @ wicket-auth-roles ---
[INFO] [INFO] Preparing remote bundle org.apache:apache-jar-resource-bundle:1.4
[INFO] [INFO] Copying 3 resources from 1 bundle.
[INFO] [INFO] 
[INFO] [INFO] --- remote-resources:3.3.0:process (process-resource-bundles) @ wicket-auth-roles ---
[INFO] [INFO] Preparing remote bundle org.apache.apache.resources:apache-jar-resource-bundle:1.7
[INFO] [INFO] Copying 3 resources from 1 bundle.
[INFO] [INFO] 
[INFO] [INFO] --- resources:3.4.0:resources (default-resources) @ wicket-auth-roles ---
[INFO] [INFO] Copying 50 resources from src/main/java to target/classes
[INFO] [INFO] skip non existing resourceDirectory /home/andrea/WicketBuild/wicket-10.x/target/checkout/wicket-auth-roles/src/main/resources
[INFO] [INFO] skip non existing resourceDirectory /home/andrea/WicketBuild/wicket-10.x/target/checkout/wicket-auth-roles/target/generated-res
[INFO] [INFO] Copying 3 resources from target/maven-shared-archive-resources to target/classes
[INFO] [INFO] Copying 3 resources from target/maven-shared-archive-resources to target/classes
[INFO] [INFO] 
[INFO] [INFO] --- compiler:3.14.1:compile (default-compile) @ wicket-auth-roles ---
[INFO] [INFO] Toolchain in maven-compiler-plugin: JDK[/usr/lib/jvm/temurin-17-jdk-amd64/]
[INFO] [INFO] Recompiling the module because of changed dependency.
[INFO] [INFO] Compiling 22 source files with javac [forked debug deprecation release 17 module-path] to target/classes
[INFO] [INFO] JDK-8318913 workaround: patched module-info.class requires version from [17.0.20.1] to [17] on 1 JDK modules [java.base]
[INFO] [INFO] 
[INFO] [INFO] --- bundle:6.0.0:manifest (default-bundle) @ wicket-auth-roles ---
[INFO] [INFO] No MANIFEST.MF file found, generating manifest.
[INFO] [WARNING] Manifest org.apache.wicket:wicket-auth-roles:jar:10.11.0 : Unused Import-Package instructions: [org.slf4j*] 
[INFO] [INFO] Writing manifest: /home/andrea/WicketBuild/wicket-10.x/target/checkout/wicket-auth-roles/target/classes/META-INF/MANIFEST.MF
[INFO] [INFO] 
[INFO] [INFO] --- resources:3.4.0:testResources (default-testResources) @ wicket-auth-roles ---
[INFO] [INFO] Copying 3 resources from src/test/java to target/test-classes
[INFO] [INFO] Copying 3 resources from target/maven-shared-archive-resources to target/test-classes
[INFO] [INFO] Copying 3 resources from target/maven-shared-archive-resources to target/test-classes
[INFO] [INFO] 
[INFO] [INFO] --- compiler:3.14.1:testCompile (default-testCompile) @ wicket-auth-roles ---
[INFO] [INFO] Toolchain in maven-compiler-plugin: JDK[/usr/lib/jvm/temurin-17-jdk-amd64/]
[INFO] [INFO] Recompiling the module because of changed dependency.
[INFO] [INFO] Compiling 11 source files with javac [forked debug deprecation release 17 module-path] to target/test-classes
[INFO] [INFO] 
[INFO] [INFO] --- surefire:3.5.4:test (default-test) @ wicket-auth-roles ---
[INFO] [INFO] Toolchain in maven-surefire-plugin: JDK[/usr/lib/jvm/temurin-17-jdk-amd64/]
[INFO] [INFO] Using auto detected provider org.apache.maven.surefire.junitplatform.JUnitPlatformProvider
[INFO] [INFO] 
[INFO] [INFO] -------------------------------------------------------
[INFO] [INFO]  T E S T S
[INFO] [INFO] -------------------------------------------------------
[ERROR] WARNING: Using incubator modules: jdk.incubator.foreign, jdk.incubator.vector
[INFO] [INFO] Running org.apache.wicket.authroles.authentication.AuthenticatedWebSessionTest
[ERROR] SLF4J(W): No SLF4J providers were found.
[ERROR] SLF4J(W): Defaulting to no-operation (NOP) logger implementation
[ERROR] SLF4J(W): See https://www.slf4j.org/codes.html#noProviders for further details.
[ERROR] OpenJDK 64-Bit Server VM warning: Sharing is only supported for boot loader classes because bootstrap classpath has been appended
[INFO] [INFO] Tests run: 1, Failures: 0, Errors: 0, Skipped: 0, Time elapsed: 0.854 s -- in org.apache.wicket.authroles.authentication.AuthenticatedWebSessionTest
[INFO] [INFO] Running org.apache.wicket.authroles.authentication.panel.UsernamePasswordPanelTest
[INFO] [INFO] Tests run: 11, Failures: 0, Errors: 0, Skipped: 0, Time elapsed: 0.640 s -- in org.apache.wicket.authroles.authentication.panel.UsernamePasswordPanelTest
[INFO] [INFO] Running org.apache.wicket.authroles.authentication.panel.SignInPanelTest
[INFO] [INFO] Tests run: 1, Failures: 0, Errors: 0, Skipped: 0, Time elapsed: 0.033 s -- in org.apache.wicket.authroles.authentication.panel.SignInPanelTest
[INFO] [INFO] Running org.apache.wicket.authroles.authorization.strategies.role.metadata.InstantiationPermissionsTest
[INFO] [INFO] Tests run: 4, Failures: 0, Errors: 0, Skipped: 0, Time elapsed: 0.016 s -- in org.apache.wicket.authroles.authorization.strategies.role.metadata.InstantiationPermissionsTest
[INFO] [INFO] Running org.apache.wicket.authroles.authorization.strategies.role.metadata.ActionPermissionsTest
[INFO] [INFO] Tests run: 4, Failures: 0, Errors: 0, Skipped: 0, Time elapsed: 0.013 s -- in org.apache.wicket.authroles.authorization.strategies.role.metadata.ActionPermissionsTest
[INFO] [INFO] Running org.apache.wicket.authroles.authorization.strategies.role.annotations.AnnotationsRoleTest
[INFO] [INFO] Tests run: 3, Failures: 0, Errors: 0, Skipped: 0, Time elapsed: 0.020 s -- in org.apache.wicket.authroles.authorization.strategies.role.annotations.AnnotationsRoleTest
[INFO] [INFO] Running org.apache.wicket.authroles.authorization.strategies.role.annotations.AnnotationsRoleAuthorizationStrategyTest
[INFO] [INFO] Tests run: 16, Failures: 0, Errors: 0, Skipped: 0, Time elapsed: 0.236 s -- in org.apache.wicket.authroles.authorization.strategies.role.annotations.AnnotationsRoleAuthorizationStrategyTest
[INFO] [INFO] Running org.apache.wicket.authroles.util.markup.xhtml.WellFormedXmlTest
[INFO] [INFO] Tests run: 1, Failures: 0, Errors: 0, Skipped: 0, Time elapsed: 0.005 s -- in org.apache.wicket.authroles.util.markup.xhtml.WellFormedXmlTest
[INFO] [INFO] Running org.apache.wicket.authroles.util.license.ApacheLicenceHeaderTest
[INFO] [INFO] Tests run: 1, Failures: 0, Errors: 0, Skipped: 0, Time elapsed: 0.030 s -- in org.apache.wicket.authroles.util.license.ApacheLicenceHeaderTest
[INFO] [INFO] 
[INFO] [INFO] Results:
[INFO] [INFO] 
[INFO] [INFO] Tests run: 42, Failures: 0, Errors: 0, Skipped: 0
[INFO] [INFO] 
[INFO] [INFO] 
[INFO] [INFO] --- jar:3.5.0:jar (default-jar) @ wicket-auth-roles ---
[INFO] [INFO] Set Build-Jdk-Spec based on toolchain in maven-jar-plugin JDK[/usr/lib/jvm/temurin-17-jdk-amd64/]
[INFO] [INFO] Building jar: /home/andrea/WicketBuild/wicket-10.x/target/checkout/wicket-auth-roles/target/wicket-auth-roles-10.11.0.jar
[INFO] [INFO] 
[INFO] [INFO] --- assembly:3.7.1:single (source-release-assembly) @ wicket-auth-roles ---
[INFO] [INFO] Skipping the assembly in this project because it's not the Execution Root
[INFO] [INFO] 
[INFO] [INFO] --- source:3.4.0:jar-no-fork (attach-sources) @ wicket-auth-roles ---
[INFO] [INFO] Building jar: /home/andrea/WicketBuild/wicket-10.x/target/checkout/wicket-auth-roles/target/wicket-auth-roles-10.11.0-sources.jar
[INFO] [INFO] 
[INFO] [INFO] --- javadoc:3.12.0:jar (attach-javadocs) @ wicket-auth-roles ---
[INFO] [INFO] Toolchain in maven-javadoc-plugin: JDK[/usr/lib/jvm/temurin-17-jdk-amd64/]
[INFO] [INFO] Building jar: /home/andrea/WicketBuild/wicket-10.x/target/checkout/wicket-auth-roles/target/wicket-auth-roles-10.11.0-javadoc.jar
[INFO] [INFO] 
[INFO] [INFO] --- checksum:1.11:artifacts (source-release-checksum) @ wicket-auth-roles ---
[INFO] [INFO] 
[INFO] [INFO] --- japicmp:0.25.4:cmp (default) @ wicket-auth-roles ---
[INFO] [INFO] Written file '/home/andrea/WicketBuild/wicket-10.x/target/checkout/wicket-auth-roles/target/japicmp/japicmp.diff'.
[INFO] [INFO] Written file '/home/andrea/WicketBuild/wicket-10.x/target/checkout/wicket-auth-roles/target/japicmp/japicmp.md'.
[INFO] [INFO] 
[INFO] [INFO] --- gpg:3.2.8:sign (sign-release-artifacts) @ wicket-auth-roles ---
[INFO] [INFO] Signer 'gpg' is signing 4 files with key default
[INFO] gpg: using "0xD1AE986470B5A49C3E6A27B2878F01FAA8D356E1" as default secret key for signing
[INFO] gpg: using "0xD1AE986470B5A49C3E6A27B2878F01FAA8D356E1" as default secret key for signing
[INFO] gpg: using "0xD1AE986470B5A49C3E6A27B2878F01FAA8D356E1" as default secret key for signing
[INFO] gpg: using "0xD1AE986470B5A49C3E6A27B2878F01FAA8D356E1" as default secret key for signing
[INFO] [INFO] 
[INFO] [INFO] --- install:3.1.4:install (default-install) @ wicket-auth-roles ---
[INFO] [INFO] Installing /home/andrea/WicketBuild/wicket-10.x/target/checkout/wicket-auth-roles/pom.xml to /home/andrea/.m2/repository/org/apache/wicket/wicket-auth-roles/10.11.0/wicket-auth-roles-10.11.0.pom
[INFO] [INFO] Installing /home/andrea/WicketBuild/wicket-10.x/target/checkout/wicket-auth-roles/target/wicket-auth-roles-10.11.0.jar to /home/andrea/.m2/repository/org/apache/wicket/wicket-auth-roles/10.11.0/wicket-auth-roles-10.11.0.jar
[INFO] [INFO] Installing /home/andrea/WicketBuild/wicket-10.x/target/checkout/wicket-auth-roles/target/wicket-auth-roles-10.11.0-sources.jar to /home/andrea/.m2/repository/org/apache/wicket/wicket-auth-roles/10.11.0/wicket-auth-roles-10.11.0-sources.jar
[INFO] [INFO] Installing /home/andrea/WicketBuild/wicket-10.x/target/checkout/wicket-auth-roles/target/wicket-auth-roles-10.11.0-javadoc.jar to /home/andrea/.m2/repository/org/apache/wicket/wicket-auth-roles/10.11.0/wicket-auth-roles-10.11.0-javadoc.jar
[INFO] [INFO] Installing /home/andrea/WicketBuild/wicket-10.x/target/checkout/wicket-auth-roles/target/wicket-auth-roles-10.11.0.jar.asc to /home/andrea/.m2/repository/org/apache/wicket/wicket-auth-roles/10.11.0/wicket-auth-roles-10.11.0.jar.asc
[INFO] [INFO] Installing /home/andrea/WicketBuild/wicket-10.x/target/checkout/wicket-auth-roles/target/wicket-auth-roles-10.11.0.pom.asc to /home/andrea/.m2/repository/org/apache/wicket/wicket-auth-roles/10.11.0/wicket-auth-roles-10.11.0.pom.asc
[INFO] [INFO] Installing /home/andrea/WicketBuild/wicket-10.x/target/checkout/wicket-auth-roles/target/wicket-auth-roles-10.11.0-sources.jar.asc to /home/andrea/.m2/repository/org/apache/wicket/wicket-auth-roles/10.11.0/wicket-auth-roles-10.11.0-sources.jar.asc
[INFO] [INFO] Installing /home/andrea/WicketBuild/wicket-10.x/target/checkout/wicket-auth-roles/target/wicket-auth-roles-10.11.0-javadoc.jar.asc to /home/andrea/.m2/repository/org/apache/wicket/wicket-auth-roles/10.11.0/wicket-auth-roles-10.11.0-javadoc.jar.asc
[INFO] [INFO] 
[INFO] [INFO] --- gpg:3.2.8:sign (sign-artifacts) @ wicket-auth-roles ---
[INFO] [INFO] Signer 'gpg' is signing 4 files with key default
[INFO] gpg: using "0xD1AE986470B5A49C3E6A27B2878F01FAA8D356E1" as default secret key for signing
[INFO] [WARNING] artifact org.apache.wicket:wicket-auth-roles:jar.asc:10.11.0 already attached, replace previous instance
[INFO] gpg: using "0xD1AE986470B5A49C3E6A27B2878F01FAA8D356E1" as default secret key for signing
[INFO] [WARNING] artifact org.apache.wicket:wicket-auth-roles:pom.asc:10.11.0 already attached, replace previous instance
[INFO] gpg: using "0xD1AE986470B5A49C3E6A27B2878F01FAA8D356E1" as default secret key for signing
[INFO] [WARNING] artifact org.apache.wicket:wicket-auth-roles:jar.asc:sources:10.11.0 already attached, replace previous instance
[INFO] gpg: using "0xD1AE986470B5A49C3E6A27B2878F01FAA8D356E1" as default secret key for signing
[INFO] [WARNING] artifact org.apache.wicket:wicket-auth-roles:jar.asc:javadoc:10.11.0 already attached, replace previous instance
[INFO] [INFO] 
[INFO] [INFO] --- deploy:3.1.4:deploy (default-deploy) @ wicket-auth-roles ---
[INFO] Uploading to apache.releases.https: https://repository.apache.org/service/local/staging/deploy/maven2/org/apache/wicket/wicket-auth-roles/10.11.0/wicket-auth-roles-10.11.0.pom
[INFO] Progress (1): 2.0 kB
[INFO]                     
[INFO] Uploaded to apache.releases.https: https://repository.apache.org/service/local/staging/deploy/maven2/org/apache/wicket/wicket-auth-roles/10.11.0/wicket-auth-roles-10.11.0.pom (2.0 kB at 3.6 kB/s)
[INFO] Uploading to apache.releases.https: https://repository.apache.org/service/local/staging/deploy/maven2/org/apache/wicket/wicket-auth-roles/10.11.0/wicket-auth-roles-10.11.0.jar
[INFO] Uploading to apache.releases.https: https://repository.apache.org/service/local/staging/deploy/maven2/org/apache/wicket/wicket-auth-roles/10.11.0/wicket-auth-roles-10.11.0-sources.jar
[INFO] Uploading to apache.releases.https: https://repository.apache.org/service/local/staging/deploy/maven2/org/apache/wicket/wicket-auth-roles/10.11.0/wicket-auth-roles-10.11.0-javadoc.jar
[INFO] Uploading to apache.releases.https: https://repository.apache.org/service/local/staging/deploy/maven2/org/apache/wicket/wicket-auth-roles/10.11.0/wicket-auth-roles-10.11.0.jar.asc
[INFO] Uploading to apache.releases.https: https://repository.apache.org/service/local/staging/deploy/maven2/org/apache/wicket/wicket-auth-roles/10.11.0/wicket-auth-roles-10.11.0.pom.asc
[INFO] Progress (1): 833 B
[INFO] Progress (2): 833 B | 33/80 kB
[INFO] Progress (2): 833 B | 66/80 kB
[INFO] Progress (2): 833 B | 80 kB   
[INFO] Progress (3): 833 B | 80 kB | 833 B
[INFO] Progress (4): 833 B | 80 kB | 833 B | 33/340 kB
[INFO] Progress (4): 833 B | 80 kB | 833 B | 66/340 kB
[INFO] Progress (4): 833 B | 80 kB | 833 B | 98/340 kB
[INFO] Progress (4): 833 B | 80 kB | 833 B | 131/340 kB
[INFO] Progress (4): 833 B | 80 kB | 833 B | 164/340 kB
[INFO] Progress (4): 833 B | 80 kB | 833 B | 197/340 kB
[INFO] Progress (4): 833 B | 80 kB | 833 B | 229/340 kB
[INFO] Progress (4): 833 B | 80 kB | 833 B | 262/340 kB
[INFO] Progress (4): 833 B | 80 kB | 833 B | 295/340 kB
[INFO] Progress (4): 833 B | 80 kB | 833 B | 328/340 kB
[INFO] Progress (4): 833 B | 80 kB | 833 B | 340 kB    
[INFO] Progress (5): 833 B | 80 kB | 833 B | 340 kB | 33/84 kB
[INFO] Progress (5): 833 B | 80 kB | 833 B | 340 kB | 66/84 kB
[INFO] Progress (5): 833 B | 80 kB | 833 B | 340 kB | 84 kB   
[INFO]                                                     
[INFO] Uploaded to apache.releases.https: https://repository.apache.org/service/local/staging/deploy/maven2/org/apache/wicket/wicket-auth-roles/10.11.0/wicket-auth-roles-10.11.0.jar.asc (833 B at 4.8 kB/s)
[INFO] Uploading to apache.releases.https: https://repository.apache.org/service/local/staging/deploy/maven2/org/apache/wicket/wicket-auth-roles/10.11.0/wicket-auth-roles-10.11.0-sources.jar.asc
[INFO] Uploaded to apache.releases.https: https://repository.apache.org/service/local/staging/deploy/maven2/org/apache/wicket/wicket-auth-roles/10.11.0/wicket-auth-roles-10.11.0.pom.asc (833 B at 4.7 kB/s)
[INFO] Uploading to apache.releases.https: https://repository.apache.org/service/local/staging/deploy/maven2/org/apache/wicket/wicket-auth-roles/10.11.0/wicket-auth-roles-10.11.0-javadoc.jar.asc
[INFO] Progress (4): 80 kB | 340 kB | 84 kB | 833 B
[INFO] Progress (5): 80 kB | 340 kB | 84 kB | 833 B | 833 B
[INFO]                                                     
[INFO] Uploaded to apache.releases.https: https://repository.apache.org/service/local/staging/deploy/maven2/org/apache/wicket/wicket-auth-roles/10.11.0/wicket-auth-roles-10.11.0-sources.jar.asc (833 B at 2.4 kB/s)
[INFO] Uploaded to apache.releases.https: https://repository.apache.org/service/local/staging/deploy/maven2/org/apache/wicket/wicket-auth-roles/10.11.0/wicket-auth-roles-10.11.0-javadoc.jar.asc (833 B at 2.4 kB/s)
[INFO] Uploaded to apache.releases.https: https://repository.apache.org/service/local/staging/deploy/maven2/org/apache/wicket/wicket-auth-roles/10.11.0/wicket-auth-roles-10.11.0-sources.jar (84 kB at 103 kB/s)
[INFO] Uploaded to apache.releases.https: https://repository.apache.org/service/local/staging/deploy/maven2/org/apache/wicket/wicket-auth-roles/10.11.0/wicket-auth-roles-10.11.0.jar (80 kB at 91 kB/s)
[INFO] Uploaded to apache.releases.https: https://repository.apache.org/service/local/staging/deploy/maven2/org/apache/wicket/wicket-auth-roles/10.11.0/wicket-auth-roles-10.11.0-javadoc.jar (340 kB at 308 kB/s)
[INFO] Downloading from apache.releases.https: https://repository.apache.org/service/local/staging/deploy/maven2/org/apache/wicket/wicket-auth-roles/maven-metadata.xml
[INFO] Uploading to apache.releases.https: https://repository.apache.org/service/local/staging/deploy/maven2/org/apache/wicket/wicket-auth-roles/maven-metadata.xml
[INFO] Progress (1): 318 B
[INFO]                    
[INFO] Uploaded to apache.releases.https: https://repository.apache.org/service/local/staging/deploy/maven2/org/apache/wicket/wicket-auth-roles/maven-metadata.xml (318 B at 594 B/s)
[INFO] [INFO] 
[INFO] [INFO] -------------------< org.apache.wicket:wicket-guice >-------------------
[INFO] [INFO] Building Wicket Guice Integration 10.11.0                        [16/32]
[INFO] [INFO]   from wicket-guice/pom.xml
[INFO] [INFO] --------------------------------[ jar ]---------------------------------
[INFO] [INFO] 
[INFO] [INFO] --- enforcer:3.6.2:enforce (enforce-maven) @ wicket-guice ---
[INFO] [INFO] Rule 1: org.apache.maven.enforcer.rules.dependency.DependencyConvergence passed
[INFO] [INFO] Rule 2: com.github.ferstl.maven.pomenforcers.CompoundPedanticEnforcer(compound) passed
[INFO] [INFO] 
[INFO] [INFO] --- enforcer:3.6.2:enforce (enforce-maven-version) @ wicket-guice ---
[INFO] [INFO] Rule 1: org.apache.maven.enforcer.rules.dependency.DependencyConvergence passed
[INFO] [INFO] Rule 2: com.github.ferstl.maven.pomenforcers.CompoundPedanticEnforcer(compound) passed
[INFO] [INFO] 
[INFO] [INFO] --- enforcer:3.6.2:enforce (enforce-java-version) @ wicket-guice ---
[INFO] [INFO] Rule 1: org.apache.maven.enforcer.rules.dependency.DependencyConvergence passed
[INFO] [INFO] Rule 2: com.github.ferstl.maven.pomenforcers.CompoundPedanticEnforcer(compound) passed
[INFO] [INFO] 
[INFO] [INFO] --- toolchains:3.2.0:toolchain (default) @ wicket-guice ---
[INFO] [INFO] Required toolchain: jdk [ version='17' ]
[INFO] [INFO] Found matching toolchain for type jdk: JDK[/usr/lib/jvm/temurin-17-jdk-amd64/]
[INFO] [INFO] 
[INFO] [INFO] --- remote-resources:3.3.0:process (default) @ wicket-guice ---
[INFO] [INFO] Preparing remote bundle org.apache:apache-jar-resource-bundle:1.4
[INFO] [INFO] Copying 3 resources from 1 bundle.
[INFO] [INFO] 
[INFO] [INFO] --- remote-resources:3.3.0:process (process-resource-bundles) @ wicket-guice ---
[INFO] [INFO] Preparing remote bundle org.apache.apache.resources:apache-jar-resource-bundle:1.7
[INFO] [INFO] Copying 3 resources from 1 bundle.
[INFO] [INFO] 
[INFO] [INFO] --- resources:3.4.0:resources (default-resources) @ wicket-guice ---
[INFO] [INFO] Copying 0 resource from src/main/java to target/classes
[INFO] [INFO] Copying 0 resource from src/main/resources to target/classes
[INFO] [INFO] skip non existing resourceDirectory /home/andrea/WicketBuild/wicket-10.x/target/checkout/wicket-guice/target/generated-res
[INFO] [INFO] Copying 3 resources from target/maven-shared-archive-resources to target/classes
[INFO] [INFO] Copying 3 resources from target/maven-shared-archive-resources to target/classes
[INFO] [INFO] 
[INFO] [INFO] --- compiler:3.14.1:compile (default-compile) @ wicket-guice ---
[INFO] [INFO] Toolchain in maven-compiler-plugin: JDK[/usr/lib/jvm/temurin-17-jdk-amd64/]
[INFO] [INFO] Recompiling the module because of changed dependency.
[INFO] [INFO] Compiling 6 source files with javac [forked debug deprecation release 17 module-path] to target/classes
[INFO] [INFO] JDK-8318913 workaround: patched module-info.class requires version from [17.0.20.1] to [17] on 1 JDK modules [java.base]
[INFO] [INFO] 
[INFO] [INFO] --- bundle:6.0.0:manifest (default-bundle) @ wicket-guice ---
[INFO] [INFO] No MANIFEST.MF file found, generating manifest.
[INFO] [WARNING] Manifest org.apache.wicket:wicket-guice:jar:10.11.0 : Unused Import-Package instructions: [org.slf4j*] 
[INFO] [INFO] Writing manifest: /home/andrea/WicketBuild/wicket-10.x/target/checkout/wicket-guice/target/classes/META-INF/MANIFEST.MF
[INFO] [INFO] 
[INFO] [INFO] --- resources:3.4.0:testResources (default-testResources) @ wicket-guice ---
[INFO] [INFO] Copying 0 resource from src/test/java to target/test-classes
[INFO] [INFO] Copying 3 resources from target/maven-shared-archive-resources to target/test-classes
[INFO] [INFO] Copying 3 resources from target/maven-shared-archive-resources to target/test-classes
[INFO] [INFO] 
[INFO] [INFO] --- compiler:3.14.1:testCompile (default-testCompile) @ wicket-guice ---
[INFO] [INFO] Toolchain in maven-compiler-plugin: JDK[/usr/lib/jvm/temurin-17-jdk-amd64/]
[INFO] [INFO] Recompiling the module because of changed dependency.
[INFO] [INFO] Compiling 21 source files with javac [forked debug deprecation release 17 module-path] to target/test-classes
[INFO] [INFO] 
[INFO] [INFO] --- surefire:3.5.4:test (default-test) @ wicket-guice ---
[INFO] [INFO] Toolchain in maven-surefire-plugin: JDK[/usr/lib/jvm/temurin-17-jdk-amd64/]
[INFO] [INFO] Using auto detected provider org.apache.maven.surefire.junitplatform.JUnitPlatformProvider
[INFO] [INFO] 
[INFO] [INFO] -------------------------------------------------------
[INFO] [INFO]  T E S T S
[INFO] [INFO] -------------------------------------------------------
[ERROR] WARNING: Using incubator modules: jdk.incubator.vector, jdk.incubator.foreign
[INFO] [INFO] Running org.apache.wicket.guice.GuiceWebApplicationFactoryTest
[ERROR] SLF4J(W): No SLF4J providers were found.
[ERROR] SLF4J(W): Defaulting to no-operation (NOP) logger implementation
[ERROR] SLF4J(W): See https://www.slf4j.org/codes.html#noProviders for further details.
[INFO] [INFO] Tests run: 1, Failures: 0, Errors: 0, Skipped: 0, Time elapsed: 0.146 s -- in org.apache.wicket.guice.GuiceWebApplicationFactoryTest
[INFO] [INFO] Running org.apache.wicket.guice.GuiceInjectInjectorTest
[INFO] [INFO] Tests run: 1, Failures: 0, Errors: 0, Skipped: 0, Time elapsed: 0.325 s -- in org.apache.wicket.guice.GuiceInjectInjectorTest
[INFO] [INFO] Running org.apache.wicket.guice.GuiceFieldValueFactoryTest
[INFO] [INFO] Tests run: 2, Failures: 0, Errors: 0, Skipped: 0, Time elapsed: 0.022 s -- in org.apache.wicket.guice.GuiceFieldValueFactoryTest
[INFO] [INFO] Running org.apache.wicket.guice.util.license.ApacheLicenceHeaderTest
[INFO] [INFO] Tests run: 1, Failures: 0, Errors: 0, Skipped: 0, Time elapsed: 0.017 s -- in org.apache.wicket.guice.util.license.ApacheLicenceHeaderTest
[INFO] [INFO] Running org.apache.wicket.guice.JakartaInjectGuiceInjectorTest
[INFO] [INFO] Tests run: 2, Failures: 0, Errors: 0, Skipped: 0, Time elapsed: 0.018 s -- in org.apache.wicket.guice.JakartaInjectGuiceInjectorTest
[INFO] [INFO] 
[INFO] [INFO] Results:
[INFO] [INFO] 
[INFO] [INFO] Tests run: 7, Failures: 0, Errors: 0, Skipped: 0
[INFO] [INFO] 
[INFO] [INFO] 
[INFO] [INFO] --- jar:3.5.0:jar (default-jar) @ wicket-guice ---
[INFO] [INFO] Set Build-Jdk-Spec based on toolchain in maven-jar-plugin JDK[/usr/lib/jvm/temurin-17-jdk-amd64/]
[INFO] [INFO] Building jar: /home/andrea/WicketBuild/wicket-10.x/target/checkout/wicket-guice/target/wicket-guice-10.11.0.jar
[INFO] [INFO] 
[INFO] [INFO] --- assembly:3.7.1:single (source-release-assembly) @ wicket-guice ---
[INFO] [INFO] Skipping the assembly in this project because it's not the Execution Root
[INFO] [INFO] 
[INFO] [INFO] --- source:3.4.0:jar-no-fork (attach-sources) @ wicket-guice ---
[INFO] [INFO] Building jar: /home/andrea/WicketBuild/wicket-10.x/target/checkout/wicket-guice/target/wicket-guice-10.11.0-sources.jar
[INFO] [INFO] 
[INFO] [INFO] --- javadoc:3.12.0:jar (attach-javadocs) @ wicket-guice ---
[INFO] [INFO] Toolchain in maven-javadoc-plugin: JDK[/usr/lib/jvm/temurin-17-jdk-amd64/]
[INFO] [INFO] Building jar: /home/andrea/WicketBuild/wicket-10.x/target/checkout/wicket-guice/target/wicket-guice-10.11.0-javadoc.jar
[INFO] [INFO] 
[INFO] [INFO] --- checksum:1.11:artifacts (source-release-checksum) @ wicket-guice ---
[INFO] [INFO] 
[INFO] [INFO] --- japicmp:0.25.4:cmp (default) @ wicket-guice ---
[INFO] [INFO] Written file '/home/andrea/WicketBuild/wicket-10.x/target/checkout/wicket-guice/target/japicmp/japicmp.diff'.
[INFO] [INFO] Written file '/home/andrea/WicketBuild/wicket-10.x/target/checkout/wicket-guice/target/japicmp/japicmp.md'.
[INFO] [INFO] 
[INFO] [INFO] --- gpg:3.2.8:sign (sign-release-artifacts) @ wicket-guice ---
[INFO] [INFO] Signer 'gpg' is signing 4 files with key default
[INFO] gpg: using "0xD1AE986470B5A49C3E6A27B2878F01FAA8D356E1" as default secret key for signing
[INFO] gpg: using "0xD1AE986470B5A49C3E6A27B2878F01FAA8D356E1" as default secret key for signing
[INFO] gpg: using "0xD1AE986470B5A49C3E6A27B2878F01FAA8D356E1" as default secret key for signing
[INFO] gpg: using "0xD1AE986470B5A49C3E6A27B2878F01FAA8D356E1" as default secret key for signing
[INFO] [INFO] 
[INFO] [INFO] --- install:3.1.4:install (default-install) @ wicket-guice ---
[INFO] [INFO] Installing /home/andrea/WicketBuild/wicket-10.x/target/checkout/wicket-guice/pom.xml to /home/andrea/.m2/repository/org/apache/wicket/wicket-guice/10.11.0/wicket-guice-10.11.0.pom
[INFO] [INFO] Installing /home/andrea/WicketBuild/wicket-10.x/target/checkout/wicket-guice/target/wicket-guice-10.11.0.jar to /home/andrea/.m2/repository/org/apache/wicket/wicket-guice/10.11.0/wicket-guice-10.11.0.jar
[INFO] [INFO] Installing /home/andrea/WicketBuild/wicket-10.x/target/checkout/wicket-guice/target/wicket-guice-10.11.0-sources.jar to /home/andrea/.m2/repository/org/apache/wicket/wicket-guice/10.11.0/wicket-guice-10.11.0-sources.jar
[INFO] [INFO] Installing /home/andrea/WicketBuild/wicket-10.x/target/checkout/wicket-guice/target/wicket-guice-10.11.0-javadoc.jar to /home/andrea/.m2/repository/org/apache/wicket/wicket-guice/10.11.0/wicket-guice-10.11.0-javadoc.jar
[INFO] [INFO] Installing /home/andrea/WicketBuild/wicket-10.x/target/checkout/wicket-guice/target/wicket-guice-10.11.0.jar.asc to /home/andrea/.m2/repository/org/apache/wicket/wicket-guice/10.11.0/wicket-guice-10.11.0.jar.asc
[INFO] [INFO] Installing /home/andrea/WicketBuild/wicket-10.x/target/checkout/wicket-guice/target/wicket-guice-10.11.0.pom.asc to /home/andrea/.m2/repository/org/apache/wicket/wicket-guice/10.11.0/wicket-guice-10.11.0.pom.asc
[INFO] [INFO] Installing /home/andrea/WicketBuild/wicket-10.x/target/checkout/wicket-guice/target/wicket-guice-10.11.0-sources.jar.asc to /home/andrea/.m2/repository/org/apache/wicket/wicket-guice/10.11.0/wicket-guice-10.11.0-sources.jar.asc
[INFO] [INFO] Installing /home/andrea/WicketBuild/wicket-10.x/target/checkout/wicket-guice/target/wicket-guice-10.11.0-javadoc.jar.asc to /home/andrea/.m2/repository/org/apache/wicket/wicket-guice/10.11.0/wicket-guice-10.11.0-javadoc.jar.asc
[INFO] [INFO] 
[INFO] [INFO] --- gpg:3.2.8:sign (sign-artifacts) @ wicket-guice ---
[INFO] [INFO] Signer 'gpg' is signing 4 files with key default
[INFO] gpg: using "0xD1AE986470B5A49C3E6A27B2878F01FAA8D356E1" as default secret key for signing
[INFO] [WARNING] artifact org.apache.wicket:wicket-guice:jar.asc:10.11.0 already attached, replace previous instance
[INFO] gpg: using "0xD1AE986470B5A49C3E6A27B2878F01FAA8D356E1" as default secret key for signing
[INFO] [WARNING] artifact org.apache.wicket:wicket-guice:pom.asc:10.11.0 already attached, replace previous instance
[INFO] gpg: using "0xD1AE986470B5A49C3E6A27B2878F01FAA8D356E1" as default secret key for signing
[INFO] [WARNING] artifact org.apache.wicket:wicket-guice:jar.asc:sources:10.11.0 already attached, replace previous instance
[INFO] gpg: using "0xD1AE986470B5A49C3E6A27B2878F01FAA8D356E1" as default secret key for signing
[INFO] [WARNING] artifact org.apache.wicket:wicket-guice:jar.asc:javadoc:10.11.0 already attached, replace previous instance
[INFO] [INFO] 
[INFO] [INFO] --- deploy:3.1.4:deploy (default-deploy) @ wicket-guice ---
[INFO] Uploading to apache.releases.https: https://repository.apache.org/service/local/staging/deploy/maven2/org/apache/wicket/wicket-guice/10.11.0/wicket-guice-10.11.0.pom
[INFO] Progress (1): 2.5 kB
[INFO]                     
[INFO] Uploaded to apache.releases.https: https://repository.apache.org/service/local/staging/deploy/maven2/org/apache/wicket/wicket-guice/10.11.0/wicket-guice-10.11.0.pom (2.5 kB at 4.5 kB/s)
[INFO] Uploading to apache.releases.https: https://repository.apache.org/service/local/staging/deploy/maven2/org/apache/wicket/wicket-guice/10.11.0/wicket-guice-10.11.0.jar
[INFO] Uploading to apache.releases.https: https://repository.apache.org/service/local/staging/deploy/maven2/org/apache/wicket/wicket-guice/10.11.0/wicket-guice-10.11.0-sources.jar
[INFO] Uploading to apache.releases.https: https://repository.apache.org/service/local/staging/deploy/maven2/org/apache/wicket/wicket-guice/10.11.0/wicket-guice-10.11.0-javadoc.jar
[INFO] Uploading to apache.releases.https: https://repository.apache.org/service/local/staging/deploy/maven2/org/apache/wicket/wicket-guice/10.11.0/wicket-guice-10.11.0.jar.asc
[INFO] Uploading to apache.releases.https: https://repository.apache.org/service/local/staging/deploy/maven2/org/apache/wicket/wicket-guice/10.11.0/wicket-guice-10.11.0.pom.asc
[INFO] Progress (1): 18 kB
[INFO] Progress (2): 18 kB | 833 B
[INFO] Progress (3): 18 kB | 833 B | 833 B
[INFO] Progress (4): 18 kB | 833 B | 833 B | 20 kB
[INFO] Progress (5): 18 kB | 833 B | 833 B | 20 kB | 33/135 kB
[INFO] Progress (5): 18 kB | 833 B | 833 B | 20 kB | 66/135 kB
[INFO] Progress (5): 18 kB | 833 B | 833 B | 20 kB | 98/135 kB
[INFO] Progress (5): 18 kB | 833 B | 833 B | 20 kB | 131/135 kB
[INFO] Progress (5): 18 kB | 833 B | 833 B | 20 kB | 135 kB    
[INFO]                                                     
[INFO] Uploaded to apache.releases.https: https://repository.apache.org/service/local/staging/deploy/maven2/org/apache/wicket/wicket-guice/10.11.0/wicket-guice-10.11.0.jar.asc (833 B at 4.1 kB/s)
[INFO] Uploading to apache.releases.https: https://repository.apache.org/service/local/staging/deploy/maven2/org/apache/wicket/wicket-guice/10.11.0/wicket-guice-10.11.0-sources.jar.asc
[INFO] Uploaded to apache.releases.https: https://repository.apache.org/service/local/staging/deploy/maven2/org/apache/wicket/wicket-guice/10.11.0/wicket-guice-10.11.0.pom.asc (833 B at 4.0 kB/s)
[INFO] Uploading to apache.releases.https: https://repository.apache.org/service/local/staging/deploy/maven2/org/apache/wicket/wicket-guice/10.11.0/wicket-guice-10.11.0-javadoc.jar.asc
[INFO] Progress (4): 18 kB | 20 kB | 135 kB | 833 B
[INFO] Progress (5): 18 kB | 20 kB | 135 kB | 833 B | 833 B
[INFO]                                                     
[INFO] Uploaded to apache.releases.https: https://repository.apache.org/service/local/staging/deploy/maven2/org/apache/wicket/wicket-guice/10.11.0/wicket-guice-10.11.0-javadoc.jar.asc (833 B at 2.2 kB/s)
[INFO] Uploaded to apache.releases.https: https://repository.apache.org/service/local/staging/deploy/maven2/org/apache/wicket/wicket-guice/10.11.0/wicket-guice-10.11.0-sources.jar.asc (833 B at 2.2 kB/s)
[INFO] Uploaded to apache.releases.https: https://repository.apache.org/service/local/staging/deploy/maven2/org/apache/wicket/wicket-guice/10.11.0/wicket-guice-10.11.0-sources.jar (18 kB at 28 kB/s)
[INFO] Uploaded to apache.releases.https: https://repository.apache.org/service/local/staging/deploy/maven2/org/apache/wicket/wicket-guice/10.11.0/wicket-guice-10.11.0.jar (20 kB at 30 kB/s)
[INFO] Uploaded to apache.releases.https: https://repository.apache.org/service/local/staging/deploy/maven2/org/apache/wicket/wicket-guice/10.11.0/wicket-guice-10.11.0-javadoc.jar (135 kB at 151 kB/s)
[INFO] Downloading from apache.releases.https: https://repository.apache.org/service/local/staging/deploy/maven2/org/apache/wicket/wicket-guice/maven-metadata.xml
[INFO] Uploading to apache.releases.https: https://repository.apache.org/service/local/staging/deploy/maven2/org/apache/wicket/wicket-guice/maven-metadata.xml
[INFO] Progress (1): 313 B
[INFO]                    
[INFO] Uploaded to apache.releases.https: https://repository.apache.org/service/local/staging/deploy/maven2/org/apache/wicket/wicket-guice/maven-metadata.xml (313 B at 557 B/s)
[INFO] [INFO] 
[INFO] [INFO] --------------------< org.apache.wicket:wicket-jmx >--------------------
[INFO] [INFO] Building Wicket JMX 10.11.0                                      [17/32]
[INFO] [INFO]   from wicket-jmx/pom.xml
[INFO] [INFO] --------------------------------[ jar ]---------------------------------
[INFO] [INFO] 
[INFO] [INFO] --- enforcer:3.6.2:enforce (enforce-maven) @ wicket-jmx ---
[INFO] [INFO] Rule 1: org.apache.maven.enforcer.rules.dependency.DependencyConvergence passed
[INFO] [INFO] Rule 2: com.github.ferstl.maven.pomenforcers.CompoundPedanticEnforcer(compound) passed
[INFO] [INFO] 
[INFO] [INFO] --- enforcer:3.6.2:enforce (enforce-maven-version) @ wicket-jmx ---
[INFO] [INFO] Rule 1: org.apache.maven.enforcer.rules.dependency.DependencyConvergence passed
[INFO] [INFO] Rule 2: com.github.ferstl.maven.pomenforcers.CompoundPedanticEnforcer(compound) passed
[INFO] [INFO] 
[INFO] [INFO] --- enforcer:3.6.2:enforce (enforce-java-version) @ wicket-jmx ---
[INFO] [INFO] Rule 1: org.apache.maven.enforcer.rules.dependency.DependencyConvergence passed
[INFO] [INFO] Rule 2: com.github.ferstl.maven.pomenforcers.CompoundPedanticEnforcer(compound) passed
[INFO] [INFO] 
[INFO] [INFO] --- toolchains:3.2.0:toolchain (default) @ wicket-jmx ---
[INFO] [INFO] Required toolchain: jdk [ version='17' ]
[INFO] [INFO] Found matching toolchain for type jdk: JDK[/usr/lib/jvm/temurin-17-jdk-amd64/]
[INFO] [INFO] 
[INFO] [INFO] --- remote-resources:3.3.0:process (default) @ wicket-jmx ---
[INFO] [INFO] Preparing remote bundle org.apache:apache-jar-resource-bundle:1.4
[INFO] [INFO] Copying 3 resources from 1 bundle.
[INFO] [INFO] 
[INFO] [INFO] --- remote-resources:3.3.0:process (process-resource-bundles) @ wicket-jmx ---
[INFO] [INFO] Preparing remote bundle org.apache.apache.resources:apache-jar-resource-bundle:1.7
[INFO] [INFO] Copying 3 resources from 1 bundle.
[INFO] [INFO] 
[INFO] [INFO] --- resources:3.4.0:resources (default-resources) @ wicket-jmx ---
[INFO] [INFO] Copying 0 resource from src/main/java to target/classes
[INFO] [INFO] Copying 1 resource from src/main/resources to target/classes
[INFO] [INFO] skip non existing resourceDirectory /home/andrea/WicketBuild/wicket-10.x/target/checkout/wicket-jmx/target/generated-res
[INFO] [INFO] Copying 3 resources from target/maven-shared-archive-resources to target/classes
[INFO] [INFO] Copying 3 resources from target/maven-shared-archive-resources to target/classes
[INFO] [INFO] 
[INFO] [INFO] --- compiler:3.14.1:compile (default-compile) @ wicket-jmx ---
[INFO] [INFO] Toolchain in maven-compiler-plugin: JDK[/usr/lib/jvm/temurin-17-jdk-amd64/]
[INFO] [INFO] Recompiling the module because of changed dependency.
[INFO] [INFO] Compiling 25 source files with javac [forked debug deprecation release 17 module-path] to target/classes
[INFO] [INFO] JDK-8318913 workaround: patched module-info.class requires version from [17.0.20.1] to [17] on 2 JDK modules [java.base, java.management]
[INFO] [WARNING] /home/andrea/WicketBuild/wicket-10.x/target/checkout/wicket-jmx/src/main/java/org/apache/wicket/jmx/DebugSettingsMBean.java:[77,6] [dep-ann] deprecated item is not annotated with @Deprecated
[INFO] [WARNING] /home/andrea/WicketBuild/wicket-10.x/target/checkout/wicket-jmx/src/main/java/org/apache/wicket/jmx/wrapper/DebugSettings.java:[84,13] [deprecation] setOutputMarkupContainerClassName(boolean) in DebugSettingsMBean has been deprecated
[INFO] [WARNING] /home/andrea/WicketBuild/wicket-10.x/target/checkout/wicket-jmx/src/main/java/org/apache/wicket/jmx/wrapper/DebugSettings.java:[86,32] [removal] setOutputMarkupContainerClassName(boolean) in DebugSettings has been deprecated and marked for removal
[INFO] [WARNING] /home/andrea/WicketBuild/wicket-10.x/target/checkout/wicket-jmx/src/main/java/org/apache/wicket/jmx/wrapper/DebugSettings.java:[98,39] [removal] isOutputMarkupContainerClassName() in DebugSettings has been deprecated and marked for removal
[INFO] [INFO] 
[INFO] [INFO] --- bundle:6.0.0:manifest (default-bundle) @ wicket-jmx ---
[INFO] [INFO] No MANIFEST.MF file found, generating manifest.
[INFO] [INFO] Writing manifest: /home/andrea/WicketBuild/wicket-10.x/target/checkout/wicket-jmx/target/classes/META-INF/MANIFEST.MF
[INFO] [INFO] 
[INFO] [INFO] --- resources:3.4.0:testResources (default-testResources) @ wicket-jmx ---
[INFO] [INFO] Copying 0 resource from src/test/java to target/test-classes
[INFO] [INFO] Copying 3 resources from target/maven-shared-archive-resources to target/test-classes
[INFO] [INFO] Copying 3 resources from target/maven-shared-archive-resources to target/test-classes
[INFO] [INFO] 
[INFO] [INFO] --- compiler:3.14.1:testCompile (default-testCompile) @ wicket-jmx ---
[INFO] [INFO] Toolchain in maven-compiler-plugin: JDK[/usr/lib/jvm/temurin-17-jdk-amd64/]
[INFO] [INFO] Recompiling the module because of changed dependency.
[INFO] [INFO] Compiling 1 source file with javac [forked debug deprecation release 17 module-path] to target/test-classes
[INFO] [INFO] 
[INFO] [INFO] --- surefire:3.5.4:test (default-test) @ wicket-jmx ---
[INFO] [INFO] Toolchain in maven-surefire-plugin: JDK[/usr/lib/jvm/temurin-17-jdk-amd64/]
[INFO] [INFO] Using auto detected provider org.apache.maven.surefire.junitplatform.JUnitPlatformProvider
[INFO] [INFO] 
[INFO] [INFO] -------------------------------------------------------
[INFO] [INFO]  T E S T S
[INFO] [INFO] -------------------------------------------------------
[ERROR] WARNING: Using incubator modules: jdk.incubator.foreign, jdk.incubator.vector
[INFO] [INFO] Running org.apache.wicket.jmx.util.license.ApacheLicenceHeaderTest
[ERROR] SLF4J(W): No SLF4J providers were found.
[ERROR] SLF4J(W): Defaulting to no-operation (NOP) logger implementation
[ERROR] SLF4J(W): See https://www.slf4j.org/codes.html#noProviders for further details.
[INFO] [INFO] Tests run: 1, Failures: 0, Errors: 0, Skipped: 0, Time elapsed: 0.057 s -- in org.apache.wicket.jmx.util.license.ApacheLicenceHeaderTest
[INFO] [INFO] 
[INFO] [INFO] Results:
[INFO] [INFO] 
[INFO] [INFO] Tests run: 1, Failures: 0, Errors: 0, Skipped: 0
[INFO] [INFO] 
[INFO] [INFO] 
[INFO] [INFO] --- jar:3.5.0:jar (default-jar) @ wicket-jmx ---
[INFO] [INFO] Set Build-Jdk-Spec based on toolchain in maven-jar-plugin JDK[/usr/lib/jvm/temurin-17-jdk-amd64/]
[INFO] [INFO] Building jar: /home/andrea/WicketBuild/wicket-10.x/target/checkout/wicket-jmx/target/wicket-jmx-10.11.0.jar
[INFO] [INFO] 
[INFO] [INFO] --- assembly:3.7.1:single (source-release-assembly) @ wicket-jmx ---
[INFO] [INFO] Skipping the assembly in this project because it's not the Execution Root
[INFO] [INFO] 
[INFO] [INFO] --- source:3.4.0:jar-no-fork (attach-sources) @ wicket-jmx ---
[INFO] [INFO] Building jar: /home/andrea/WicketBuild/wicket-10.x/target/checkout/wicket-jmx/target/wicket-jmx-10.11.0-sources.jar
[INFO] [INFO] 
[INFO] [INFO] --- javadoc:3.12.0:jar (attach-javadocs) @ wicket-jmx ---
[INFO] [INFO] Toolchain in maven-javadoc-plugin: JDK[/usr/lib/jvm/temurin-17-jdk-amd64/]
[INFO] [INFO] Building jar: /home/andrea/WicketBuild/wicket-10.x/target/checkout/wicket-jmx/target/wicket-jmx-10.11.0-javadoc.jar
[INFO] [INFO] 
[INFO] [INFO] --- checksum:1.11:artifacts (source-release-checksum) @ wicket-jmx ---
[INFO] [INFO] 
[INFO] [INFO] --- japicmp:0.25.4:cmp (default) @ wicket-jmx ---
[INFO] [INFO] Written file '/home/andrea/WicketBuild/wicket-10.x/target/checkout/wicket-jmx/target/japicmp/japicmp.diff'.
[INFO] [INFO] Written file '/home/andrea/WicketBuild/wicket-10.x/target/checkout/wicket-jmx/target/japicmp/japicmp.md'.
[INFO] [INFO] 
[INFO] [INFO] --- gpg:3.2.8:sign (sign-release-artifacts) @ wicket-jmx ---
[INFO] [INFO] Signer 'gpg' is signing 4 files with key default
[INFO] gpg: using "0xD1AE986470B5A49C3E6A27B2878F01FAA8D356E1" as default secret key for signing
[INFO] gpg: using "0xD1AE986470B5A49C3E6A27B2878F01FAA8D356E1" as default secret key for signing
[INFO] gpg: using "0xD1AE986470B5A49C3E6A27B2878F01FAA8D356E1" as default secret key for signing
[INFO] gpg: using "0xD1AE986470B5A49C3E6A27B2878F01FAA8D356E1" as default secret key for signing
[INFO] [INFO] 
[INFO] [INFO] --- install:3.1.4:install (default-install) @ wicket-jmx ---
[INFO] [INFO] Installing /home/andrea/WicketBuild/wicket-10.x/target/checkout/wicket-jmx/pom.xml to /home/andrea/.m2/repository/org/apache/wicket/wicket-jmx/10.11.0/wicket-jmx-10.11.0.pom
[INFO] [INFO] Installing /home/andrea/WicketBuild/wicket-10.x/target/checkout/wicket-jmx/target/wicket-jmx-10.11.0.jar to /home/andrea/.m2/repository/org/apache/wicket/wicket-jmx/10.11.0/wicket-jmx-10.11.0.jar
[INFO] [INFO] Installing /home/andrea/WicketBuild/wicket-10.x/target/checkout/wicket-jmx/target/wicket-jmx-10.11.0-sources.jar to /home/andrea/.m2/repository/org/apache/wicket/wicket-jmx/10.11.0/wicket-jmx-10.11.0-sources.jar
[INFO] [INFO] Installing /home/andrea/WicketBuild/wicket-10.x/target/checkout/wicket-jmx/target/wicket-jmx-10.11.0-javadoc.jar to /home/andrea/.m2/repository/org/apache/wicket/wicket-jmx/10.11.0/wicket-jmx-10.11.0-javadoc.jar
[INFO] [INFO] Installing /home/andrea/WicketBuild/wicket-10.x/target/checkout/wicket-jmx/target/wicket-jmx-10.11.0.jar.asc to /home/andrea/.m2/repository/org/apache/wicket/wicket-jmx/10.11.0/wicket-jmx-10.11.0.jar.asc
[INFO] [INFO] Installing /home/andrea/WicketBuild/wicket-10.x/target/checkout/wicket-jmx/target/wicket-jmx-10.11.0.pom.asc to /home/andrea/.m2/repository/org/apache/wicket/wicket-jmx/10.11.0/wicket-jmx-10.11.0.pom.asc
[INFO] [INFO] Installing /home/andrea/WicketBuild/wicket-10.x/target/checkout/wicket-jmx/target/wicket-jmx-10.11.0-sources.jar.asc to /home/andrea/.m2/repository/org/apache/wicket/wicket-jmx/10.11.0/wicket-jmx-10.11.0-sources.jar.asc
[INFO] [INFO] Installing /home/andrea/WicketBuild/wicket-10.x/target/checkout/wicket-jmx/target/wicket-jmx-10.11.0-javadoc.jar.asc to /home/andrea/.m2/repository/org/apache/wicket/wicket-jmx/10.11.0/wicket-jmx-10.11.0-javadoc.jar.asc
[INFO] [INFO] 
[INFO] [INFO] --- gpg:3.2.8:sign (sign-artifacts) @ wicket-jmx ---
[INFO] [INFO] Signer 'gpg' is signing 4 files with key default
[INFO] gpg: using "0xD1AE986470B5A49C3E6A27B2878F01FAA8D356E1" as default secret key for signing
[INFO] [WARNING] artifact org.apache.wicket:wicket-jmx:jar.asc:10.11.0 already attached, replace previous instance
[INFO] gpg: using "0xD1AE986470B5A49C3E6A27B2878F01FAA8D356E1" as default secret key for signing
[INFO] [WARNING] artifact org.apache.wicket:wicket-jmx:pom.asc:10.11.0 already attached, replace previous instance
[INFO] gpg: using "0xD1AE986470B5A49C3E6A27B2878F01FAA8D356E1" as default secret key for signing
[INFO] [WARNING] artifact org.apache.wicket:wicket-jmx:jar.asc:sources:10.11.0 already attached, replace previous instance
[INFO] gpg: using "0xD1AE986470B5A49C3E6A27B2878F01FAA8D356E1" as default secret key for signing
[INFO] [WARNING] artifact org.apache.wicket:wicket-jmx:jar.asc:javadoc:10.11.0 already attached, replace previous instance
[INFO] [INFO] 
[INFO] [INFO] --- deploy:3.1.4:deploy (default-deploy) @ wicket-jmx ---
[INFO] Uploading to apache.releases.https: https://repository.apache.org/service/local/staging/deploy/maven2/org/apache/wicket/wicket-jmx/10.11.0/wicket-jmx-10.11.0.pom
[INFO] Progress (1): 1.9 kB
[INFO]                     
[INFO] Uploaded to apache.releases.https: https://repository.apache.org/service/local/staging/deploy/maven2/org/apache/wicket/wicket-jmx/10.11.0/wicket-jmx-10.11.0.pom (1.9 kB at 3.5 kB/s)
[INFO] Uploading to apache.releases.https: https://repository.apache.org/service/local/staging/deploy/maven2/org/apache/wicket/wicket-jmx/10.11.0/wicket-jmx-10.11.0.jar
[INFO] Uploading to apache.releases.https: https://repository.apache.org/service/local/staging/deploy/maven2/org/apache/wicket/wicket-jmx/10.11.0/wicket-jmx-10.11.0-sources.jar
[INFO] Uploading to apache.releases.https: https://repository.apache.org/service/local/staging/deploy/maven2/org/apache/wicket/wicket-jmx/10.11.0/wicket-jmx-10.11.0-javadoc.jar
[INFO] Uploading to apache.releases.https: https://repository.apache.org/service/local/staging/deploy/maven2/org/apache/wicket/wicket-jmx/10.11.0/wicket-jmx-10.11.0.jar.asc
[INFO] Uploading to apache.releases.https: https://repository.apache.org/service/local/staging/deploy/maven2/org/apache/wicket/wicket-jmx/10.11.0/wicket-jmx-10.11.0.pom.asc
[INFO] Progress (1): 833 B
[INFO] Progress (2): 833 B | 31 kB
[INFO] Progress (3): 833 B | 31 kB | 833 B
[INFO] Progress (4): 833 B | 31 kB | 833 B | 33/38 kB
[INFO] Progress (4): 833 B | 31 kB | 833 B | 38 kB   
[INFO] Progress (5): 833 B | 31 kB | 833 B | 38 kB | 33/272 kB
[INFO] Progress (5): 833 B | 31 kB | 833 B | 38 kB | 66/272 kB
[INFO] Progress (5): 833 B | 31 kB | 833 B | 38 kB | 98/272 kB
[INFO] Progress (5): 833 B | 31 kB | 833 B | 38 kB | 131/272 kB
[INFO] Progress (5): 833 B | 31 kB | 833 B | 38 kB | 164/272 kB
[INFO] Progress (5): 833 B | 31 kB | 833 B | 38 kB | 197/272 kB
[INFO] Progress (5): 833 B | 31 kB | 833 B | 38 kB | 229/272 kB
[INFO] Progress (5): 833 B | 31 kB | 833 B | 38 kB | 262/272 kB
[INFO] Progress (5): 833 B | 31 kB | 833 B | 38 kB | 272 kB    
[INFO]                                                     
[INFO] Uploaded to apache.releases.https: https://repository.apache.org/service/local/staging/deploy/maven2/org/apache/wicket/wicket-jmx/10.11.0/wicket-jmx-10.11.0.pom.asc (833 B at 4.8 kB/s)
[INFO] Uploading to apache.releases.https: https://repository.apache.org/service/local/staging/deploy/maven2/org/apache/wicket/wicket-jmx/10.11.0/wicket-jmx-10.11.0-sources.jar.asc
[INFO] Uploaded to apache.releases.https: https://repository.apache.org/service/local/staging/deploy/maven2/org/apache/wicket/wicket-jmx/10.11.0/wicket-jmx-10.11.0.jar.asc (833 B at 4.7 kB/s)
[INFO] Uploading to apache.releases.https: https://repository.apache.org/service/local/staging/deploy/maven2/org/apache/wicket/wicket-jmx/10.11.0/wicket-jmx-10.11.0-javadoc.jar.asc
[INFO] Progress (4): 31 kB | 38 kB | 272 kB | 833 B
[INFO] Progress (5): 31 kB | 38 kB | 272 kB | 833 B | 833 B
[INFO]                                                     
[INFO] Uploaded to apache.releases.https: https://repository.apache.org/service/local/staging/deploy/maven2/org/apache/wicket/wicket-jmx/10.11.0/wicket-jmx-10.11.0-sources.jar.asc (833 B at 2.4 kB/s)
[INFO] Uploaded to apache.releases.https: https://repository.apache.org/service/local/staging/deploy/maven2/org/apache/wicket/wicket-jmx/10.11.0/wicket-jmx-10.11.0-javadoc.jar.asc (833 B at 2.4 kB/s)
[INFO] Uploaded to apache.releases.https: https://repository.apache.org/service/local/staging/deploy/maven2/org/apache/wicket/wicket-jmx/10.11.0/wicket-jmx-10.11.0.jar (31 kB at 50 kB/s)
[INFO] Uploaded to apache.releases.https: https://repository.apache.org/service/local/staging/deploy/maven2/org/apache/wicket/wicket-jmx/10.11.0/wicket-jmx-10.11.0-sources.jar (38 kB at 55 kB/s)
[INFO] Uploaded to apache.releases.https: https://repository.apache.org/service/local/staging/deploy/maven2/org/apache/wicket/wicket-jmx/10.11.0/wicket-jmx-10.11.0-javadoc.jar (272 kB at 265 kB/s)
[INFO] Downloading from apache.releases.https: https://repository.apache.org/service/local/staging/deploy/maven2/org/apache/wicket/wicket-jmx/maven-metadata.xml
[INFO] Uploading to apache.releases.https: https://repository.apache.org/service/local/staging/deploy/maven2/org/apache/wicket/wicket-jmx/maven-metadata.xml
[INFO] Progress (1): 311 B
[INFO]                    
[INFO] Uploaded to apache.releases.https: https://repository.apache.org/service/local/staging/deploy/maven2/org/apache/wicket/wicket-jmx/maven-metadata.xml (311 B at 562 B/s)
[INFO] [INFO] 
[INFO] [INFO] ------------< org.apache.wicket:wicket-objectsizeof-agent >-------------
[INFO] [INFO] Building Wicket Objects Sizeof Agent 10.11.0                     [18/32]
[INFO] [INFO]   from wicket-objectsizeof-agent/pom.xml
[INFO] [INFO] --------------------------------[ jar ]---------------------------------
[INFO] [INFO] 
[INFO] [INFO] --- enforcer:3.6.2:enforce (enforce-maven) @ wicket-objectsizeof-agent ---
[INFO] [INFO] Rule 1: org.apache.maven.enforcer.rules.dependency.DependencyConvergence passed
[INFO] [INFO] Rule 2: com.github.ferstl.maven.pomenforcers.CompoundPedanticEnforcer(compound) passed
[INFO] [INFO] 
[INFO] [INFO] --- enforcer:3.6.2:enforce (enforce-maven-version) @ wicket-objectsizeof-agent ---
[INFO] [INFO] Rule 1: org.apache.maven.enforcer.rules.dependency.DependencyConvergence passed
[INFO] [INFO] Rule 2: com.github.ferstl.maven.pomenforcers.CompoundPedanticEnforcer(compound) passed
[INFO] [INFO] 
[INFO] [INFO] --- enforcer:3.6.2:enforce (enforce-java-version) @ wicket-objectsizeof-agent ---
[INFO] [INFO] Rule 1: org.apache.maven.enforcer.rules.dependency.DependencyConvergence passed
[INFO] [INFO] Rule 2: com.github.ferstl.maven.pomenforcers.CompoundPedanticEnforcer(compound) passed
[INFO] [INFO] 
[INFO] [INFO] --- toolchains:3.2.0:toolchain (default) @ wicket-objectsizeof-agent ---
[INFO] [INFO] Required toolchain: jdk [ version='17' ]
[INFO] [INFO] Found matching toolchain for type jdk: JDK[/usr/lib/jvm/temurin-17-jdk-amd64/]
[INFO] [INFO] 
[INFO] [INFO] --- remote-resources:3.3.0:process (default) @ wicket-objectsizeof-agent ---
[INFO] [INFO] Preparing remote bundle org.apache:apache-jar-resource-bundle:1.4
[INFO] [INFO] Copying 3 resources from 1 bundle.
[INFO] [INFO] 
[INFO] [INFO] --- remote-resources:3.3.0:process (process-resource-bundles) @ wicket-objectsizeof-agent ---
[INFO] [INFO] Preparing remote bundle org.apache.apache.resources:apache-jar-resource-bundle:1.7
[INFO] [INFO] Copying 3 resources from 1 bundle.
[INFO] [INFO] 
[INFO] [INFO] --- resources:3.4.0:resources (default-resources) @ wicket-objectsizeof-agent ---
[INFO] [INFO] Copying 0 resource from src/main/java to target/classes
[INFO] [INFO] Copying 1 resource from src/main/resources to target/classes
[INFO] [INFO] skip non existing resourceDirectory /home/andrea/WicketBuild/wicket-10.x/target/checkout/wicket-objectsizeof-agent/target/generated-res
[INFO] [INFO] Copying 3 resources from target/maven-shared-archive-resources to target/classes
[INFO] [INFO] Copying 3 resources from target/maven-shared-archive-resources to target/classes
[INFO] [INFO] 
[INFO] [INFO] --- compiler:3.14.1:compile (default-compile) @ wicket-objectsizeof-agent ---
[INFO] [INFO] Toolchain in maven-compiler-plugin: JDK[/usr/lib/jvm/temurin-17-jdk-amd64/]
[INFO] [INFO] Recompiling the module because of changed dependency.
[INFO] [INFO] Compiling 3 source files with javac [forked debug deprecation release 17 module-path] to target/classes
[INFO] [INFO] JDK-8318913 workaround: patched module-info.class requires version from [17.0.20.1] to [17] on 2 JDK modules [java.base, java.instrument]
[INFO] [INFO] 
[INFO] [INFO] --- bundle:6.0.0:manifest (default-bundle) @ wicket-objectsizeof-agent ---
[INFO] [INFO] Writing manifest: /home/andrea/WicketBuild/wicket-10.x/target/checkout/wicket-objectsizeof-agent/target/classes/META-INF/MANIFEST.MF
[INFO] [INFO] 
[INFO] [INFO] --- resources:3.4.0:testResources (default-testResources) @ wicket-objectsizeof-agent ---
[INFO] [INFO] skip non existing resourceDirectory /home/andrea/WicketBuild/wicket-10.x/target/checkout/wicket-objectsizeof-agent/src/test/java
[INFO] [INFO] Copying 3 resources from target/maven-shared-archive-resources to target/test-classes
[INFO] [INFO] Copying 3 resources from target/maven-shared-archive-resources to target/test-classes
[INFO] [INFO] 
[INFO] [INFO] --- compiler:3.14.1:testCompile (default-testCompile) @ wicket-objectsizeof-agent ---
[INFO] [INFO] Toolchain in maven-compiler-plugin: JDK[/usr/lib/jvm/temurin-17-jdk-amd64/]
[INFO] [INFO] No sources to compile
[INFO] [INFO] 
[INFO] [INFO] --- surefire:3.5.4:test (default-test) @ wicket-objectsizeof-agent ---
[INFO] [INFO] Toolchain in maven-surefire-plugin: JDK[/usr/lib/jvm/temurin-17-jdk-amd64/]
[INFO] [INFO] 
[INFO] [INFO] --- jar:3.5.0:jar (default-jar) @ wicket-objectsizeof-agent ---
[INFO] [INFO] Set Build-Jdk-Spec based on toolchain in maven-jar-plugin JDK[/usr/lib/jvm/temurin-17-jdk-amd64/]
[INFO] [INFO] Building jar: /home/andrea/WicketBuild/wicket-10.x/target/checkout/wicket-objectsizeof-agent/target/wicket-objectsizeof-agent-10.11.0.jar
[INFO] [INFO] 
[INFO] [INFO] --- assembly:3.7.1:single (source-release-assembly) @ wicket-objectsizeof-agent ---
[INFO] [INFO] Skipping the assembly in this project because it's not the Execution Root
[INFO] [INFO] 
[INFO] [INFO] --- source:3.4.0:jar-no-fork (attach-sources) @ wicket-objectsizeof-agent ---
[INFO] [INFO] Building jar: /home/andrea/WicketBuild/wicket-10.x/target/checkout/wicket-objectsizeof-agent/target/wicket-objectsizeof-agent-10.11.0-sources.jar
[INFO] [INFO] 
[INFO] [INFO] --- javadoc:3.12.0:jar (attach-javadocs) @ wicket-objectsizeof-agent ---
[INFO] [INFO] Toolchain in maven-javadoc-plugin: JDK[/usr/lib/jvm/temurin-17-jdk-amd64/]
[INFO] [INFO] Building jar: /home/andrea/WicketBuild/wicket-10.x/target/checkout/wicket-objectsizeof-agent/target/wicket-objectsizeof-agent-10.11.0-javadoc.jar
[INFO] [INFO] 
[INFO] [INFO] --- checksum:1.11:artifacts (source-release-checksum) @ wicket-objectsizeof-agent ---
[INFO] [INFO] 
[INFO] [INFO] --- japicmp:0.25.4:cmp (default) @ wicket-objectsizeof-agent ---
[INFO] [INFO] Written file '/home/andrea/WicketBuild/wicket-10.x/target/checkout/wicket-objectsizeof-agent/target/japicmp/japicmp.diff'.
[INFO] [INFO] Written file '/home/andrea/WicketBuild/wicket-10.x/target/checkout/wicket-objectsizeof-agent/target/japicmp/japicmp.md'.
[INFO] [INFO] 
[INFO] [INFO] --- gpg:3.2.8:sign (sign-release-artifacts) @ wicket-objectsizeof-agent ---
[INFO] [INFO] Signer 'gpg' is signing 4 files with key default
[INFO] gpg: using "0xD1AE986470B5A49C3E6A27B2878F01FAA8D356E1" as default secret key for signing
[INFO] gpg: using "0xD1AE986470B5A49C3E6A27B2878F01FAA8D356E1" as default secret key for signing
[INFO] gpg: using "0xD1AE986470B5A49C3E6A27B2878F01FAA8D356E1" as default secret key for signing
[INFO] gpg: using "0xD1AE986470B5A49C3E6A27B2878F01FAA8D356E1" as default secret key for signing
[INFO] [INFO] 
[INFO] [INFO] --- install:3.1.4:install (default-install) @ wicket-objectsizeof-agent ---
[INFO] [INFO] Installing /home/andrea/WicketBuild/wicket-10.x/target/checkout/wicket-objectsizeof-agent/pom.xml to /home/andrea/.m2/repository/org/apache/wicket/wicket-objectsizeof-agent/10.11.0/wicket-objectsizeof-agent-10.11.0.pom
[INFO] [INFO] Installing /home/andrea/WicketBuild/wicket-10.x/target/checkout/wicket-objectsizeof-agent/target/wicket-objectsizeof-agent-10.11.0.jar to /home/andrea/.m2/repository/org/apache/wicket/wicket-objectsizeof-agent/10.11.0/wicket-objectsizeof-agent-10.11.0.jar
[INFO] [INFO] Installing /home/andrea/WicketBuild/wicket-10.x/target/checkout/wicket-objectsizeof-agent/target/wicket-objectsizeof-agent-10.11.0-sources.jar to /home/andrea/.m2/repository/org/apache/wicket/wicket-objectsizeof-agent/10.11.0/wicket-objectsizeof-agent-10.11.0-sources.jar
[INFO] [INFO] Installing /home/andrea/WicketBuild/wicket-10.x/target/checkout/wicket-objectsizeof-agent/target/wicket-objectsizeof-agent-10.11.0-javadoc.jar to /home/andrea/.m2/repository/org/apache/wicket/wicket-objectsizeof-agent/10.11.0/wicket-objectsizeof-agent-10.11.0-javadoc.jar
[INFO] [INFO] Installing /home/andrea/WicketBuild/wicket-10.x/target/checkout/wicket-objectsizeof-agent/target/wicket-objectsizeof-agent-10.11.0.jar.asc to /home/andrea/.m2/repository/org/apache/wicket/wicket-objectsizeof-agent/10.11.0/wicket-objectsizeof-agent-10.11.0.jar.asc
[INFO] [INFO] Installing /home/andrea/WicketBuild/wicket-10.x/target/checkout/wicket-objectsizeof-agent/target/wicket-objectsizeof-agent-10.11.0.pom.asc to /home/andrea/.m2/repository/org/apache/wicket/wicket-objectsizeof-agent/10.11.0/wicket-objectsizeof-agent-10.11.0.pom.asc
[INFO] [INFO] Installing /home/andrea/WicketBuild/wicket-10.x/target/checkout/wicket-objectsizeof-agent/target/wicket-objectsizeof-agent-10.11.0-sources.jar.asc to /home/andrea/.m2/repository/org/apache/wicket/wicket-objectsizeof-agent/10.11.0/wicket-objectsizeof-agent-10.11.0-sources.jar.asc
[INFO] [INFO] Installing /home/andrea/WicketBuild/wicket-10.x/target/checkout/wicket-objectsizeof-agent/target/wicket-objectsizeof-agent-10.11.0-javadoc.jar.asc to /home/andrea/.m2/repository/org/apache/wicket/wicket-objectsizeof-agent/10.11.0/wicket-objectsizeof-agent-10.11.0-javadoc.jar.asc
[INFO] [INFO] 
[INFO] [INFO] --- gpg:3.2.8:sign (sign-artifacts) @ wicket-objectsizeof-agent ---
[INFO] [INFO] Signer 'gpg' is signing 4 files with key default
[INFO] gpg: using "0xD1AE986470B5A49C3E6A27B2878F01FAA8D356E1" as default secret key for signing
[INFO] [WARNING] artifact org.apache.wicket:wicket-objectsizeof-agent:jar.asc:10.11.0 already attached, replace previous instance
[INFO] gpg: using "0xD1AE986470B5A49C3E6A27B2878F01FAA8D356E1" as default secret key for signing
[INFO] [WARNING] artifact org.apache.wicket:wicket-objectsizeof-agent:pom.asc:10.11.0 already attached, replace previous instance
[INFO] gpg: using "0xD1AE986470B5A49C3E6A27B2878F01FAA8D356E1" as default secret key for signing
[INFO] [WARNING] artifact org.apache.wicket:wicket-objectsizeof-agent:jar.asc:sources:10.11.0 already attached, replace previous instance
[INFO] gpg: using "0xD1AE986470B5A49C3E6A27B2878F01FAA8D356E1" as default secret key for signing
[INFO] [WARNING] artifact org.apache.wicket:wicket-objectsizeof-agent:jar.asc:javadoc:10.11.0 already attached, replace previous instance
[INFO] [INFO] 
[INFO] [INFO] --- deploy:3.1.4:deploy (default-deploy) @ wicket-objectsizeof-agent ---
[INFO] Uploading to apache.releases.https: https://repository.apache.org/service/local/staging/deploy/maven2/org/apache/wicket/wicket-objectsizeof-agent/10.11.0/wicket-objectsizeof-agent-10.11.0.pom
[INFO] Progress (1): 2.0 kB
[INFO]                     
[INFO] Uploaded to apache.releases.https: https://repository.apache.org/service/local/staging/deploy/maven2/org/apache/wicket/wicket-objectsizeof-agent/10.11.0/wicket-objectsizeof-agent-10.11.0.pom (2.0 kB at 3.6 kB/s)
[INFO] Uploading to apache.releases.https: https://repository.apache.org/service/local/staging/deploy/maven2/org/apache/wicket/wicket-objectsizeof-agent/10.11.0/wicket-objectsizeof-agent-10.11.0.jar
[INFO] Uploading to apache.releases.https: https://repository.apache.org/service/local/staging/deploy/maven2/org/apache/wicket/wicket-objectsizeof-agent/10.11.0/wicket-objectsizeof-agent-10.11.0-sources.jar
[INFO] Uploading to apache.releases.https: https://repository.apache.org/service/local/staging/deploy/maven2/org/apache/wicket/wicket-objectsizeof-agent/10.11.0/wicket-objectsizeof-agent-10.11.0-javadoc.jar
[INFO] Uploading to apache.releases.https: https://repository.apache.org/service/local/staging/deploy/maven2/org/apache/wicket/wicket-objectsizeof-agent/10.11.0/wicket-objectsizeof-agent-10.11.0.jar.asc
[INFO] Uploading to apache.releases.https: https://repository.apache.org/service/local/staging/deploy/maven2/org/apache/wicket/wicket-objectsizeof-agent/10.11.0/wicket-objectsizeof-agent-10.11.0.pom.asc
[INFO] Progress (1): 833 B
[INFO] Progress (2): 833 B | 833 B
[INFO] Progress (3): 833 B | 833 B | 33/105 kB
[INFO] Progress (3): 833 B | 833 B | 66/105 kB
[INFO] Progress (3): 833 B | 833 B | 98/105 kB
[INFO] Progress (3): 833 B | 833 B | 105 kB   
[INFO] Progress (4): 833 B | 833 B | 105 kB | 11 kB
[INFO] Progress (5): 833 B | 833 B | 105 kB | 11 kB | 12 kB
[INFO]                                                     
[INFO] Uploaded to apache.releases.https: https://repository.apache.org/service/local/staging/deploy/maven2/org/apache/wicket/wicket-objectsizeof-agent/10.11.0/wicket-objectsizeof-agent-10.11.0.pom.asc (833 B at 4.8 kB/s)
[INFO] Uploading to apache.releases.https: https://repository.apache.org/service/local/staging/deploy/maven2/org/apache/wicket/wicket-objectsizeof-agent/10.11.0/wicket-objectsizeof-agent-10.11.0-sources.jar.asc
[INFO] Uploaded to apache.releases.https: https://repository.apache.org/service/local/staging/deploy/maven2/org/apache/wicket/wicket-objectsizeof-agent/10.11.0/wicket-objectsizeof-agent-10.11.0.jar.asc (833 B at 4.8 kB/s)
[INFO] Uploading to apache.releases.https: https://repository.apache.org/service/local/staging/deploy/maven2/org/apache/wicket/wicket-objectsizeof-agent/10.11.0/wicket-objectsizeof-agent-10.11.0-javadoc.jar.asc
[INFO] Progress (4): 105 kB | 11 kB | 12 kB | 833 B
[INFO] Progress (5): 105 kB | 11 kB | 12 kB | 833 B | 833 B
[INFO]                                                     
[INFO] Uploaded to apache.releases.https: https://repository.apache.org/service/local/staging/deploy/maven2/org/apache/wicket/wicket-objectsizeof-agent/10.11.0/wicket-objectsizeof-agent-10.11.0-sources.jar.asc (833 B at 2.3 kB/s)
[INFO] Uploaded to apache.releases.https: https://repository.apache.org/service/local/staging/deploy/maven2/org/apache/wicket/wicket-objectsizeof-agent/10.11.0/wicket-objectsizeof-agent-10.11.0-javadoc.jar.asc (833 B at 2.3 kB/s)
[INFO] Uploaded to apache.releases.https: https://repository.apache.org/service/local/staging/deploy/maven2/org/apache/wicket/wicket-objectsizeof-agent/10.11.0/wicket-objectsizeof-agent-10.11.0-sources.jar (11 kB at 21 kB/s)
[INFO] Uploaded to apache.releases.https: https://repository.apache.org/service/local/staging/deploy/maven2/org/apache/wicket/wicket-objectsizeof-agent/10.11.0/wicket-objectsizeof-agent-10.11.0.jar (12 kB at 21 kB/s)
[INFO] Uploaded to apache.releases.https: https://repository.apache.org/service/local/staging/deploy/maven2/org/apache/wicket/wicket-objectsizeof-agent/10.11.0/wicket-objectsizeof-agent-10.11.0-javadoc.jar (105 kB at 110 kB/s)
[INFO] Downloading from apache.releases.https: https://repository.apache.org/service/local/staging/deploy/maven2/org/apache/wicket/wicket-objectsizeof-agent/maven-metadata.xml
[INFO] Uploading to apache.releases.https: https://repository.apache.org/service/local/staging/deploy/maven2/org/apache/wicket/wicket-objectsizeof-agent/maven-metadata.xml
[INFO] Progress (1): 326 B
[INFO]                    
[INFO] Uploaded to apache.releases.https: https://repository.apache.org/service/local/staging/deploy/maven2/org/apache/wicket/wicket-objectsizeof-agent/maven-metadata.xml (326 B at 630 B/s)
[INFO] [INFO] 
[INFO] [INFO] --------------< org.apache.wicket:wicket-bean-validation >--------------
[INFO] [INFO] Building Wicket Bean Validation 10.11.0                          [19/32]
[INFO] [INFO]   from wicket-bean-validation/pom.xml
[INFO] [INFO] --------------------------------[ jar ]---------------------------------
[INFO] [INFO] 
[INFO] [INFO] --- enforcer:3.6.2:enforce (enforce-maven) @ wicket-bean-validation ---
[INFO] [INFO] Rule 1: org.apache.maven.enforcer.rules.dependency.DependencyConvergence passed
[INFO] [INFO] Rule 2: com.github.ferstl.maven.pomenforcers.CompoundPedanticEnforcer(compound) passed
[INFO] [INFO] 
[INFO] [INFO] --- enforcer:3.6.2:enforce (enforce-maven-version) @ wicket-bean-validation ---
[INFO] [INFO] Rule 1: org.apache.maven.enforcer.rules.dependency.DependencyConvergence passed
[INFO] [INFO] Rule 2: com.github.ferstl.maven.pomenforcers.CompoundPedanticEnforcer(compound) passed
[INFO] [INFO] 
[INFO] [INFO] --- enforcer:3.6.2:enforce (enforce-java-version) @ wicket-bean-validation ---
[INFO] [INFO] Rule 1: org.apache.maven.enforcer.rules.dependency.DependencyConvergence passed
[INFO] [INFO] Rule 2: com.github.ferstl.maven.pomenforcers.CompoundPedanticEnforcer(compound) passed
[INFO] [INFO] 
[INFO] [INFO] --- toolchains:3.2.0:toolchain (default) @ wicket-bean-validation ---
[INFO] [INFO] Required toolchain: jdk [ version='17' ]
[INFO] [INFO] Found matching toolchain for type jdk: JDK[/usr/lib/jvm/temurin-17-jdk-amd64/]
[INFO] [INFO] 
[INFO] [INFO] --- remote-resources:3.3.0:process (default) @ wicket-bean-validation ---
[INFO] [INFO] Preparing remote bundle org.apache:apache-jar-resource-bundle:1.4
[INFO] [INFO] Copying 3 resources from 1 bundle.
[INFO] [INFO] 
[INFO] [INFO] --- remote-resources:3.3.0:process (process-resource-bundles) @ wicket-bean-validation ---
[INFO] [INFO] Preparing remote bundle org.apache.apache.resources:apache-jar-resource-bundle:1.7
[INFO] [INFO] Copying 3 resources from 1 bundle.
[INFO] [INFO] 
[INFO] [INFO] --- resources:3.4.0:resources (default-resources) @ wicket-bean-validation ---
[INFO] [INFO] Copying 3 resources from src/main/java to target/classes
[INFO] [INFO] skip non existing resourceDirectory /home/andrea/WicketBuild/wicket-10.x/target/checkout/wicket-bean-validation/src/main/resources
[INFO] [INFO] skip non existing resourceDirectory /home/andrea/WicketBuild/wicket-10.x/target/checkout/wicket-bean-validation/target/generated-res
[INFO] [INFO] Copying 3 resources from target/maven-shared-archive-resources to target/classes
[INFO] [INFO] Copying 3 resources from target/maven-shared-archive-resources to target/classes
[INFO] [INFO] 
[INFO] [INFO] --- compiler:3.14.1:compile (default-compile) @ wicket-bean-validation ---
[INFO] [INFO] Toolchain in maven-compiler-plugin: JDK[/usr/lib/jvm/temurin-17-jdk-amd64/]
[INFO] [INFO] Recompiling the module because of changed dependency.
[INFO] [INFO] Compiling 16 source files with javac [forked debug deprecation release 17 module-path] to target/classes
[INFO] [INFO] JDK-8318913 workaround: patched module-info.class requires version from [17.0.20.1] to [17] on 1 JDK modules [java.base]
[INFO] [INFO] 
[INFO] [INFO] --- bundle:6.0.0:manifest (default-bundle) @ wicket-bean-validation ---
[INFO] [INFO] No MANIFEST.MF file found, generating manifest.
[INFO] [WARNING] Manifest org.apache.wicket:wicket-bean-validation:jar:10.11.0 : Unused Import-Package instructions: [org.slf4j*] 
[INFO] [INFO] Writing manifest: /home/andrea/WicketBuild/wicket-10.x/target/checkout/wicket-bean-validation/target/classes/META-INF/MANIFEST.MF
[INFO] [INFO] 
[INFO] [INFO] --- resources:3.4.0:testResources (default-testResources) @ wicket-bean-validation ---
[INFO] [INFO] Copying 1 resource from src/test/java to target/test-classes
[INFO] [INFO] Copying 3 resources from target/maven-shared-archive-resources to target/test-classes
[INFO] [INFO] Copying 3 resources from target/maven-shared-archive-resources to target/test-classes
[INFO] [INFO] 
[INFO] [INFO] --- compiler:3.14.1:testCompile (default-testCompile) @ wicket-bean-validation ---
[INFO] [INFO] Toolchain in maven-compiler-plugin: JDK[/usr/lib/jvm/temurin-17-jdk-amd64/]
[INFO] [INFO] Recompiling the module because of changed dependency.
[INFO] [INFO] Compiling 8 source files with javac [forked debug deprecation release 17 module-path] to target/test-classes
[INFO] [INFO] 
[INFO] [INFO] --- surefire:3.5.4:test (default-test) @ wicket-bean-validation ---
[INFO] [INFO] Toolchain in maven-surefire-plugin: JDK[/usr/lib/jvm/temurin-17-jdk-amd64/]
[INFO] [INFO] Using auto detected provider org.apache.maven.surefire.junitplatform.JUnitPlatformProvider
[INFO] [INFO] 
[INFO] [INFO] -------------------------------------------------------
[INFO] [INFO]  T E S T S
[INFO] [INFO] -------------------------------------------------------
[ERROR] WARNING: Using incubator modules: jdk.incubator.foreign, jdk.incubator.vector
[INFO] [INFO] Running org.apache.wicket.bean.validation.ValidationModelResolverTest
[ERROR] SLF4J(W): No SLF4J providers were found.
[ERROR] SLF4J(W): Defaulting to no-operation (NOP) logger implementation
[ERROR] SLF4J(W): See https://www.slf4j.org/codes.html#noProviders for further details.
[INFO] [INFO] Tests run: 3, Failures: 0, Errors: 0, Skipped: 0, Time elapsed: 0.160 s -- in org.apache.wicket.bean.validation.ValidationModelResolverTest
[INFO] [INFO] Running org.apache.wicket.bean.validation.PropertyValidatorRequiredTest
[ERROR] Aug 24, 2026 1:46:38 PM org.hibernate.validator.internal.util.Version <clinit>
[ERROR] INFO: HV000001: Hibernate Validator 8.0.2.Final
[INFO] [INFO] Tests run: 2, Failures: 0, Errors: 0, Skipped: 0, Time elapsed: 0.433 s -- in org.apache.wicket.bean.validation.PropertyValidatorRequiredTest
[INFO] [INFO] Running org.apache.wicket.bean.validation.DefaultPropertyResolverTest
[INFO] [INFO] Tests run: 6, Failures: 0, Errors: 0, Skipped: 0, Time elapsed: 0.042 s -- in org.apache.wicket.bean.validation.DefaultPropertyResolverTest
[INFO] [INFO] Running org.apache.wicket.bean.validation.util.markup.xhtml.WellFormedXmlTest
[INFO] [INFO] Tests run: 1, Failures: 0, Errors: 0, Skipped: 0, Time elapsed: 0.004 s -- in org.apache.wicket.bean.validation.util.markup.xhtml.WellFormedXmlTest
[INFO] [INFO] Running org.apache.wicket.bean.validation.util.license.ApacheLicenceHeaderTest
[INFO] [INFO] Tests run: 1, Failures: 0, Errors: 0, Skipped: 0, Time elapsed: 0.018 s -- in org.apache.wicket.bean.validation.util.license.ApacheLicenceHeaderTest
[INFO] [INFO] 
[INFO] [INFO] Results:
[INFO] [INFO] 
[INFO] [INFO] Tests run: 13, Failures: 0, Errors: 0, Skipped: 0
[INFO] [INFO] 
[INFO] [INFO] 
[INFO] [INFO] --- jar:3.5.0:jar (default-jar) @ wicket-bean-validation ---
[INFO] [INFO] Set Build-Jdk-Spec based on toolchain in maven-jar-plugin JDK[/usr/lib/jvm/temurin-17-jdk-amd64/]
[INFO] [INFO] Building jar: /home/andrea/WicketBuild/wicket-10.x/target/checkout/wicket-bean-validation/target/wicket-bean-validation-10.11.0.jar
[INFO] [INFO] 
[INFO] [INFO] --- assembly:3.7.1:single (source-release-assembly) @ wicket-bean-validation ---
[INFO] [INFO] Skipping the assembly in this project because it's not the Execution Root
[INFO] [INFO] 
[INFO] [INFO] --- source:3.4.0:jar-no-fork (attach-sources) @ wicket-bean-validation ---
[INFO] [INFO] Building jar: /home/andrea/WicketBuild/wicket-10.x/target/checkout/wicket-bean-validation/target/wicket-bean-validation-10.11.0-sources.jar
[INFO] [INFO] 
[INFO] [INFO] --- javadoc:3.12.0:jar (attach-javadocs) @ wicket-bean-validation ---
[INFO] [INFO] Toolchain in maven-javadoc-plugin: JDK[/usr/lib/jvm/temurin-17-jdk-amd64/]
[INFO] [INFO] Building jar: /home/andrea/WicketBuild/wicket-10.x/target/checkout/wicket-bean-validation/target/wicket-bean-validation-10.11.0-javadoc.jar
[INFO] [INFO] 
[INFO] [INFO] --- checksum:1.11:artifacts (source-release-checksum) @ wicket-bean-validation ---
[INFO] [INFO] 
[INFO] [INFO] --- japicmp:0.25.4:cmp (default) @ wicket-bean-validation ---
[INFO] [INFO] Written file '/home/andrea/WicketBuild/wicket-10.x/target/checkout/wicket-bean-validation/target/japicmp/japicmp.diff'.
[INFO] [INFO] Written file '/home/andrea/WicketBuild/wicket-10.x/target/checkout/wicket-bean-validation/target/japicmp/japicmp.md'.
[INFO] [INFO] 
[INFO] [INFO] --- gpg:3.2.8:sign (sign-release-artifacts) @ wicket-bean-validation ---
[INFO] [INFO] Signer 'gpg' is signing 4 files with key default
[INFO] gpg: using "0xD1AE986470B5A49C3E6A27B2878F01FAA8D356E1" as default secret key for signing
[INFO] gpg: using "0xD1AE986470B5A49C3E6A27B2878F01FAA8D356E1" as default secret key for signing
[INFO] gpg: using "0xD1AE986470B5A49C3E6A27B2878F01FAA8D356E1" as default secret key for signing
[INFO] gpg: using "0xD1AE986470B5A49C3E6A27B2878F01FAA8D356E1" as default secret key for signing
[INFO] [INFO] 
[INFO] [INFO] --- install:3.1.4:install (default-install) @ wicket-bean-validation ---
[INFO] [INFO] Installing /home/andrea/WicketBuild/wicket-10.x/target/checkout/wicket-bean-validation/pom.xml to /home/andrea/.m2/repository/org/apache/wicket/wicket-bean-validation/10.11.0/wicket-bean-validation-10.11.0.pom
[INFO] [INFO] Installing /home/andrea/WicketBuild/wicket-10.x/target/checkout/wicket-bean-validation/target/wicket-bean-validation-10.11.0.jar to /home/andrea/.m2/repository/org/apache/wicket/wicket-bean-validation/10.11.0/wicket-bean-validation-10.11.0.jar
[INFO] [INFO] Installing /home/andrea/WicketBuild/wicket-10.x/target/checkout/wicket-bean-validation/target/wicket-bean-validation-10.11.0-sources.jar to /home/andrea/.m2/repository/org/apache/wicket/wicket-bean-validation/10.11.0/wicket-bean-validation-10.11.0-sources.jar
[INFO] [INFO] Installing /home/andrea/WicketBuild/wicket-10.x/target/checkout/wicket-bean-validation/target/wicket-bean-validation-10.11.0-javadoc.jar to /home/andrea/.m2/repository/org/apache/wicket/wicket-bean-validation/10.11.0/wicket-bean-validation-10.11.0-javadoc.jar
[INFO] [INFO] Installing /home/andrea/WicketBuild/wicket-10.x/target/checkout/wicket-bean-validation/target/wicket-bean-validation-10.11.0.jar.asc to /home/andrea/.m2/repository/org/apache/wicket/wicket-bean-validation/10.11.0/wicket-bean-validation-10.11.0.jar.asc
[INFO] [INFO] Installing /home/andrea/WicketBuild/wicket-10.x/target/checkout/wicket-bean-validation/target/wicket-bean-validation-10.11.0.pom.asc to /home/andrea/.m2/repository/org/apache/wicket/wicket-bean-validation/10.11.0/wicket-bean-validation-10.11.0.pom.asc
[INFO] [INFO] Installing /home/andrea/WicketBuild/wicket-10.x/target/checkout/wicket-bean-validation/target/wicket-bean-validation-10.11.0-sources.jar.asc to /home/andrea/.m2/repository/org/apache/wicket/wicket-bean-validation/10.11.0/wicket-bean-validation-10.11.0-sources.jar.asc
[INFO] [INFO] Installing /home/andrea/WicketBuild/wicket-10.x/target/checkout/wicket-bean-validation/target/wicket-bean-validation-10.11.0-javadoc.jar.asc to /home/andrea/.m2/repository/org/apache/wicket/wicket-bean-validation/10.11.0/wicket-bean-validation-10.11.0-javadoc.jar.asc
[INFO] [INFO] 
[INFO] [INFO] --- gpg:3.2.8:sign (sign-artifacts) @ wicket-bean-validation ---
[INFO] [INFO] Signer 'gpg' is signing 4 files with key default
[INFO] gpg: using "0xD1AE986470B5A49C3E6A27B2878F01FAA8D356E1" as default secret key for signing
[INFO] [WARNING] artifact org.apache.wicket:wicket-bean-validation:jar.asc:10.11.0 already attached, replace previous instance
[INFO] gpg: using "0xD1AE986470B5A49C3E6A27B2878F01FAA8D356E1" as default secret key for signing
[INFO] [WARNING] artifact org.apache.wicket:wicket-bean-validation:pom.asc:10.11.0 already attached, replace previous instance
[INFO] gpg: using "0xD1AE986470B5A49C3E6A27B2878F01FAA8D356E1" as default secret key for signing
[INFO] [WARNING] artifact org.apache.wicket:wicket-bean-validation:jar.asc:sources:10.11.0 already attached, replace previous instance
[INFO] gpg: using "0xD1AE986470B5A49C3E6A27B2878F01FAA8D356E1" as default secret key for signing
[INFO] [WARNING] artifact org.apache.wicket:wicket-bean-validation:jar.asc:javadoc:10.11.0 already attached, replace previous instance
[INFO] [INFO] 
[INFO] [INFO] --- deploy:3.1.4:deploy (default-deploy) @ wicket-bean-validation ---
[INFO] Uploading to apache.releases.https: https://repository.apache.org/service/local/staging/deploy/maven2/org/apache/wicket/wicket-bean-validation/10.11.0/wicket-bean-validation-10.11.0.pom
[INFO] Progress (1): 2.6 kB
[INFO]                     
[INFO] Uploaded to apache.releases.https: https://repository.apache.org/service/local/staging/deploy/maven2/org/apache/wicket/wicket-bean-validation/10.11.0/wicket-bean-validation-10.11.0.pom (2.6 kB at 4.9 kB/s)
[INFO] Uploading to apache.releases.https: https://repository.apache.org/service/local/staging/deploy/maven2/org/apache/wicket/wicket-bean-validation/10.11.0/wicket-bean-validation-10.11.0-sources.jar
[INFO] Uploading to apache.releases.https: https://repository.apache.org/service/local/staging/deploy/maven2/org/apache/wicket/wicket-bean-validation/10.11.0/wicket-bean-validation-10.11.0-javadoc.jar
[INFO] Uploading to apache.releases.https: https://repository.apache.org/service/local/staging/deploy/maven2/org/apache/wicket/wicket-bean-validation/10.11.0/wicket-bean-validation-10.11.0.jar.asc
[INFO] Uploading to apache.releases.https: https://repository.apache.org/service/local/staging/deploy/maven2/org/apache/wicket/wicket-bean-validation/10.11.0/wicket-bean-validation-10.11.0.jar
[INFO] Uploading to apache.releases.https: https://repository.apache.org/service/local/staging/deploy/maven2/org/apache/wicket/wicket-bean-validation/10.11.0/wicket-bean-validation-10.11.0.pom.asc
[INFO] Progress (1): 833 B
[INFO] Progress (2): 833 B | 833 B
[INFO] Progress (3): 833 B | 833 B | 33/34 kB
[INFO] Progress (3): 833 B | 833 B | 34 kB   
[INFO] Progress (4): 833 B | 833 B | 34 kB | 33/34 kB
[INFO] Progress (4): 833 B | 833 B | 34 kB | 34 kB   
[INFO] Progress (5): 833 B | 833 B | 34 kB | 34 kB | 33/194 kB
[INFO] Progress (5): 833 B | 833 B | 34 kB | 34 kB | 66/194 kB
[INFO] Progress (5): 833 B | 833 B | 34 kB | 34 kB | 98/194 kB
[INFO] Progress (5): 833 B | 833 B | 34 kB | 34 kB | 131/194 kB
[INFO] Progress (5): 833 B | 833 B | 34 kB | 34 kB | 164/194 kB
[INFO] Progress (5): 833 B | 833 B | 34 kB | 34 kB | 194 kB    
[INFO]                                                     
[INFO] Uploaded to apache.releases.https: https://repository.apache.org/service/local/staging/deploy/maven2/org/apache/wicket/wicket-bean-validation/10.11.0/wicket-bean-validation-10.11.0.pom.asc (833 B at 4.8 kB/s)
[INFO] Uploading to apache.releases.https: https://repository.apache.org/service/local/staging/deploy/maven2/org/apache/wicket/wicket-bean-validation/10.11.0/wicket-bean-validation-10.11.0-sources.jar.asc
[INFO] Uploaded to apache.releases.https: https://repository.apache.org/service/local/staging/deploy/maven2/org/apache/wicket/wicket-bean-validation/10.11.0/wicket-bean-validation-10.11.0.jar.asc (833 B at 4.7 kB/s)
[INFO] Uploading to apache.releases.https: https://repository.apache.org/service/local/staging/deploy/maven2/org/apache/wicket/wicket-bean-validation/10.11.0/wicket-bean-validation-10.11.0-javadoc.jar.asc
[INFO] Progress (4): 34 kB | 34 kB | 194 kB | 833 B
[INFO] Progress (5): 34 kB | 34 kB | 194 kB | 833 B | 833 B
[INFO]                                                     
[INFO] Uploaded to apache.releases.https: https://repository.apache.org/service/local/staging/deploy/maven2/org/apache/wicket/wicket-bean-validation/10.11.0/wicket-bean-validation-10.11.0-sources.jar.asc (833 B at 2.4 kB/s)
[INFO] Uploaded to apache.releases.https: https://repository.apache.org/service/local/staging/deploy/maven2/org/apache/wicket/wicket-bean-validation/10.11.0/wicket-bean-validation-10.11.0-javadoc.jar.asc (833 B at 2.3 kB/s)
[INFO] Uploaded to apache.releases.https: https://repository.apache.org/service/local/staging/deploy/maven2/org/apache/wicket/wicket-bean-validation/10.11.0/wicket-bean-validation-10.11.0.jar (34 kB at 55 kB/s)
[INFO] Uploaded to apache.releases.https: https://repository.apache.org/service/local/staging/deploy/maven2/org/apache/wicket/wicket-bean-validation/10.11.0/wicket-bean-validation-10.11.0-sources.jar (34 kB at 51 kB/s)
[INFO] Uploaded to apache.releases.https: https://repository.apache.org/service/local/staging/deploy/maven2/org/apache/wicket/wicket-bean-validation/10.11.0/wicket-bean-validation-10.11.0-javadoc.jar (194 kB at 206 kB/s)
[INFO] Downloading from apache.releases.https: https://repository.apache.org/service/local/staging/deploy/maven2/org/apache/wicket/wicket-bean-validation/maven-metadata.xml
[INFO] Uploading to apache.releases.https: https://repository.apache.org/service/local/staging/deploy/maven2/org/apache/wicket/wicket-bean-validation/maven-metadata.xml
[INFO] Progress (1): 323 B
[INFO]                    
[INFO] Uploaded to apache.releases.https: https://repository.apache.org/service/local/staging/deploy/maven2/org/apache/wicket/wicket-bean-validation/maven-metadata.xml (323 B at 514 B/s)
[INFO] [INFO] 
[INFO] [INFO] -------------< org.apache.wicket:wicket-native-websocket >--------------
[INFO] [INFO] Building Wicket Native WebSocket Parent 10.11.0                  [20/32]
[INFO] [INFO]   from wicket-native-websocket/pom.xml
[INFO] [INFO] --------------------------------[ pom ]---------------------------------
[INFO] [INFO] 
[INFO] [INFO] --- enforcer:3.6.2:enforce (enforce-maven) @ wicket-native-websocket ---
[INFO] [INFO] Rule 1: org.apache.maven.enforcer.rules.dependency.DependencyConvergence passed
[INFO] [INFO] Rule 2: com.github.ferstl.maven.pomenforcers.CompoundPedanticEnforcer(compound) passed
[INFO] [INFO] 
[INFO] [INFO] --- enforcer:3.6.2:enforce (enforce-maven-version) @ wicket-native-websocket ---
[INFO] [INFO] Rule 1: org.apache.maven.enforcer.rules.dependency.DependencyConvergence passed
[INFO] [INFO] Rule 2: com.github.ferstl.maven.pomenforcers.CompoundPedanticEnforcer(compound) passed
[INFO] [INFO] 
[INFO] [INFO] --- enforcer:3.6.2:enforce (enforce-java-version) @ wicket-native-websocket ---
[INFO] [INFO] Rule 1: org.apache.maven.enforcer.rules.dependency.DependencyConvergence passed
[INFO] [INFO] Rule 2: com.github.ferstl.maven.pomenforcers.CompoundPedanticEnforcer(compound) passed
[INFO] [INFO] 
[INFO] [INFO] --- toolchains:3.2.0:toolchain (default) @ wicket-native-websocket ---
[INFO] [INFO] Required toolchain: jdk [ version='17' ]
[INFO] [INFO] Found matching toolchain for type jdk: JDK[/usr/lib/jvm/temurin-17-jdk-amd64/]
[INFO] [INFO] 
[INFO] [INFO] --- remote-resources:3.3.0:process (default) @ wicket-native-websocket ---
[INFO] [INFO] Preparing remote bundle org.apache:apache-jar-resource-bundle:1.4
[INFO] [INFO] Copying 3 resources from 1 bundle.
[INFO] [INFO] 
[INFO] [INFO] --- remote-resources:3.3.0:process (process-resource-bundles) @ wicket-native-websocket ---
[INFO] [INFO] Preparing remote bundle org.apache.apache.resources:apache-jar-resource-bundle:1.7
[INFO] [INFO] Copying 3 resources from 1 bundle.
[INFO] [INFO] 
[INFO] [INFO] --- bundle:6.0.0:manifest (default-bundle) @ wicket-native-websocket ---
[INFO] [WARNING] Ignoring project type pom - supportedProjectTypes = [jar, bundle]
[INFO] [INFO] 
[INFO] [INFO] --- assembly:3.7.1:single (source-release-assembly) @ wicket-native-websocket ---
[INFO] [INFO] Skipping the assembly in this project because it's not the Execution Root
[INFO] [INFO] 
[INFO] [INFO] --- source:3.4.0:jar-no-fork (attach-sources) @ wicket-native-websocket ---
[INFO] [INFO] 
[INFO] [INFO] --- javadoc:3.12.0:jar (attach-javadocs) @ wicket-native-websocket ---
[INFO] [INFO] Not executing Javadoc as the project is not a Java classpath-capable package
[INFO] [INFO] 
[INFO] [INFO] --- checksum:1.11:artifacts (source-release-checksum) @ wicket-native-websocket ---
[INFO] [INFO] 
[INFO] [INFO] --- japicmp:0.25.4:cmp (default) @ wicket-native-websocket ---
[INFO] [INFO] Skipping module because packaging is 'pom'.
[INFO] [INFO] 
[INFO] [INFO] --- gpg:3.2.8:sign (sign-release-artifacts) @ wicket-native-websocket ---
[INFO] [INFO] Signer 'gpg' is signing 1 file with key default
[INFO] gpg: using "0xD1AE986470B5A49C3E6A27B2878F01FAA8D356E1" as default secret key for signing
[INFO] [INFO] 
[INFO] [INFO] --- install:3.1.4:install (default-install) @ wicket-native-websocket ---
[INFO] [INFO] Installing /home/andrea/WicketBuild/wicket-10.x/target/checkout/wicket-native-websocket/pom.xml to /home/andrea/.m2/repository/org/apache/wicket/wicket-native-websocket/10.11.0/wicket-native-websocket-10.11.0.pom
[INFO] [INFO] Installing /home/andrea/WicketBuild/wicket-10.x/target/checkout/wicket-native-websocket/target/wicket-native-websocket-10.11.0.pom.asc to /home/andrea/.m2/repository/org/apache/wicket/wicket-native-websocket/10.11.0/wicket-native-websocket-10.11.0.pom.asc
[INFO] [INFO] 
[INFO] [INFO] --- gpg:3.2.8:sign (sign-artifacts) @ wicket-native-websocket ---
[INFO] [INFO] Signer 'gpg' is signing 1 file with key default
[INFO] gpg: using "0xD1AE986470B5A49C3E6A27B2878F01FAA8D356E1" as default secret key for signing
[INFO] [WARNING] artifact org.apache.wicket:wicket-native-websocket:pom.asc:10.11.0 already attached, replace previous instance
[INFO] [INFO] 
[INFO] [INFO] --- deploy:3.1.4:deploy (default-deploy) @ wicket-native-websocket ---
[INFO] Uploading to apache.releases.https: https://repository.apache.org/service/local/staging/deploy/maven2/org/apache/wicket/wicket-native-websocket/10.11.0/wicket-native-websocket-10.11.0.pom
[INFO] Progress (1): 1.7 kB
[INFO]                     
[INFO] Uploaded to apache.releases.https: https://repository.apache.org/service/local/staging/deploy/maven2/org/apache/wicket/wicket-native-websocket/10.11.0/wicket-native-websocket-10.11.0.pom (1.7 kB at 2.2 kB/s)
[INFO] Uploading to apache.releases.https: https://repository.apache.org/service/local/staging/deploy/maven2/org/apache/wicket/wicket-native-websocket/10.11.0/wicket-native-websocket-10.11.0.pom.asc
[INFO] Progress (1): 833 B
[INFO]                    
[INFO] Uploaded to apache.releases.https: https://repository.apache.org/service/local/staging/deploy/maven2/org/apache/wicket/wicket-native-websocket/10.11.0/wicket-native-websocket-10.11.0.pom.asc (833 B at 4.4 kB/s)
[INFO] Downloading from apache.releases.https: https://repository.apache.org/service/local/staging/deploy/maven2/org/apache/wicket/wicket-native-websocket/maven-metadata.xml
[INFO] Uploading to apache.releases.https: https://repository.apache.org/service/local/staging/deploy/maven2/org/apache/wicket/wicket-native-websocket/maven-metadata.xml
[INFO] Progress (1): 324 B
[INFO]                    
[INFO] Uploaded to apache.releases.https: https://repository.apache.org/service/local/staging/deploy/maven2/org/apache/wicket/wicket-native-websocket/maven-metadata.xml (324 B at 579 B/s)
[INFO] [INFO] 
[INFO] [INFO] -----------< org.apache.wicket:wicket-native-websocket-core >-----------
[INFO] [INFO] Building Wicket Native WebSocket Core 10.11.0                    [21/32]
[INFO] [INFO]   from wicket-native-websocket/wicket-native-websocket-core/pom.xml
[INFO] [INFO] --------------------------------[ jar ]---------------------------------
[INFO] [INFO] 
[INFO] [INFO] --- enforcer:3.6.2:enforce (enforce-maven) @ wicket-native-websocket-core ---
[INFO] [INFO] Rule 1: org.apache.maven.enforcer.rules.dependency.DependencyConvergence passed
[INFO] [INFO] Rule 2: com.github.ferstl.maven.pomenforcers.CompoundPedanticEnforcer(compound) passed
[INFO] [INFO] 
[INFO] [INFO] --- enforcer:3.6.2:enforce (enforce-maven-version) @ wicket-native-websocket-core ---
[INFO] [INFO] Rule 1: org.apache.maven.enforcer.rules.dependency.DependencyConvergence passed
[INFO] [INFO] Rule 2: com.github.ferstl.maven.pomenforcers.CompoundPedanticEnforcer(compound) passed
[INFO] [INFO] 
[INFO] [INFO] --- enforcer:3.6.2:enforce (enforce-java-version) @ wicket-native-websocket-core ---
[INFO] [INFO] Rule 1: org.apache.maven.enforcer.rules.dependency.DependencyConvergence passed
[INFO] [INFO] Rule 2: com.github.ferstl.maven.pomenforcers.CompoundPedanticEnforcer(compound) passed
[INFO] [INFO] 
[INFO] [INFO] --- toolchains:3.2.0:toolchain (default) @ wicket-native-websocket-core ---
[INFO] [INFO] Required toolchain: jdk [ version='17' ]
[INFO] [INFO] Found matching toolchain for type jdk: JDK[/usr/lib/jvm/temurin-17-jdk-amd64/]
[INFO] [INFO] 
[INFO] [INFO] --- remote-resources:3.3.0:process (default) @ wicket-native-websocket-core ---
[INFO] [INFO] Preparing remote bundle org.apache:apache-jar-resource-bundle:1.4
[INFO] [INFO] Copying 3 resources from 1 bundle.
[INFO] [INFO] 
[INFO] [INFO] --- remote-resources:3.3.0:process (process-resource-bundles) @ wicket-native-websocket-core ---
[INFO] [INFO] Preparing remote bundle org.apache.apache.resources:apache-jar-resource-bundle:1.7
[INFO] [INFO] Copying 3 resources from 1 bundle.
[INFO] [INFO] 
[INFO] [INFO] --- resources:3.4.0:resources (default-resources) @ wicket-native-websocket-core ---
[INFO] [INFO] Copying 2 resources from src/main/java to target/classes
[INFO] [INFO] skip non existing resourceDirectory /home/andrea/WicketBuild/wicket-10.x/target/checkout/wicket-native-websocket/wicket-native-websocket-core/src/main/resources
[INFO] [INFO] skip non existing resourceDirectory /home/andrea/WicketBuild/wicket-10.x/target/checkout/wicket-native-websocket/wicket-native-websocket-core/target/generated-res
[INFO] [INFO] Copying 3 resources from target/maven-shared-archive-resources to target/classes
[INFO] [INFO] Copying 3 resources from target/maven-shared-archive-resources to target/classes
[INFO] [INFO] 
[INFO] [INFO] --- compiler:3.14.1:compile (default-compile) @ wicket-native-websocket-core ---
[INFO] [INFO] Toolchain in maven-compiler-plugin: JDK[/usr/lib/jvm/temurin-17-jdk-amd64/]
[INFO] [INFO] Recompiling the module because of changed dependency.
[INFO] [INFO] Compiling 52 source files with javac [forked debug deprecation release 17 module-path] to target/classes
[INFO] [INFO] JDK-8318913 workaround: patched module-info.class requires version from [17.0.20.1] to [17] on 1 JDK modules [java.base]
[INFO] [INFO] 
[INFO] [INFO] --- bundle:6.0.0:manifest (default-bundle) @ wicket-native-websocket-core ---
[INFO] [INFO] No MANIFEST.MF file found, generating manifest.
[INFO] [INFO] Writing manifest: /home/andrea/WicketBuild/wicket-10.x/target/checkout/wicket-native-websocket/wicket-native-websocket-core/target/classes/META-INF/MANIFEST.MF
[INFO] [INFO] 
[INFO] [INFO] --- resources:3.4.0:testResources (default-testResources) @ wicket-native-websocket-core ---
[INFO] [INFO] Copying 1 resource from src/test/java to target/test-classes
[INFO] [INFO] Copying 3 resources from target/maven-shared-archive-resources to target/test-classes
[INFO] [INFO] Copying 3 resources from target/maven-shared-archive-resources to target/test-classes
[INFO] [INFO] 
[INFO] [INFO] --- compiler:3.14.1:testCompile (default-testCompile) @ wicket-native-websocket-core ---
[INFO] [INFO] Toolchain in maven-compiler-plugin: JDK[/usr/lib/jvm/temurin-17-jdk-amd64/]
[INFO] [INFO] Recompiling the module because of changed dependency.
[INFO] [INFO] Compiling 1 source file with javac [forked debug deprecation release 17 module-path] to target/test-classes
[INFO] [INFO] 
[INFO] [INFO] --- surefire:3.5.4:test (default-test) @ wicket-native-websocket-core ---
[INFO] [INFO] Toolchain in maven-surefire-plugin: JDK[/usr/lib/jvm/temurin-17-jdk-amd64/]
[INFO] [INFO] Using auto detected provider org.apache.maven.surefire.junitplatform.JUnitPlatformProvider
[INFO] [INFO] 
[INFO] [INFO] -------------------------------------------------------
[INFO] [INFO]  T E S T S
[INFO] [INFO] -------------------------------------------------------
[ERROR] WARNING: Using incubator modules: jdk.incubator.vector, jdk.incubator.foreign
[INFO] [INFO] Running org.apache.wicket.protocol.ws.util.licence.ApacheLicenceHeaderTest
[ERROR] SLF4J(W): No SLF4J providers were found.
[ERROR] SLF4J(W): Defaulting to no-operation (NOP) logger implementation
[ERROR] SLF4J(W): See https://www.slf4j.org/codes.html#noProviders for further details.
[INFO] [INFO] Tests run: 1, Failures: 0, Errors: 0, Skipped: 0, Time elapsed: 0.065 s -- in org.apache.wicket.protocol.ws.util.licence.ApacheLicenceHeaderTest
[INFO] [INFO] 
[INFO] [INFO] Results:
[INFO] [INFO] 
[INFO] [INFO] Tests run: 1, Failures: 0, Errors: 0, Skipped: 0
[INFO] [INFO] 
[INFO] [INFO] 
[INFO] [INFO] --- jar:3.5.0:jar (default-jar) @ wicket-native-websocket-core ---
[INFO] [INFO] Set Build-Jdk-Spec based on toolchain in maven-jar-plugin JDK[/usr/lib/jvm/temurin-17-jdk-amd64/]
[INFO] [INFO] Building jar: /home/andrea/WicketBuild/wicket-10.x/target/checkout/wicket-native-websocket/wicket-native-websocket-core/target/wicket-native-websocket-core-10.11.0.jar
[INFO] [INFO] 
[INFO] [INFO] --- assembly:3.7.1:single (source-release-assembly) @ wicket-native-websocket-core ---
[INFO] [INFO] Skipping the assembly in this project because it's not the Execution Root
[INFO] [INFO] 
[INFO] [INFO] --- source:3.4.0:jar-no-fork (attach-sources) @ wicket-native-websocket-core ---
[INFO] [INFO] Building jar: /home/andrea/WicketBuild/wicket-10.x/target/checkout/wicket-native-websocket/wicket-native-websocket-core/target/wicket-native-websocket-core-10.11.0-sources.jar
[INFO] [INFO] 
[INFO] [INFO] --- javadoc:3.12.0:jar (attach-javadocs) @ wicket-native-websocket-core ---
[INFO] [INFO] Toolchain in maven-javadoc-plugin: JDK[/usr/lib/jvm/temurin-17-jdk-amd64/]
[INFO] [INFO] Building jar: /home/andrea/WicketBuild/wicket-10.x/target/checkout/wicket-native-websocket/wicket-native-websocket-core/target/wicket-native-websocket-core-10.11.0-javadoc.jar
[INFO] [INFO] 
[INFO] [INFO] --- checksum:1.11:artifacts (source-release-checksum) @ wicket-native-websocket-core ---
[INFO] [INFO] 
[INFO] [INFO] --- japicmp:0.25.4:cmp (default) @ wicket-native-websocket-core ---
[INFO] [INFO] Written file '/home/andrea/WicketBuild/wicket-10.x/target/checkout/wicket-native-websocket/wicket-native-websocket-core/target/japicmp/japicmp.diff'.
[INFO] [INFO] Written file '/home/andrea/WicketBuild/wicket-10.x/target/checkout/wicket-native-websocket/wicket-native-websocket-core/target/japicmp/japicmp.md'.
[INFO] [INFO] 
[INFO] [INFO] --- gpg:3.2.8:sign (sign-release-artifacts) @ wicket-native-websocket-core ---
[INFO] [INFO] Signer 'gpg' is signing 4 files with key default
[INFO] gpg: using "0xD1AE986470B5A49C3E6A27B2878F01FAA8D356E1" as default secret key for signing
[INFO] gpg: using "0xD1AE986470B5A49C3E6A27B2878F01FAA8D356E1" as default secret key for signing
[INFO] gpg: using "0xD1AE986470B5A49C3E6A27B2878F01FAA8D356E1" as default secret key for signing
[INFO] gpg: using "0xD1AE986470B5A49C3E6A27B2878F01FAA8D356E1" as default secret key for signing
[INFO] [INFO] 
[INFO] [INFO] --- install:3.1.4:install (default-install) @ wicket-native-websocket-core ---
[INFO] [INFO] Installing /home/andrea/WicketBuild/wicket-10.x/target/checkout/wicket-native-websocket/wicket-native-websocket-core/pom.xml to /home/andrea/.m2/repository/org/apache/wicket/wicket-native-websocket-core/10.11.0/wicket-native-websocket-core-10.11.0.pom
[INFO] [INFO] Installing /home/andrea/WicketBuild/wicket-10.x/target/checkout/wicket-native-websocket/wicket-native-websocket-core/target/wicket-native-websocket-core-10.11.0.jar to /home/andrea/.m2/repository/org/apache/wicket/wicket-native-websocket-core/10.11.0/wicket-native-websocket-core-10.11.0.jar
[INFO] [INFO] Installing /home/andrea/WicketBuild/wicket-10.x/target/checkout/wicket-native-websocket/wicket-native-websocket-core/target/wicket-native-websocket-core-10.11.0-sources.jar to /home/andrea/.m2/repository/org/apache/wicket/wicket-native-websocket-core/10.11.0/wicket-native-websocket-core-10.11.0-sources.jar
[INFO] [INFO] Installing /home/andrea/WicketBuild/wicket-10.x/target/checkout/wicket-native-websocket/wicket-native-websocket-core/target/wicket-native-websocket-core-10.11.0-javadoc.jar to /home/andrea/.m2/repository/org/apache/wicket/wicket-native-websocket-core/10.11.0/wicket-native-websocket-core-10.11.0-javadoc.jar
[INFO] [INFO] Installing /home/andrea/WicketBuild/wicket-10.x/target/checkout/wicket-native-websocket/wicket-native-websocket-core/target/wicket-native-websocket-core-10.11.0.jar.asc to /home/andrea/.m2/repository/org/apache/wicket/wicket-native-websocket-core/10.11.0/wicket-native-websocket-core-10.11.0.jar.asc
[INFO] [INFO] Installing /home/andrea/WicketBuild/wicket-10.x/target/checkout/wicket-native-websocket/wicket-native-websocket-core/target/wicket-native-websocket-core-10.11.0.pom.asc to /home/andrea/.m2/repository/org/apache/wicket/wicket-native-websocket-core/10.11.0/wicket-native-websocket-core-10.11.0.pom.asc
[INFO] [INFO] Installing /home/andrea/WicketBuild/wicket-10.x/target/checkout/wicket-native-websocket/wicket-native-websocket-core/target/wicket-native-websocket-core-10.11.0-sources.jar.asc to /home/andrea/.m2/repository/org/apache/wicket/wicket-native-websocket-core/10.11.0/wicket-native-websocket-core-10.11.0-sources.jar.asc
[INFO] [INFO] Installing /home/andrea/WicketBuild/wicket-10.x/target/checkout/wicket-native-websocket/wicket-native-websocket-core/target/wicket-native-websocket-core-10.11.0-javadoc.jar.asc to /home/andrea/.m2/repository/org/apache/wicket/wicket-native-websocket-core/10.11.0/wicket-native-websocket-core-10.11.0-javadoc.jar.asc
[INFO] [INFO] 
[INFO] [INFO] --- gpg:3.2.8:sign (sign-artifacts) @ wicket-native-websocket-core ---
[INFO] [INFO] Signer 'gpg' is signing 4 files with key default
[INFO] gpg: using "0xD1AE986470B5A49C3E6A27B2878F01FAA8D356E1" as default secret key for signing
[INFO] [WARNING] artifact org.apache.wicket:wicket-native-websocket-core:jar.asc:10.11.0 already attached, replace previous instance
[INFO] gpg: using "0xD1AE986470B5A49C3E6A27B2878F01FAA8D356E1" as default secret key for signing
[INFO] [WARNING] artifact org.apache.wicket:wicket-native-websocket-core:pom.asc:10.11.0 already attached, replace previous instance
[INFO] gpg: using "0xD1AE986470B5A49C3E6A27B2878F01FAA8D356E1" as default secret key for signing
[INFO] [WARNING] artifact org.apache.wicket:wicket-native-websocket-core:jar.asc:sources:10.11.0 already attached, replace previous instance
[INFO] gpg: using "0xD1AE986470B5A49C3E6A27B2878F01FAA8D356E1" as default secret key for signing
[INFO] [WARNING] artifact org.apache.wicket:wicket-native-websocket-core:jar.asc:javadoc:10.11.0 already attached, replace previous instance
[INFO] [INFO] 
[INFO] [INFO] --- deploy:3.1.4:deploy (default-deploy) @ wicket-native-websocket-core ---
[INFO] Uploading to apache.releases.https: https://repository.apache.org/service/local/staging/deploy/maven2/org/apache/wicket/wicket-native-websocket-core/10.11.0/wicket-native-websocket-core-10.11.0.pom
[INFO] Progress (1): 2.1 kB
[INFO]                     
[INFO] Uploaded to apache.releases.https: https://repository.apache.org/service/local/staging/deploy/maven2/org/apache/wicket/wicket-native-websocket-core/10.11.0/wicket-native-websocket-core-10.11.0.pom (2.1 kB at 3.8 kB/s)
[INFO] Uploading to apache.releases.https: https://repository.apache.org/service/local/staging/deploy/maven2/org/apache/wicket/wicket-native-websocket-core/10.11.0/wicket-native-websocket-core-10.11.0.jar
[INFO] Uploading to apache.releases.https: https://repository.apache.org/service/local/staging/deploy/maven2/org/apache/wicket/wicket-native-websocket-core/10.11.0/wicket-native-websocket-core-10.11.0-sources.jar
[INFO] Uploading to apache.releases.https: https://repository.apache.org/service/local/staging/deploy/maven2/org/apache/wicket/wicket-native-websocket-core/10.11.0/wicket-native-websocket-core-10.11.0-javadoc.jar
[INFO] Uploading to apache.releases.https: https://repository.apache.org/service/local/staging/deploy/maven2/org/apache/wicket/wicket-native-websocket-core/10.11.0/wicket-native-websocket-core-10.11.0.jar.asc
[INFO] Uploading to apache.releases.https: https://repository.apache.org/service/local/staging/deploy/maven2/org/apache/wicket/wicket-native-websocket-core/10.11.0/wicket-native-websocket-core-10.11.0.pom.asc
[INFO] Progress (1): 33/596 kB
[INFO] Progress (1): 66/596 kB
[INFO] Progress (1): 98/596 kB
[INFO] Progress (1): 131/596 kB
[INFO] Progress (1): 164/596 kB
[INFO] Progress (1): 197/596 kB
[INFO] Progress (1): 229/596 kB
[INFO] Progress (1): 262/596 kB
[INFO] Progress (2): 262/596 kB | 833 B
[INFO] Progress (3): 262/596 kB | 833 B | 833 B
[INFO] Progress (4): 262/596 kB | 833 B | 833 B | 33/87 kB
[INFO] Progress (5): 262/596 kB | 833 B | 833 B | 33/87 kB | 33/81 kB
[INFO] Progress (5): 262/596 kB | 833 B | 833 B | 66/87 kB | 33/81 kB
[INFO] Progress (5): 262/596 kB | 833 B | 833 B | 66/87 kB | 66/81 kB
[INFO] Progress (5): 262/596 kB | 833 B | 833 B | 87 kB | 66/81 kB   
[INFO] Progress (5): 262/596 kB | 833 B | 833 B | 87 kB | 81 kB   
[INFO]                                                         
[INFO] Uploaded to apache.releases.https: https://repository.apache.org/service/local/staging/deploy/maven2/org/apache/wicket/wicket-native-websocket-core/10.11.0/wicket-native-websocket-core-10.11.0.pom.asc (833 B at 4.6 kB/s)
[INFO] Uploading to apache.releases.https: https://repository.apache.org/service/local/staging/deploy/maven2/org/apache/wicket/wicket-native-websocket-core/10.11.0/wicket-native-websocket-core-10.11.0-sources.jar.asc
[INFO] Uploaded to apache.releases.https: https://repository.apache.org/service/local/staging/deploy/maven2/org/apache/wicket/wicket-native-websocket-core/10.11.0/wicket-native-websocket-core-10.11.0.jar.asc (833 B at 4.5 kB/s)
[INFO] Uploading to apache.releases.https: https://repository.apache.org/service/local/staging/deploy/maven2/org/apache/wicket/wicket-native-websocket-core/10.11.0/wicket-native-websocket-core-10.11.0-javadoc.jar.asc
[INFO] Progress (4): 262/596 kB | 87 kB | 81 kB | 833 B
[INFO] Progress (5): 262/596 kB | 87 kB | 81 kB | 833 B | 833 B
[INFO]                                                         
[INFO] Uploaded to apache.releases.https: https://repository.apache.org/service/local/staging/deploy/maven2/org/apache/wicket/wicket-native-websocket-core/10.11.0/wicket-native-websocket-core-10.11.0-sources.jar.asc (833 B at 2.3 kB/s)
[INFO] Uploaded to apache.releases.https: https://repository.apache.org/service/local/staging/deploy/maven2/org/apache/wicket/wicket-native-websocket-core/10.11.0/wicket-native-websocket-core-10.11.0-javadoc.jar.asc (833 B at 2.2 kB/s)
[INFO] Progress (3): 295/596 kB | 87 kB | 81 kB
[INFO] Progress (3): 328/596 kB | 87 kB | 81 kB
[INFO] Progress (3): 360/596 kB | 87 kB | 81 kB
[INFO] Progress (3): 393/596 kB | 87 kB | 81 kB
[INFO] Progress (3): 426/596 kB | 87 kB | 81 kB
[INFO] Progress (3): 459/596 kB | 87 kB | 81 kB
[INFO] Progress (3): 492/596 kB | 87 kB | 81 kB
[INFO] Progress (3): 524/596 kB | 87 kB | 81 kB
[INFO]                                         
[INFO] Uploaded to apache.releases.https: https://repository.apache.org/service/local/staging/deploy/maven2/org/apache/wicket/wicket-native-websocket-core/10.11.0/wicket-native-websocket-core-10.11.0.jar (87 kB at 108 kB/s)
[INFO] Progress (2): 557/596 kB | 81 kB
[INFO] Progress (2): 590/596 kB | 81 kB
[INFO] Progress (2): 596 kB | 81 kB    
[INFO]                             
[INFO] Uploaded to apache.releases.https: https://repository.apache.org/service/local/staging/deploy/maven2/org/apache/wicket/wicket-native-websocket-core/10.11.0/wicket-native-websocket-core-10.11.0-sources.jar (81 kB at 94 kB/s)
[INFO] Uploaded to apache.releases.https: https://repository.apache.org/service/local/staging/deploy/maven2/org/apache/wicket/wicket-native-websocket-core/10.11.0/wicket-native-websocket-core-10.11.0-javadoc.jar (596 kB at 373 kB/s)
[INFO] Downloading from apache.releases.https: https://repository.apache.org/service/local/staging/deploy/maven2/org/apache/wicket/wicket-native-websocket-core/maven-metadata.xml
[INFO] Uploading to apache.releases.https: https://repository.apache.org/service/local/staging/deploy/maven2/org/apache/wicket/wicket-native-websocket-core/maven-metadata.xml
[INFO] Progress (1): 329 B
[INFO]                    
[INFO] Uploaded to apache.releases.https: https://repository.apache.org/service/local/staging/deploy/maven2/org/apache/wicket/wicket-native-websocket-core/maven-metadata.xml (329 B at 637 B/s)
[INFO] [INFO] 
[INFO] [INFO] ----------< org.apache.wicket:wicket-native-websocket-javax >-----------
[INFO] [INFO] Building Wicket Native WebSocket Javax 10.11.0                   [22/32]
[INFO] [INFO]   from wicket-native-websocket/wicket-native-websocket-javax/pom.xml
[INFO] [INFO] --------------------------------[ jar ]---------------------------------
[INFO] [INFO] 
[INFO] [INFO] --- enforcer:3.6.2:enforce (enforce-maven) @ wicket-native-websocket-javax ---
[INFO] [INFO] Rule 1: org.apache.maven.enforcer.rules.dependency.DependencyConvergence passed
[INFO] [INFO] Rule 2: com.github.ferstl.maven.pomenforcers.CompoundPedanticEnforcer(compound) passed
[INFO] [INFO] 
[INFO] [INFO] --- enforcer:3.6.2:enforce (enforce-maven-version) @ wicket-native-websocket-javax ---
[INFO] [INFO] Rule 1: org.apache.maven.enforcer.rules.dependency.DependencyConvergence passed
[INFO] [INFO] Rule 2: com.github.ferstl.maven.pomenforcers.CompoundPedanticEnforcer(compound) passed
[INFO] [INFO] 
[INFO] [INFO] --- enforcer:3.6.2:enforce (enforce-java-version) @ wicket-native-websocket-javax ---
[INFO] [INFO] Rule 1: org.apache.maven.enforcer.rules.dependency.DependencyConvergence passed
[INFO] [INFO] Rule 2: com.github.ferstl.maven.pomenforcers.CompoundPedanticEnforcer(compound) passed
[INFO] [INFO] 
[INFO] [INFO] --- toolchains:3.2.0:toolchain (default) @ wicket-native-websocket-javax ---
[INFO] [INFO] Required toolchain: jdk [ version='17' ]
[INFO] [INFO] Found matching toolchain for type jdk: JDK[/usr/lib/jvm/temurin-17-jdk-amd64/]
[INFO] [INFO] 
[INFO] [INFO] --- remote-resources:3.3.0:process (default) @ wicket-native-websocket-javax ---
[INFO] [INFO] Preparing remote bundle org.apache:apache-jar-resource-bundle:1.4
[INFO] [INFO] Copying 3 resources from 1 bundle.
[INFO] [INFO] 
[INFO] [INFO] --- remote-resources:3.3.0:process (process-resource-bundles) @ wicket-native-websocket-javax ---
[INFO] [INFO] Preparing remote bundle org.apache.apache.resources:apache-jar-resource-bundle:1.7
[INFO] [INFO] Copying 3 resources from 1 bundle.
[INFO] [INFO] 
[INFO] [INFO] --- resources:3.4.0:resources (default-resources) @ wicket-native-websocket-javax ---
[INFO] [INFO] Copying 0 resource from src/main/java to target/classes
[INFO] [INFO] skip non existing resourceDirectory /home/andrea/WicketBuild/wicket-10.x/target/checkout/wicket-native-websocket/wicket-native-websocket-javax/src/main/resources
[INFO] [INFO] skip non existing resourceDirectory /home/andrea/WicketBuild/wicket-10.x/target/checkout/wicket-native-websocket/wicket-native-websocket-javax/target/generated-res
[INFO] [INFO] Copying 3 resources from target/maven-shared-archive-resources to target/classes
[INFO] [INFO] Copying 3 resources from target/maven-shared-archive-resources to target/classes
[INFO] [INFO] 
[INFO] [INFO] --- compiler:3.14.1:compile (default-compile) @ wicket-native-websocket-javax ---
[INFO] [INFO] Toolchain in maven-compiler-plugin: JDK[/usr/lib/jvm/temurin-17-jdk-amd64/]
[INFO] [INFO] Recompiling the module because of changed dependency.
[INFO] [INFO] Compiling 9 source files with javac [forked debug deprecation release 17 module-path] to target/classes
[INFO] [INFO] JDK-8318913 workaround: patched module-info.class requires version from [17.0.20.1] to [17] on 1 JDK modules [java.base]
[INFO] [INFO] 
[INFO] [INFO] --- bundle:6.0.0:manifest (default-bundle) @ wicket-native-websocket-javax ---
[INFO] [INFO] No MANIFEST.MF file found, generating manifest.
[INFO] [INFO] Writing manifest: /home/andrea/WicketBuild/wicket-10.x/target/checkout/wicket-native-websocket/wicket-native-websocket-javax/target/classes/META-INF/MANIFEST.MF
[INFO] [INFO] 
[INFO] [INFO] --- resources:3.4.0:testResources (default-testResources) @ wicket-native-websocket-javax ---
[INFO] [INFO] Copying 0 resource from src/test/java to target/test-classes
[INFO] [INFO] Copying 3 resources from target/maven-shared-archive-resources to target/test-classes
[INFO] [INFO] Copying 3 resources from target/maven-shared-archive-resources to target/test-classes
[INFO] [INFO] 
[INFO] [INFO] --- compiler:3.14.1:testCompile (default-testCompile) @ wicket-native-websocket-javax ---
[INFO] [INFO] Toolchain in maven-compiler-plugin: JDK[/usr/lib/jvm/temurin-17-jdk-amd64/]
[INFO] [INFO] Recompiling the module because of changed dependency.
[INFO] [INFO] Compiling 1 source file with javac [forked debug deprecation release 17 module-path] to target/test-classes
[INFO] [INFO] 
[INFO] [INFO] --- surefire:3.5.4:test (default-test) @ wicket-native-websocket-javax ---
[INFO] [INFO] Toolchain in maven-surefire-plugin: JDK[/usr/lib/jvm/temurin-17-jdk-amd64/]
[INFO] [INFO] Using auto detected provider org.apache.maven.surefire.junitplatform.JUnitPlatformProvider
[INFO] [INFO] 
[INFO] [INFO] -------------------------------------------------------
[INFO] [INFO]  T E S T S
[INFO] [INFO] -------------------------------------------------------
[ERROR] WARNING: Using incubator modules: jdk.incubator.foreign, jdk.incubator.vector
[INFO] [INFO] Running org.apache.wicket.protocol.ws.util.licence.ApacheLicenceHeaderTest
[ERROR] SLF4J(W): No SLF4J providers were found.
[ERROR] SLF4J(W): Defaulting to no-operation (NOP) logger implementation
[ERROR] SLF4J(W): See https://www.slf4j.org/codes.html#noProviders for further details.
[INFO] [INFO] Tests run: 1, Failures: 0, Errors: 0, Skipped: 0, Time elapsed: 0.052 s -- in org.apache.wicket.protocol.ws.util.licence.ApacheLicenceHeaderTest
[INFO] [INFO] 
[INFO] [INFO] Results:
[INFO] [INFO] 
[INFO] [INFO] Tests run: 1, Failures: 0, Errors: 0, Skipped: 0
[INFO] [INFO] 
[INFO] [INFO] 
[INFO] [INFO] --- jar:3.5.0:jar (default-jar) @ wicket-native-websocket-javax ---
[INFO] [INFO] Set Build-Jdk-Spec based on toolchain in maven-jar-plugin JDK[/usr/lib/jvm/temurin-17-jdk-amd64/]
[INFO] [INFO] Building jar: /home/andrea/WicketBuild/wicket-10.x/target/checkout/wicket-native-websocket/wicket-native-websocket-javax/target/wicket-native-websocket-javax-10.11.0.jar
[INFO] [INFO] 
[INFO] [INFO] --- assembly:3.7.1:single (source-release-assembly) @ wicket-native-websocket-javax ---
[INFO] [INFO] Skipping the assembly in this project because it's not the Execution Root
[INFO] [INFO] 
[INFO] [INFO] --- source:3.4.0:jar-no-fork (attach-sources) @ wicket-native-websocket-javax ---
[INFO] [INFO] Building jar: /home/andrea/WicketBuild/wicket-10.x/target/checkout/wicket-native-websocket/wicket-native-websocket-javax/target/wicket-native-websocket-javax-10.11.0-sources.jar
[INFO] [INFO] 
[INFO] [INFO] --- javadoc:3.12.0:jar (attach-javadocs) @ wicket-native-websocket-javax ---
[INFO] [INFO] Toolchain in maven-javadoc-plugin: JDK[/usr/lib/jvm/temurin-17-jdk-amd64/]
[INFO] [INFO] Building jar: /home/andrea/WicketBuild/wicket-10.x/target/checkout/wicket-native-websocket/wicket-native-websocket-javax/target/wicket-native-websocket-javax-10.11.0-javadoc.jar
[INFO] [INFO] 
[INFO] [INFO] --- checksum:1.11:artifacts (source-release-checksum) @ wicket-native-websocket-javax ---
[INFO] [INFO] 
[INFO] [INFO] --- japicmp:0.25.4:cmp (default) @ wicket-native-websocket-javax ---
[INFO] [INFO] Written file '/home/andrea/WicketBuild/wicket-10.x/target/checkout/wicket-native-websocket/wicket-native-websocket-javax/target/japicmp/japicmp.diff'.
[INFO] [INFO] Written file '/home/andrea/WicketBuild/wicket-10.x/target/checkout/wicket-native-websocket/wicket-native-websocket-javax/target/japicmp/japicmp.md'.
[INFO] [INFO] 
[INFO] [INFO] --- gpg:3.2.8:sign (sign-release-artifacts) @ wicket-native-websocket-javax ---
[INFO] [INFO] Signer 'gpg' is signing 4 files with key default
[INFO] gpg: using "0xD1AE986470B5A49C3E6A27B2878F01FAA8D356E1" as default secret key for signing
[INFO] gpg: using "0xD1AE986470B5A49C3E6A27B2878F01FAA8D356E1" as default secret key for signing
[INFO] gpg: using "0xD1AE986470B5A49C3E6A27B2878F01FAA8D356E1" as default secret key for signing
[INFO] gpg: using "0xD1AE986470B5A49C3E6A27B2878F01FAA8D356E1" as default secret key for signing
[INFO] [INFO] 
[INFO] [INFO] --- install:3.1.4:install (default-install) @ wicket-native-websocket-javax ---
[INFO] [INFO] Installing /home/andrea/WicketBuild/wicket-10.x/target/checkout/wicket-native-websocket/wicket-native-websocket-javax/pom.xml to /home/andrea/.m2/repository/org/apache/wicket/wicket-native-websocket-javax/10.11.0/wicket-native-websocket-javax-10.11.0.pom
[INFO] [INFO] Installing /home/andrea/WicketBuild/wicket-10.x/target/checkout/wicket-native-websocket/wicket-native-websocket-javax/target/wicket-native-websocket-javax-10.11.0.jar to /home/andrea/.m2/repository/org/apache/wicket/wicket-native-websocket-javax/10.11.0/wicket-native-websocket-javax-10.11.0.jar
[INFO] [INFO] Installing /home/andrea/WicketBuild/wicket-10.x/target/checkout/wicket-native-websocket/wicket-native-websocket-javax/target/wicket-native-websocket-javax-10.11.0-sources.jar to /home/andrea/.m2/repository/org/apache/wicket/wicket-native-websocket-javax/10.11.0/wicket-native-websocket-javax-10.11.0-sources.jar
[INFO] [INFO] Installing /home/andrea/WicketBuild/wicket-10.x/target/checkout/wicket-native-websocket/wicket-native-websocket-javax/target/wicket-native-websocket-javax-10.11.0-javadoc.jar to /home/andrea/.m2/repository/org/apache/wicket/wicket-native-websocket-javax/10.11.0/wicket-native-websocket-javax-10.11.0-javadoc.jar
[INFO] [INFO] Installing /home/andrea/WicketBuild/wicket-10.x/target/checkout/wicket-native-websocket/wicket-native-websocket-javax/target/wicket-native-websocket-javax-10.11.0.jar.asc to /home/andrea/.m2/repository/org/apache/wicket/wicket-native-websocket-javax/10.11.0/wicket-native-websocket-javax-10.11.0.jar.asc
[INFO] [INFO] Installing /home/andrea/WicketBuild/wicket-10.x/target/checkout/wicket-native-websocket/wicket-native-websocket-javax/target/wicket-native-websocket-javax-10.11.0.pom.asc to /home/andrea/.m2/repository/org/apache/wicket/wicket-native-websocket-javax/10.11.0/wicket-native-websocket-javax-10.11.0.pom.asc
[INFO] [INFO] Installing /home/andrea/WicketBuild/wicket-10.x/target/checkout/wicket-native-websocket/wicket-native-websocket-javax/target/wicket-native-websocket-javax-10.11.0-sources.jar.asc to /home/andrea/.m2/repository/org/apache/wicket/wicket-native-websocket-javax/10.11.0/wicket-native-websocket-javax-10.11.0-sources.jar.asc
[INFO] [INFO] Installing /home/andrea/WicketBuild/wicket-10.x/target/checkout/wicket-native-websocket/wicket-native-websocket-javax/target/wicket-native-websocket-javax-10.11.0-javadoc.jar.asc to /home/andrea/.m2/repository/org/apache/wicket/wicket-native-websocket-javax/10.11.0/wicket-native-websocket-javax-10.11.0-javadoc.jar.asc
[INFO] [INFO] 
[INFO] [INFO] --- gpg:3.2.8:sign (sign-artifacts) @ wicket-native-websocket-javax ---
[INFO] [INFO] Signer 'gpg' is signing 4 files with key default
[INFO] gpg: using "0xD1AE986470B5A49C3E6A27B2878F01FAA8D356E1" as default secret key for signing
[INFO] [WARNING] artifact org.apache.wicket:wicket-native-websocket-javax:jar.asc:10.11.0 already attached, replace previous instance
[INFO] gpg: using "0xD1AE986470B5A49C3E6A27B2878F01FAA8D356E1" as default secret key for signing
[INFO] [WARNING] artifact org.apache.wicket:wicket-native-websocket-javax:pom.asc:10.11.0 already attached, replace previous instance
[INFO] gpg: using "0xD1AE986470B5A49C3E6A27B2878F01FAA8D356E1" as default secret key for signing
[INFO] [WARNING] artifact org.apache.wicket:wicket-native-websocket-javax:jar.asc:sources:10.11.0 already attached, replace previous instance
[INFO] gpg: using "0xD1AE986470B5A49C3E6A27B2878F01FAA8D356E1" as default secret key for signing
[INFO] [WARNING] artifact org.apache.wicket:wicket-native-websocket-javax:jar.asc:javadoc:10.11.0 already attached, replace previous instance
[INFO] [INFO] 
[INFO] [INFO] --- deploy:3.1.4:deploy (default-deploy) @ wicket-native-websocket-javax ---
[INFO] Uploading to apache.releases.https: https://repository.apache.org/service/local/staging/deploy/maven2/org/apache/wicket/wicket-native-websocket-javax/10.11.0/wicket-native-websocket-javax-10.11.0.pom
[INFO] Progress (1): 2.8 kB
[INFO]                     
[INFO] Uploaded to apache.releases.https: https://repository.apache.org/service/local/staging/deploy/maven2/org/apache/wicket/wicket-native-websocket-javax/10.11.0/wicket-native-websocket-javax-10.11.0.pom (2.8 kB at 5.4 kB/s)
[INFO] Uploading to apache.releases.https: https://repository.apache.org/service/local/staging/deploy/maven2/org/apache/wicket/wicket-native-websocket-javax/10.11.0/wicket-native-websocket-javax-10.11.0.jar
[INFO] Uploading to apache.releases.https: https://repository.apache.org/service/local/staging/deploy/maven2/org/apache/wicket/wicket-native-websocket-javax/10.11.0/wicket-native-websocket-javax-10.11.0-sources.jar
[INFO] Uploading to apache.releases.https: https://repository.apache.org/service/local/staging/deploy/maven2/org/apache/wicket/wicket-native-websocket-javax/10.11.0/wicket-native-websocket-javax-10.11.0-javadoc.jar
[INFO] Uploading to apache.releases.https: https://repository.apache.org/service/local/staging/deploy/maven2/org/apache/wicket/wicket-native-websocket-javax/10.11.0/wicket-native-websocket-javax-10.11.0.jar.asc
[INFO] Uploading to apache.releases.https: https://repository.apache.org/service/local/staging/deploy/maven2/org/apache/wicket/wicket-native-websocket-javax/10.11.0/wicket-native-websocket-javax-10.11.0.pom.asc
[INFO] Progress (1): 22 kB
[INFO] Progress (2): 22 kB | 833 B
[INFO] Progress (3): 22 kB | 833 B | 33/33 kB
[INFO] Progress (3): 22 kB | 833 B | 33 kB   
[INFO] Progress (4): 22 kB | 833 B | 33 kB | 833 B
[INFO] Progress (5): 22 kB | 833 B | 33 kB | 833 B | 33/159 kB
[INFO] Progress (5): 22 kB | 833 B | 33 kB | 833 B | 66/159 kB
[INFO] Progress (5): 22 kB | 833 B | 33 kB | 833 B | 98/159 kB
[INFO] Progress (5): 22 kB | 833 B | 33 kB | 833 B | 131/159 kB
[INFO] Progress (5): 22 kB | 833 B | 33 kB | 833 B | 159 kB    
[INFO]                                                     
[INFO] Uploaded to apache.releases.https: https://repository.apache.org/service/local/staging/deploy/maven2/org/apache/wicket/wicket-native-websocket-javax/10.11.0/wicket-native-websocket-javax-10.11.0.pom.asc (833 B at 4.8 kB/s)
[INFO] Uploading to apache.releases.https: https://repository.apache.org/service/local/staging/deploy/maven2/org/apache/wicket/wicket-native-websocket-javax/10.11.0/wicket-native-websocket-javax-10.11.0-sources.jar.asc
[INFO] Uploaded to apache.releases.https: https://repository.apache.org/service/local/staging/deploy/maven2/org/apache/wicket/wicket-native-websocket-javax/10.11.0/wicket-native-websocket-javax-10.11.0.jar.asc (833 B at 4.4 kB/s)
[INFO] Uploading to apache.releases.https: https://repository.apache.org/service/local/staging/deploy/maven2/org/apache/wicket/wicket-native-websocket-javax/10.11.0/wicket-native-websocket-javax-10.11.0-javadoc.jar.asc
[INFO] Progress (4): 22 kB | 33 kB | 159 kB | 833 B
[INFO] Progress (5): 22 kB | 33 kB | 159 kB | 833 B | 833 B
[INFO]                                                     
[INFO] Uploaded to apache.releases.https: https://repository.apache.org/service/local/staging/deploy/maven2/org/apache/wicket/wicket-native-websocket-javax/10.11.0/wicket-native-websocket-javax-10.11.0-sources.jar.asc (833 B at 2.4 kB/s)
[INFO] Uploaded to apache.releases.https: https://repository.apache.org/service/local/staging/deploy/maven2/org/apache/wicket/wicket-native-websocket-javax/10.11.0/wicket-native-websocket-javax-10.11.0-javadoc.jar.asc (833 B at 2.3 kB/s)
[INFO] Uploaded to apache.releases.https: https://repository.apache.org/service/local/staging/deploy/maven2/org/apache/wicket/wicket-native-websocket-javax/10.11.0/wicket-native-websocket-javax-10.11.0-sources.jar (22 kB at 37 kB/s)
[INFO] Uploaded to apache.releases.https: https://repository.apache.org/service/local/staging/deploy/maven2/org/apache/wicket/wicket-native-websocket-javax/10.11.0/wicket-native-websocket-javax-10.11.0.jar (33 kB at 54 kB/s)
[INFO] Uploaded to apache.releases.https: https://repository.apache.org/service/local/staging/deploy/maven2/org/apache/wicket/wicket-native-websocket-javax/10.11.0/wicket-native-websocket-javax-10.11.0-javadoc.jar (159 kB at 180 kB/s)
[INFO] Downloading from apache.releases.https: https://repository.apache.org/service/local/staging/deploy/maven2/org/apache/wicket/wicket-native-websocket-javax/maven-metadata.xml
[INFO] Uploading to apache.releases.https: https://repository.apache.org/service/local/staging/deploy/maven2/org/apache/wicket/wicket-native-websocket-javax/maven-metadata.xml
[INFO] Progress (1): 330 B
[INFO]                    
[INFO] Uploaded to apache.releases.https: https://repository.apache.org/service/local/staging/deploy/maven2/org/apache/wicket/wicket-native-websocket-javax/maven-metadata.xml (330 B at 605 B/s)
[INFO] [INFO] 
[INFO] [INFO] -----------------< org.apache.wicket:wicket-examples >------------------
[INFO] [INFO] Building Wicket Examples 10.11.0                                 [23/32]
[INFO] [INFO]   from wicket-examples/pom.xml
[INFO] [INFO] --------------------------------[ war ]---------------------------------
[INFO] [INFO] 
[INFO] [INFO] --- enforcer:3.6.2:enforce (enforce-maven) @ wicket-examples ---
[INFO] [INFO] Skipping Rule Enforcement.
[INFO] [INFO] 
[INFO] [INFO] --- enforcer:3.6.2:enforce (enforce-maven-version) @ wicket-examples ---
[INFO] [INFO] Skipping Rule Enforcement.
[INFO] [INFO] 
[INFO] [INFO] --- enforcer:3.6.2:enforce (enforce-java-version) @ wicket-examples ---
[INFO] [INFO] Skipping Rule Enforcement.
[INFO] [INFO] 
[INFO] [INFO] --- toolchains:3.2.0:toolchain (default) @ wicket-examples ---
[INFO] [INFO] Required toolchain: jdk [ version='17' ]
[INFO] [INFO] Found matching toolchain for type jdk: JDK[/usr/lib/jvm/temurin-17-jdk-amd64/]
[INFO] [INFO] 
[INFO] [INFO] --- remote-resources:3.3.0:process (default) @ wicket-examples ---
[INFO] [INFO] Preparing remote bundle org.apache:apache-jar-resource-bundle:1.4
[INFO] [INFO] Copying 3 resources from 1 bundle.
[INFO] [INFO] 
[INFO] [INFO] --- remote-resources:3.3.0:process (process-resource-bundles) @ wicket-examples ---
[INFO] [INFO] Preparing remote bundle org.apache.apache.resources:apache-jar-resource-bundle:1.7
[INFO] [INFO] Copying 3 resources from 1 bundle.
[INFO] [INFO] 
[INFO] [INFO] --- resources:3.4.0:resources (default-resources) @ wicket-examples ---
[INFO] [INFO] Copying 759 resources from src/main/java to target/classes
[INFO] [INFO] Copying 135 resources from src/main/resources to target/classes
[INFO] [INFO] Copying 3 resources from target/maven-shared-archive-resources to target/classes
[INFO] [INFO] Copying 3 resources from target/maven-shared-archive-resources to target/classes
[INFO] [INFO] 
[INFO] [INFO] --- compiler:3.14.1:compile (default-compile) @ wicket-examples ---
[INFO] [INFO] Toolchain in maven-compiler-plugin: JDK[/usr/lib/jvm/temurin-17-jdk-amd64/]
[INFO] [INFO] Recompiling the module because of changed dependency.
[INFO] [INFO] Compiling 369 source files with javac [forked debug deprecation release 17] to target/classes
[INFO] [WARNING] /home/andrea/WicketBuild/wicket-10.x/target/checkout/wicket-examples/src/main/java/org/apache/wicket/examples/authentication2/SignIn2.java:[44,10] [removal] SignInPanel in org.apache.wicket.authroles.authentication.panel has been deprecated and marked for removal
[INFO] [WARNING] /home/andrea/WicketBuild/wicket-10.x/target/checkout/wicket-examples/src/main/java/org/apache/wicket/examples/authentication3/MySignInPage.java:[38,10] [removal] SignInPanel in org.apache.wicket.authroles.authentication.panel has been deprecated and marked for removal
[INFO] [WARNING] /home/andrea/WicketBuild/wicket-10.x/target/checkout/wicket-examples/src/main/java/org/apache/wicket/examples/compref/IncludePage.java:[35,10] [removal] Include in org.apache.wicket.markup.html.include has been deprecated and marked for removal
[INFO] [WARNING] /home/andrea/WicketBuild/wicket-10.x/target/checkout/wicket-examples/src/main/java/org/apache/wicket/examples/library/SignIn.java:[48,10] [removal] SignInPanel in org.apache.wicket.authroles.authentication.panel has been deprecated and marked for removal
[INFO] [WARNING] /home/andrea/WicketBuild/wicket-10.x/target/checkout/wicket-examples/src/main/java/org/apache/wicket/examples/source/SourcesPage.java:[120,5] [deprecation] Renderer in com.uwyn.jhighlight.renderer has been deprecated
[INFO] [WARNING] /home/andrea/WicketBuild/wicket-10.x/target/checkout/wicket-examples/src/main/java/org/apache/wicket/examples/source/SourcesPage.java:[120,25] [deprecation] XhtmlRendererFactory in com.uwyn.jhighlight.renderer has been deprecated
[INFO] [INFO] 
[INFO] [INFO] --- bundle:6.0.0:manifest (default-bundle) @ wicket-examples ---
[INFO] [WARNING] Ignoring project type war - supportedProjectTypes = [jar, bundle]
[INFO] [INFO] 
[INFO] [INFO] --- resources:3.4.0:testResources (default-testResources) @ wicket-examples ---
[INFO] [INFO] Copying 1 resource from src/test/java to target/test-classes
[INFO] [INFO] Copying 3 resources from target/maven-shared-archive-resources to target/test-classes
[INFO] [INFO] Copying 3 resources from target/maven-shared-archive-resources to target/test-classes
[INFO] [INFO] 
[INFO] [INFO] --- compiler:3.14.1:testCompile (default-testCompile) @ wicket-examples ---
[INFO] [INFO] Toolchain in maven-compiler-plugin: JDK[/usr/lib/jvm/temurin-17-jdk-amd64/]
[INFO] [INFO] Recompiling the module because of changed dependency.
[INFO] [INFO] Compiling 28 source files with javac [forked debug deprecation release 17] to target/test-classes
[INFO] [WARNING] /home/andrea/WicketBuild/wicket-10.x/target/checkout/wicket-examples/src/test/java/org/apache/wicket/examples/ClassLocator.java:[23,34] [removal] SecurityManager in java.lang has been deprecated and marked for removal
[INFO] [INFO] 
[INFO] [INFO] --- surefire:3.5.4:test (default-test) @ wicket-examples ---
[INFO] [INFO] Toolchain in maven-surefire-plugin: JDK[/usr/lib/jvm/temurin-17-jdk-amd64/]
[INFO] [INFO] Using auto detected provider org.apache.maven.surefire.junitplatform.JUnitPlatformProvider
[INFO] [INFO] 
[INFO] [INFO] -------------------------------------------------------
[INFO] [INFO]  T E S T S
[INFO] [INFO] -------------------------------------------------------
[ERROR] WARNING: Using incubator modules: jdk.incubator.foreign, jdk.incubator.vector
[INFO] [INFO] Running org.apache.wicket.util.markup.xhtml.WellFormedXmlTest
[INFO] [INFO] Tests run: 1, Failures: 0, Errors: 0, Skipped: 0, Time elapsed: 0.036 s -- in org.apache.wicket.util.markup.xhtml.WellFormedXmlTest
[INFO] [INFO] Running org.apache.wicket.util.license.ApacheLicenceHeaderTest
[INFO] [INFO] Tests run: 1, Failures: 0, Errors: 0, Skipped: 0, Time elapsed: 0.201 s -- in org.apache.wicket.util.license.ApacheLicenceHeaderTest
[INFO] [INFO] Running org.apache.wicket.examples.signin2.Signin2Test
[INFO] [INFO] Tests run: 1, Failures: 0, Errors: 0, Skipped: 0, Time elapsed: 0.467 s -- in org.apache.wicket.examples.signin2.Signin2Test
[INFO] [INFO] Running org.apache.wicket.examples.library.LibraryTest
[INFO] [INFO] Tests run: 1, Failures: 0, Errors: 0, Skipped: 0, Time elapsed: 0.115 s -- in org.apache.wicket.examples.library.LibraryTest
[INFO] [INFO] Running org.apache.wicket.examples.encodings.EncodingTest
[INFO] [INFO] Tests run: 1, Failures: 0, Errors: 0, Skipped: 0, Time elapsed: 0.028 s -- in org.apache.wicket.examples.encodings.EncodingTest
[INFO] [INFO] Running org.apache.wicket.examples.helloworld.HelloWorldTest
[INFO] [INFO] Tests run: 1, Failures: 0, Errors: 0, Skipped: 0, Time elapsed: 0.022 s -- in org.apache.wicket.examples.helloworld.HelloWorldTest
[INFO] [INFO] Running org.apache.wicket.examples.forminput.FormInputTest
[INFO] [INFO] Tests run: 1, Failures: 0, Errors: 0, Skipped: 0, Time elapsed: 0.092 s -- in org.apache.wicket.examples.forminput.FormInputTest
[INFO] [INFO] Running org.apache.wicket.examples.guestbook.GuestbookTest
[INFO] [INFO] Tests run: 1, Failures: 0, Errors: 0, Skipped: 0, Time elapsed: 0.062 s -- in org.apache.wicket.examples.guestbook.GuestbookTest
[INFO] [INFO] Running org.apache.wicket.examples.hangman.HangManTest
[INFO] [INFO] Tests run: 4, Failures: 0, Errors: 0, Skipped: 0, Time elapsed: 0.141 s -- in org.apache.wicket.examples.hangman.HangManTest
[INFO] [INFO] Running org.apache.wicket.examples.hangman.WordGeneratorTest
[INFO] [INFO] Tests run: 2, Failures: 0, Errors: 0, Skipped: 0, Time elapsed: 0.012 s -- in org.apache.wicket.examples.hangman.WordGeneratorTest
[INFO] [INFO] Running org.apache.wicket.examples.ajax.prototype.AjaxTest
[INFO] [INFO] Tests run: 1, Failures: 0, Errors: 0, Skipped: 0, Time elapsed: 0.025 s -- in org.apache.wicket.examples.ajax.prototype.AjaxTest
[INFO] [INFO] Running org.apache.wicket.examples.template.TemplateTest
[INFO] [INFO] Tests run: 1, Failures: 0, Errors: 0, Skipped: 0, Time elapsed: 0.040 s -- in org.apache.wicket.examples.template.TemplateTest
[INFO] [INFO] Running org.apache.wicket.examples.compref.ComprefTest
[INFO] [INFO] Tests run: 1, Failures: 0, Errors: 0, Skipped: 0, Time elapsed: 0.023 s -- in org.apache.wicket.examples.compref.ComprefTest
[INFO] [INFO] Running org.apache.wicket.examples.niceurl.NiceUrlTest
[INFO] [INFO] Tests run: 8, Failures: 0, Errors: 0, Skipped: 0, Time elapsed: 0.211 s -- in org.apache.wicket.examples.niceurl.NiceUrlTest
[INFO] [INFO] Running org.apache.wicket.examples.repeater.RepeaterTest
[INFO] [INFO] Tests run: 1, Failures: 0, Errors: 0, Skipped: 0, Time elapsed: 0.335 s -- in org.apache.wicket.examples.repeater.RepeaterTest
[INFO] [INFO] Running org.apache.wicket.examples.linkomatic.LinkomaticTest
[INFO] 2026-08-24 13:47:13.128 [main] WARN org.apache.wicket.request.resource.ResourceReferenceRegistry - A ResourceReference wont be created for a resource with key [scope: org.apache.wicket.Application; name: cancelButton; locale: null; style: null; variation: null] because it cannot be located.
[INFO] 2026-08-24 13:47:13.129 [main] WARN org.apache.wicket.request.resource.ResourceReferenceRegistry - A ResourceReference wont be created for a resource with key [scope: org.apache.wicket.Application; name: cancelButton; locale: null; style: null; variation: null] because it cannot be located.
[INFO] 2026-08-24 13:47:13.136 [main] WARN org.apache.wicket.request.resource.ResourceReferenceRegistry - A ResourceReference wont be created for a resource with key [scope: org.apache.wicket.Application; name: cancelButton; locale: null; style: null; variation: null] because it cannot be located.
[INFO] 2026-08-24 13:47:13.136 [main] WARN org.apache.wicket.request.resource.ResourceReferenceRegistry - A ResourceReference wont be created for a resource with key [scope: org.apache.wicket.Application; name: cancelButton; locale: null; style: null; variation: null] because it cannot be located.
[INFO] [INFO] Tests run: 1, Failures: 0, Errors: 0, Skipped: 0, Time elapsed: 0.051 s -- in org.apache.wicket.examples.linkomatic.LinkomaticTest
[INFO] [INFO] Running org.apache.wicket.examples.source.SourcesPageTest
[INFO] 2026-08-24 13:47:13.169 [main] ERROR org.apache.wicket.examples.source.SourcesPage - user is trying to access resource: ../style.css which is not part of the package of org.apache.wicket.examples.helloworld.HelloWorld
[INFO] 2026-08-24 13:47:13.177 [main] ERROR org.apache.wicket.examples.source.SourcesPage - user is trying to access resource: /META-INF/NOTICE which is not part of the package of org.apache.wicket.examples.helloworld.HelloWorld
[INFO] [INFO] Tests run: 3, Failures: 0, Errors: 0, Skipped: 0, Time elapsed: 0.050 s -- in org.apache.wicket.examples.source.SourcesPageTest
[INFO] [INFO] Running org.apache.wicket.examples.images.ImagesTest
[INFO] [INFO] Tests run: 1, Failures: 0, Errors: 0, Skipped: 0, Time elapsed: 0.077 s -- in org.apache.wicket.examples.images.ImagesTest
[INFO] [INFO] Running org.apache.wicket.filtertest.WithCPWithoutFPTest
[INFO] 2026-08-24 13:47:13.367 [main] INFO org.eclipse.jetty.server.Server - jetty-11.0.24; built: 2024-08-26T18:11:22.448Z; git: 5dfc59a691b748796f922208956bd1f2794bcd16; jvm 17.0.20.1+1
[INFO] 2026-08-24 13:47:13.525 [main] INFO org.eclipse.jetty.webapp.StandardDescriptorProcessor - NO JSP Support for /somecontext, did not find org.eclipse.jetty.jsp.JettyJspServlet
[ERROR] Aug 24, 2026 1:47:13 PM org.jboss.weld.environment.servlet.EnhancedListener onStartup
[ERROR] INFO: WELD-ENV-001008: Initialize Weld using ServletContainerInitializer
[ERROR] Aug 24, 2026 1:47:13 PM org.jboss.weld.bootstrap.WeldStartup <clinit>
[ERROR] INFO: WELD-000900: 4.0.3 (Final)
[ERROR] Aug 24, 2026 1:47:13 PM org.jboss.weld.environment.deployment.discovery.ReflectionDiscoveryStrategy processAnnotatedDiscovery
[ERROR] INFO: WELD-ENV-000014: Falling back to Java Reflection for bean-discovery-mode="annotated" discovery. Add org.jboss:jandex to the classpath to speed-up startup.
[ERROR] Aug 24, 2026 1:47:13 PM org.jboss.weld.bootstrap.WeldStartup startContainer
[ERROR] INFO: WELD-000101: Transactional services not available. Injection of @Inject UserTransaction not available. Transactional observers will be invoked synchronously.
[ERROR] Aug 24, 2026 1:47:13 PM org.jboss.weld.environment.jetty.JettyLegacyContainer initialize
[ERROR] INFO: WELD-ENV-001200: Jetty 7.2+ detected, CDI injection will be available in Servlets and Filters. Injection into Listeners should work on Jetty 9.1.1 and newer.
[INFO] 2026-08-24 13:47:13.930 [main] INFO org.eclipse.jetty.server.handler.ContextHandler.somecontext - No Spring WebApplicationInitializer types detected on classpath
[INFO] 2026-08-24 13:47:13.958 [main] INFO org.eclipse.jetty.server.session.DefaultSessionIdManager - Session workerName=node0
[INFO] 2026-08-24 13:47:13.999 [main] INFO org.eclipse.jetty.server.handler.ContextHandler - Started o.e.j.w.WebAppContext@4536a715{Wicket Examples,/somecontext,file:///home/andrea/WicketBuild/wicket-10.x/target/checkout/wicket-examples/src/main/testwebapp2/,AVAILABLE}{/home/andrea/WicketBuild/wicket-10.x/target/checkout/wicket-examples/src/main/testwebapp2}
[INFO] 2026-08-24 13:47:14.005 [main] INFO org.eclipse.jetty.server.AbstractConnector - Started ServerConnector@569348e1{HTTP/1.1, (http/1.1)}{0.0.0.0:41313}
[INFO] 2026-08-24 13:47:14.008 [main] INFO org.eclipse.jetty.server.AbstractConnector - Started ServerConnector@b506ed0{HTTP/1.1, (http/1.1)}{0.0.0.0:43325}
[INFO] 2026-08-24 13:47:14.009 [main] INFO org.eclipse.jetty.server.Server - Started Server@60807fd9{STARTING}[11.0.24,sto=0] @3180ms
[INFO] 2026-08-24 13:47:14.513 [main] INFO org.eclipse.jetty.server.Server - Stopped Server@60807fd9{STOPPING}[11.0.24,sto=0]
[INFO] 2026-08-24 13:47:14.515 [main] INFO org.eclipse.jetty.server.AbstractConnector - Stopped ServerConnector@569348e1{HTTP/1.1, (http/1.1)}{0.0.0.0:0}
[INFO] 2026-08-24 13:47:14.517 [main] INFO org.eclipse.jetty.server.AbstractConnector - Stopped ServerConnector@b506ed0{HTTP/1.1, (http/1.1)}{0.0.0.0:0}
[INFO] 2026-08-24 13:47:14.541 [main] INFO org.eclipse.jetty.server.handler.ContextHandler - Stopped o.e.j.w.WebAppContext@4536a715{Wicket Examples,/somecontext,null,STOPPED}{/home/andrea/WicketBuild/wicket-10.x/target/checkout/wicket-examples/src/main/testwebapp2}
[INFO] 2026-08-24 13:47:14.545 [main] INFO org.eclipse.jetty.server.Server - jetty-11.0.24; built: 2024-08-26T18:11:22.448Z; git: 5dfc59a691b748796f922208956bd1f2794bcd16; jvm 17.0.20.1+1
[INFO] 2026-08-24 13:47:14.561 [main] INFO org.eclipse.jetty.webapp.StandardDescriptorProcessor - NO JSP Support for /somecontext, did not find org.eclipse.jetty.jsp.JettyJspServlet
[INFO] 2026-08-24 13:47:14.562 [main] INFO org.eclipse.jetty.server.handler.ContextHandler.somecontext - No Spring WebApplicationInitializer types detected on classpath
[ERROR] Aug 24, 2026 1:47:14 PM org.jboss.weld.environment.servlet.EnhancedListener onStartup
[ERROR] INFO: WELD-ENV-001008: Initialize Weld using ServletContainerInitializer
[ERROR] Aug 24, 2026 1:47:14 PM org.jboss.weld.environment.deployment.discovery.ReflectionDiscoveryStrategy processAnnotatedDiscovery
[INFO] 2026-08-24 13:47:14.641 [main] INFO org.eclipse.jetty.server.session.DefaultSessionIdManager - Session workerName=node0
[INFO] 2026-08-24 13:47:14.651 [main] INFO org.eclipse.jetty.server.handler.ContextHandler - Started o.e.j.w.WebAppContext@6ec2d990{Wicket Examples,/somecontext,file:///home/andrea/WicketBuild/wicket-10.x/target/checkout/wicket-examples/src/main/testwebapp2/,AVAILABLE}{/home/andrea/WicketBuild/wicket-10.x/target/checkout/wicket-examples/src/main/testwebapp2}
[INFO] 2026-08-24 13:47:14.653 [main] INFO org.eclipse.jetty.server.AbstractConnector - Started ServerConnector@bb21063{HTTP/1.1, (http/1.1)}{0.0.0.0:40807}
[INFO] 2026-08-24 13:47:14.657 [main] INFO org.eclipse.jetty.server.AbstractConnector - Started ServerConnector@c2f7c63{HTTP/1.1, (http/1.1)}{0.0.0.0:36281}
[INFO] 2026-08-24 13:47:14.657 [main] INFO org.eclipse.jetty.server.Server - Started Server@5cba890e{STARTING}[11.0.24,sto=0] @3828ms
[ERROR] INFO: WELD-ENV-000014: Falling back to Java Reflection for bean-discovery-mode="annotated" discovery. Add org.jboss:jandex to the classpath to speed-up startup.
[ERROR] Aug 24, 2026 1:47:14 PM org.jboss.weld.bootstrap.WeldStartup startContainer
[ERROR] INFO: WELD-000101: Transactional services not available. Injection of @Inject UserTransaction not available. Transactional observers will be invoked synchronously.
[ERROR] Aug 24, 2026 1:47:14 PM org.jboss.weld.environment.jetty.JettyLegacyContainer initialize
[ERROR] INFO: WELD-ENV-001200: Jetty 7.2+ detected, CDI injection will be available in Servlets and Filters. Injection into Listeners should work on Jetty 9.1.1 and newer.
[INFO] 2026-08-24 13:47:14.877 [main] INFO org.eclipse.jetty.server.Server - Stopped Server@5cba890e{STOPPING}[11.0.24,sto=0]
[INFO] 2026-08-24 13:47:14.878 [main] INFO org.eclipse.jetty.server.AbstractConnector - Stopped ServerConnector@bb21063{HTTP/1.1, (http/1.1)}{0.0.0.0:0}
[INFO] 2026-08-24 13:47:14.879 [main] INFO org.eclipse.jetty.server.AbstractConnector - Stopped ServerConnector@c2f7c63{HTTP/1.1, (http/1.1)}{0.0.0.0:0}
[INFO] 2026-08-24 13:47:14.889 [main] INFO org.eclipse.jetty.server.handler.ContextHandler - Stopped o.e.j.w.WebAppContext@6ec2d990{Wicket Examples,/somecontext,null,STOPPED}{/home/andrea/WicketBuild/wicket-10.x/target/checkout/wicket-examples/src/main/testwebapp2}
[INFO] [INFO] Tests run: 2, Failures: 0, Errors: 0, Skipped: 0, Time elapsed: 1.603 s -- in org.apache.wicket.filtertest.WithCPWithoutFPTest
[INFO] [INFO] Running org.apache.wicket.filtertest.WithCPWithFPTest
[INFO] 2026-08-24 13:47:14.893 [main] INFO org.eclipse.jetty.server.Server - jetty-11.0.24; built: 2024-08-26T18:11:22.448Z; git: 5dfc59a691b748796f922208956bd1f2794bcd16; jvm 17.0.20.1+1
[INFO] 2026-08-24 13:47:14.907 [main] INFO org.eclipse.jetty.webapp.StandardDescriptorProcessor - NO JSP Support for /somecontext, did not find org.eclipse.jetty.jsp.JettyJspServlet
[INFO] 2026-08-24 13:47:14.907 [main] INFO org.eclipse.jetty.server.handler.ContextHandler.somecontext - No Spring WebApplicationInitializer types detected on classpath
[ERROR] Aug 24, 2026 1:47:14 PM org.jboss.weld.environment.servlet.EnhancedListener onStartup
[INFO] 2026-08-24 13:47:14.973 [main] INFO org.eclipse.jetty.server.session.DefaultSessionIdManager - Session workerName=node0
[INFO] 2026-08-24 13:47:14.985 [main] INFO org.eclipse.jetty.server.handler.ContextHandler - Started o.e.j.w.WebAppContext@1f6d7e7c{Wicket Examples,/somecontext,file:///home/andrea/WicketBuild/wicket-10.x/target/checkout/wicket-examples/src/main/testwebapp1/,AVAILABLE}{/home/andrea/WicketBuild/wicket-10.x/target/checkout/wicket-examples/src/main/testwebapp1}
[INFO] 2026-08-24 13:47:14.986 [main] INFO org.eclipse.jetty.server.AbstractConnector - Started ServerConnector@76134251{HTTP/1.1, (http/1.1)}{0.0.0.0:40217}
[ERROR] INFO: WELD-ENV-001008: Initialize Weld using ServletContainerInitializer
[ERROR] Aug 24, 2026 1:47:14 PM org.jboss.weld.environment.deployment.discovery.ReflectionDiscoveryStrategy processAnnotatedDiscovery
[ERROR] INFO: WELD-ENV-000014: Falling back to Java Reflection for bean-discovery-mode="annotated" discovery. Add org.jboss:jandex to the classpath to speed-up startup.
[ERROR] Aug 24, 2026 1:47:14 PM org.jboss.weld.bootstrap.WeldStartup startContainer
[ERROR] INFO: WELD-000101: Transactional services not available. Injection of @Inject UserTransaction not available. Transactional observers will be invoked synchronously.
[ERROR] Aug 24, 2026 1:47:14 PM org.jboss.weld.environment.jetty.JettyLegacyContainer initialize
[ERROR] INFO: WELD-ENV-001200: Jetty 7.2+ detected, CDI injection will be available in Servlets and Filters. Injection into Listeners should work on Jetty 9.1.1 and newer.
[INFO] 2026-08-24 13:47:14.987 [main] INFO org.eclipse.jetty.server.AbstractConnector - Started ServerConnector@7bde704a{HTTP/1.1, (http/1.1)}{0.0.0.0:38489}
[INFO] 2026-08-24 13:47:14.988 [main] INFO org.eclipse.jetty.server.Server - Started Server@6dc2e473{STARTING}[11.0.24,sto=0] @4158ms
[INFO] 2026-08-24 13:47:15.172 [main] INFO org.eclipse.jetty.server.Server - Stopped Server@6dc2e473{STOPPING}[11.0.24,sto=0]
[INFO] 2026-08-24 13:47:15.173 [main] INFO org.eclipse.jetty.server.AbstractConnector - Stopped ServerConnector@76134251{HTTP/1.1, (http/1.1)}{0.0.0.0:0}
[INFO] 2026-08-24 13:47:15.174 [main] INFO org.eclipse.jetty.server.AbstractConnector - Stopped ServerConnector@7bde704a{HTTP/1.1, (http/1.1)}{0.0.0.0:0}
[INFO] 2026-08-24 13:47:15.181 [main] INFO org.eclipse.jetty.server.handler.ContextHandler - Stopped o.e.j.w.WebAppContext@1f6d7e7c{Wicket Examples,/somecontext,null,STOPPED}{/home/andrea/WicketBuild/wicket-10.x/target/checkout/wicket-examples/src/main/testwebapp1}
[INFO] 2026-08-24 13:47:15.184 [main] INFO org.eclipse.jetty.server.Server - jetty-11.0.24; built: 2024-08-26T18:11:22.448Z; git: 5dfc59a691b748796f922208956bd1f2794bcd16; jvm 17.0.20.1+1
[INFO] 2026-08-24 13:47:15.197 [main] INFO org.eclipse.jetty.webapp.StandardDescriptorProcessor - NO JSP Support for /somecontext, did not find org.eclipse.jetty.jsp.JettyJspServlet
[ERROR] Aug 24, 2026 1:47:15 PM org.jboss.weld.environment.servlet.EnhancedListener onStartup
[ERROR] INFO: WELD-ENV-001008: Initialize Weld using ServletContainerInitializer
[ERROR] Aug 24, 2026 1:47:15 PM org.jboss.weld.environment.deployment.discovery.ReflectionDiscoveryStrategy processAnnotatedDiscovery
[ERROR] INFO: WELD-ENV-000014: Falling back to Java Reflection for bean-discovery-mode="annotated" discovery. Add org.jboss:jandex to the classpath to speed-up startup.
[ERROR] Aug 24, 2026 1:47:15 PM org.jboss.weld.bootstrap.WeldStartup startContainer
[ERROR] INFO: WELD-000101: Transactional services not available. Injection of @Inject UserTransaction not available. Transactional observers will be invoked synchronously.
[ERROR] Aug 24, 2026 1:47:15 PM org.jboss.weld.environment.jetty.JettyLegacyContainer initialize
[ERROR] INFO: WELD-ENV-001200: Jetty 7.2+ detected, CDI injection will be available in Servlets and Filters. Injection into Listeners should work on Jetty 9.1.1 and newer.
[INFO] 2026-08-24 13:47:15.272 [main] INFO org.eclipse.jetty.server.handler.ContextHandler.somecontext - No Spring WebApplicationInitializer types detected on classpath
[INFO] 2026-08-24 13:47:15.273 [main] INFO org.eclipse.jetty.server.session.DefaultSessionIdManager - Session workerName=node0
[INFO] 2026-08-24 13:47:15.292 [main] INFO org.eclipse.jetty.server.handler.ContextHandler - Started o.e.j.w.WebAppContext@70f5f57d{Wicket Examples,/somecontext,file:///home/andrea/WicketBuild/wicket-10.x/target/checkout/wicket-examples/src/main/testwebapp1/,AVAILABLE}{/home/andrea/WicketBuild/wicket-10.x/target/checkout/wicket-examples/src/main/testwebapp1}
[INFO] 2026-08-24 13:47:15.297 [main] INFO org.eclipse.jetty.server.AbstractConnector - Started ServerConnector@5feff876{HTTP/1.1, (http/1.1)}{0.0.0.0:43197}
[INFO] 2026-08-24 13:47:15.305 [main] INFO org.eclipse.jetty.server.AbstractConnector - Started ServerConnector@7bdf94f2{HTTP/1.1, (http/1.1)}{0.0.0.0:34649}
[INFO] 2026-08-24 13:47:15.305 [main] INFO org.eclipse.jetty.server.Server - Started Server@4b9ed99d{STARTING}[11.0.24,sto=0] @4476ms
[INFO] 2026-08-24 13:47:15.542 [main] INFO org.eclipse.jetty.server.Server - Stopped Server@4b9ed99d{STOPPING}[11.0.24,sto=0]
[INFO] 2026-08-24 13:47:15.543 [main] INFO org.eclipse.jetty.server.AbstractConnector - Stopped ServerConnector@5feff876{HTTP/1.1, (http/1.1)}{0.0.0.0:0}
[INFO] 2026-08-24 13:47:15.544 [main] INFO org.eclipse.jetty.server.AbstractConnector - Stopped ServerConnector@7bdf94f2{HTTP/1.1, (http/1.1)}{0.0.0.0:0}
[INFO] 2026-08-24 13:47:15.551 [main] INFO org.eclipse.jetty.server.handler.ContextHandler - Stopped o.e.j.w.WebAppContext@70f5f57d{Wicket Examples,/somecontext,null,STOPPED}{/home/andrea/WicketBuild/wicket-10.x/target/checkout/wicket-examples/src/main/testwebapp1}
[INFO] [INFO] Tests run: 2, Failures: 0, Errors: 0, Skipped: 0, Time elapsed: 0.662 s -- in org.apache.wicket.filtertest.WithCPWithFPTest
[INFO] [INFO] Running org.apache.wicket.filtertest.WithoutCPWithFPTest
[INFO] 2026-08-24 13:47:15.556 [main] WARN org.eclipse.jetty.server.handler.ContextHandler - Empty contextPath
[INFO] 2026-08-24 13:47:15.556 [main] INFO org.eclipse.jetty.server.Server - jetty-11.0.24; built: 2024-08-26T18:11:22.448Z; git: 5dfc59a691b748796f922208956bd1f2794bcd16; jvm 17.0.20.1+1
[INFO] 2026-08-24 13:47:15.567 [main] INFO org.eclipse.jetty.webapp.StandardDescriptorProcessor - NO JSP Support for /, did not find org.eclipse.jetty.jsp.JettyJspServlet
[INFO] 2026-08-24 13:47:15.568 [main] INFO org.eclipse.jetty.server.handler.ContextHandler.ROOT - No Spring WebApplicationInitializer types detected on classpath
[INFO] 2026-08-24 13:47:15.628 [main] INFO org.eclipse.jetty.server.session.DefaultSessionIdManager - Session workerName=node0
[INFO] 2026-08-24 13:47:15.635 [main] INFO org.eclipse.jetty.server.handler.ContextHandler - Started o.e.j.w.WebAppContext@6765b6a2{Wicket Examples,/,file:///home/andrea/WicketBuild/wicket-10.x/target/checkout/wicket-examples/src/main/testwebapp1/,AVAILABLE}{/home/andrea/WicketBuild/wicket-10.x/target/checkout/wicket-examples/src/main/testwebapp1}
[INFO] 2026-08-24 13:47:15.636 [main] INFO org.eclipse.jetty.server.AbstractConnector - Started ServerConnector@7204d98f{HTTP/1.1, (http/1.1)}{0.0.0.0:39671}
[INFO] 2026-08-24 13:47:15.638 [main] INFO org.eclipse.jetty.server.AbstractConnector - Started ServerConnector@7c9512c6{HTTP/1.1, (http/1.1)}{0.0.0.0:34865}
[INFO] 2026-08-24 13:47:15.639 [main] INFO org.eclipse.jetty.server.Server - Started Server@1b79df53{STARTING}[11.0.24,sto=0] @4809ms
[ERROR] Aug 24, 2026 1:47:15 PM org.jboss.weld.environment.servlet.EnhancedListener onStartup
[ERROR] INFO: WELD-ENV-001008: Initialize Weld using ServletContainerInitializer
[ERROR] Aug 24, 2026 1:47:15 PM org.jboss.weld.environment.deployment.discovery.ReflectionDiscoveryStrategy processAnnotatedDiscovery
[ERROR] INFO: WELD-ENV-000014: Falling back to Java Reflection for bean-discovery-mode="annotated" discovery. Add org.jboss:jandex to the classpath to speed-up startup.
[ERROR] Aug 24, 2026 1:47:15 PM org.jboss.weld.bootstrap.WeldStartup startContainer
[ERROR] INFO: WELD-000101: Transactional services not available. Injection of @Inject UserTransaction not available. Transactional observers will be invoked synchronously.
[ERROR] Aug 24, 2026 1:47:15 PM org.jboss.weld.environment.jetty.JettyLegacyContainer initialize
[ERROR] INFO: WELD-ENV-001200: Jetty 7.2+ detected, CDI injection will be available in Servlets and Filters. Injection into Listeners should work on Jetty 9.1.1 and newer.
[INFO] 2026-08-24 13:47:15.770 [main] INFO org.eclipse.jetty.server.Server - Stopped Server@1b79df53{STOPPING}[11.0.24,sto=0]
[INFO] 2026-08-24 13:47:15.772 [main] INFO org.eclipse.jetty.server.AbstractConnector - Stopped ServerConnector@7204d98f{HTTP/1.1, (http/1.1)}{0.0.0.0:0}
[INFO] 2026-08-24 13:47:15.773 [main] INFO org.eclipse.jetty.server.AbstractConnector - Stopped ServerConnector@7c9512c6{HTTP/1.1, (http/1.1)}{0.0.0.0:0}
[INFO] 2026-08-24 13:47:15.780 [main] INFO org.eclipse.jetty.server.handler.ContextHandler - Stopped o.e.j.w.WebAppContext@6765b6a2{Wicket Examples,/,null,STOPPED}{/home/andrea/WicketBuild/wicket-10.x/target/checkout/wicket-examples/src/main/testwebapp1}
[INFO] 2026-08-24 13:47:15.783 [main] WARN org.eclipse.jetty.server.handler.ContextHandler - Empty contextPath
[INFO] 2026-08-24 13:47:15.783 [main] INFO org.eclipse.jetty.server.Server - jetty-11.0.24; built: 2024-08-26T18:11:22.448Z; git: 5dfc59a691b748796f922208956bd1f2794bcd16; jvm 17.0.20.1+1
[INFO] 2026-08-24 13:47:15.793 [main] INFO org.eclipse.jetty.webapp.StandardDescriptorProcessor - NO JSP Support for /, did not find org.eclipse.jetty.jsp.JettyJspServlet
[ERROR] Aug 24, 2026 1:47:15 PM org.jboss.weld.environment.servlet.EnhancedListener onStartup
[ERROR] INFO: WELD-ENV-001008: Initialize Weld using ServletContainerInitializer
[ERROR] Aug 24, 2026 1:47:15 PM org.jboss.weld.environment.deployment.discovery.ReflectionDiscoveryStrategy processAnnotatedDiscovery
[ERROR] INFO: WELD-ENV-000014: Falling back to Java Reflection for bean-discovery-mode="annotated" discovery. Add org.jboss:jandex to the classpath to speed-up startup.
[INFO] 2026-08-24 13:47:15.853 [main] INFO org.eclipse.jetty.server.handler.ContextHandler.ROOT - No Spring WebApplicationInitializer types detected on classpath
[INFO] 2026-08-24 13:47:15.854 [main] INFO org.eclipse.jetty.server.session.DefaultSessionIdManager - Session workerName=node0
[ERROR] Aug 24, 2026 1:47:15 PM org.jboss.weld.bootstrap.WeldStartup startContainer
[ERROR] INFO: WELD-000101: Transactional services not available. Injection of @Inject UserTransaction not available. Transactional observers will be invoked synchronously.
[ERROR] Aug 24, 2026 1:47:15 PM org.jboss.weld.environment.jetty.JettyLegacyContainer initialize
[ERROR] INFO: WELD-ENV-001200: Jetty 7.2+ detected, CDI injection will be available in Servlets and Filters. Injection into Listeners should work on Jetty 9.1.1 and newer.
[INFO] 2026-08-24 13:47:15.861 [main] INFO org.eclipse.jetty.server.handler.ContextHandler - Started o.e.j.w.WebAppContext@18a38bba{Wicket Examples,/,file:///home/andrea/WicketBuild/wicket-10.x/target/checkout/wicket-examples/src/main/testwebapp1/,AVAILABLE}{/home/andrea/WicketBuild/wicket-10.x/target/checkout/wicket-examples/src/main/testwebapp1}
[INFO] 2026-08-24 13:47:15.862 [main] INFO org.eclipse.jetty.server.AbstractConnector - Started ServerConnector@6a7ea7c{HTTP/1.1, (http/1.1)}{0.0.0.0:41981}
[INFO] 2026-08-24 13:47:15.865 [main] INFO org.eclipse.jetty.server.AbstractConnector - Started ServerConnector@25ee3caa{HTTP/1.1, (http/1.1)}{0.0.0.0:41611}
[INFO] 2026-08-24 13:47:15.865 [main] INFO org.eclipse.jetty.server.Server - Started Server@62159fd{STARTING}[11.0.24,sto=0] @5036ms
[INFO] 2026-08-24 13:47:15.995 [main] INFO org.eclipse.jetty.server.Server - Stopped Server@62159fd{STOPPING}[11.0.24,sto=0]
[INFO] 2026-08-24 13:47:15.996 [main] INFO org.eclipse.jetty.server.AbstractConnector - Stopped ServerConnector@6a7ea7c{HTTP/1.1, (http/1.1)}{0.0.0.0:0}
[INFO] 2026-08-24 13:47:15.997 [main] INFO org.eclipse.jetty.server.AbstractConnector - Stopped ServerConnector@25ee3caa{HTTP/1.1, (http/1.1)}{0.0.0.0:0}
[INFO] 2026-08-24 13:47:16.001 [main] INFO org.eclipse.jetty.server.handler.ContextHandler - Stopped o.e.j.w.WebAppContext@18a38bba{Wicket Examples,/,null,STOPPED}{/home/andrea/WicketBuild/wicket-10.x/target/checkout/wicket-examples/src/main/testwebapp1}
[INFO] [INFO] Tests run: 2, Failures: 0, Errors: 0, Skipped: 0, Time elapsed: 0.448 s -- in org.apache.wicket.filtertest.WithoutCPWithFPTest
[INFO] [INFO] Running org.apache.wicket.filtertest.WithoutCPWithoutFPTest
[INFO] 2026-08-24 13:47:16.004 [main] WARN org.eclipse.jetty.server.handler.ContextHandler - Empty contextPath
[INFO] 2026-08-24 13:47:16.004 [main] INFO org.eclipse.jetty.server.Server - jetty-11.0.24; built: 2024-08-26T18:11:22.448Z; git: 5dfc59a691b748796f922208956bd1f2794bcd16; jvm 17.0.20.1+1
[INFO] 2026-08-24 13:47:16.011 [main] INFO org.eclipse.jetty.webapp.StandardDescriptorProcessor - NO JSP Support for /, did not find org.eclipse.jetty.jsp.JettyJspServlet
[INFO] 2026-08-24 13:47:16.011 [main] INFO org.eclipse.jetty.server.handler.ContextHandler.ROOT - No Spring WebApplicationInitializer types detected on classpath
[ERROR] Aug 24, 2026 1:47:16 PM org.jboss.weld.environment.servlet.EnhancedListener onStartup
[ERROR] INFO: WELD-ENV-001008: Initialize Weld using ServletContainerInitializer
[INFO] 2026-08-24 13:47:16.056 [main] INFO org.eclipse.jetty.server.session.DefaultSessionIdManager - Session workerName=node0
[INFO] 2026-08-24 13:47:16.063 [main] INFO org.eclipse.jetty.server.handler.ContextHandler - Started o.e.j.w.WebAppContext@3fda8dae{Wicket Examples,/,file:///home/andrea/WicketBuild/wicket-10.x/target/checkout/wicket-examples/src/main/testwebapp2/,AVAILABLE}{/home/andrea/WicketBuild/wicket-10.x/target/checkout/wicket-examples/src/main/testwebapp2}
[INFO] 2026-08-24 13:47:16.065 [main] INFO org.eclipse.jetty.server.AbstractConnector - Started ServerConnector@71098fb3{HTTP/1.1, (http/1.1)}{0.0.0.0:46701}
[INFO] 2026-08-24 13:47:16.066 [main] INFO org.eclipse.jetty.server.AbstractConnector - Started ServerConnector@2ebcbf9d{HTTP/1.1, (http/1.1)}{0.0.0.0:42437}
[INFO] 2026-08-24 13:47:16.066 [main] INFO org.eclipse.jetty.server.Server - Started Server@46b55a0e{STARTING}[11.0.24,sto=0] @5237ms
[ERROR] Aug 24, 2026 1:47:16 PM org.jboss.weld.environment.deployment.discovery.ReflectionDiscoveryStrategy processAnnotatedDiscovery
[ERROR] INFO: WELD-ENV-000014: Falling back to Java Reflection for bean-discovery-mode="annotated" discovery. Add org.jboss:jandex to the classpath to speed-up startup.
[ERROR] Aug 24, 2026 1:47:16 PM org.jboss.weld.bootstrap.WeldStartup startContainer
[ERROR] INFO: WELD-000101: Transactional services not available. Injection of @Inject UserTransaction not available. Transactional observers will be invoked synchronously.
[ERROR] Aug 24, 2026 1:47:16 PM org.jboss.weld.environment.jetty.JettyLegacyContainer initialize
[ERROR] INFO: WELD-ENV-001200: Jetty 7.2+ detected, CDI injection will be available in Servlets and Filters. Injection into Listeners should work on Jetty 9.1.1 and newer.
[INFO] 2026-08-24 13:47:16.180 [main] INFO org.eclipse.jetty.server.Server - Stopped Server@46b55a0e{STOPPING}[11.0.24,sto=0]
[INFO] 2026-08-24 13:47:16.181 [main] INFO org.eclipse.jetty.server.AbstractConnector - Stopped ServerConnector@71098fb3{HTTP/1.1, (http/1.1)}{0.0.0.0:0}
[INFO] 2026-08-24 13:47:16.182 [main] INFO org.eclipse.jetty.server.AbstractConnector - Stopped ServerConnector@2ebcbf9d{HTTP/1.1, (http/1.1)}{0.0.0.0:0}
[INFO] 2026-08-24 13:47:16.187 [main] INFO org.eclipse.jetty.server.handler.ContextHandler - Stopped o.e.j.w.WebAppContext@3fda8dae{Wicket Examples,/,null,STOPPED}{/home/andrea/WicketBuild/wicket-10.x/target/checkout/wicket-examples/src/main/testwebapp2}
[INFO] 2026-08-24 13:47:16.189 [main] WARN org.eclipse.jetty.server.handler.ContextHandler - Empty contextPath
[INFO] 2026-08-24 13:47:16.189 [main] INFO org.eclipse.jetty.server.Server - jetty-11.0.24; built: 2024-08-26T18:11:22.448Z; git: 5dfc59a691b748796f922208956bd1f2794bcd16; jvm 17.0.20.1+1
[INFO] 2026-08-24 13:47:16.198 [main] INFO org.eclipse.jetty.webapp.StandardDescriptorProcessor - NO JSP Support for /, did not find org.eclipse.jetty.jsp.JettyJspServlet
[INFO] 2026-08-24 13:47:16.200 [main] INFO org.eclipse.jetty.server.handler.ContextHandler.ROOT - No Spring WebApplicationInitializer types detected on classpath
[ERROR] Aug 24, 2026 1:47:16 PM org.jboss.weld.environment.servlet.EnhancedListener onStartup
[ERROR] INFO: WELD-ENV-001008: Initialize Weld using ServletContainerInitializer
[ERROR] Aug 24, 2026 1:47:16 PM org.jboss.weld.environment.deployment.discovery.ReflectionDiscoveryStrategy processAnnotatedDiscovery
[ERROR] INFO: WELD-ENV-000014: Falling back to Java Reflection for bean-discovery-mode="annotated" discovery. Add org.jboss:jandex to the classpath to speed-up startup.
[ERROR] Aug 24, 2026 1:47:16 PM org.jboss.weld.bootstrap.WeldStartup startContainer
[INFO] 2026-08-24 13:47:16.243 [main] INFO org.eclipse.jetty.server.session.DefaultSessionIdManager - Session workerName=node0
[INFO] 2026-08-24 13:47:16.249 [main] INFO org.eclipse.jetty.server.handler.ContextHandler - Started o.e.j.w.WebAppContext@62264d4f{Wicket Examples,/,file:///home/andrea/WicketBuild/wicket-10.x/target/checkout/wicket-examples/src/main/testwebapp2/,AVAILABLE}{/home/andrea/WicketBuild/wicket-10.x/target/checkout/wicket-examples/src/main/testwebapp2}
[INFO] 2026-08-24 13:47:16.251 [main] INFO org.eclipse.jetty.server.AbstractConnector - Started ServerConnector@34d3409d{HTTP/1.1, (http/1.1)}{0.0.0.0:43455}
[INFO] 2026-08-24 13:47:16.253 [main] INFO org.eclipse.jetty.server.AbstractConnector - Started ServerConnector@38e052b2{HTTP/1.1, (http/1.1)}{0.0.0.0:44659}
[INFO] 2026-08-24 13:47:16.253 [main] INFO org.eclipse.jetty.server.Server - Started Server@515fff35{STARTING}[11.0.24,sto=0] @5424ms
[ERROR] INFO: WELD-000101: Transactional services not available. Injection of @Inject UserTransaction not available. Transactional observers will be invoked synchronously.
[ERROR] Aug 24, 2026 1:47:16 PM org.jboss.weld.environment.jetty.JettyLegacyContainer initialize
[ERROR] INFO: WELD-ENV-001200: Jetty 7.2+ detected, CDI injection will be available in Servlets and Filters. Injection into Listeners should work on Jetty 9.1.1 and newer.
[INFO] 2026-08-24 13:47:16.384 [main] INFO org.eclipse.jetty.server.Server - Stopped Server@515fff35{STOPPING}[11.0.24,sto=0]
[INFO] 2026-08-24 13:47:16.385 [main] INFO org.eclipse.jetty.server.AbstractConnector - Stopped ServerConnector@34d3409d{HTTP/1.1, (http/1.1)}{0.0.0.0:0}
[INFO] 2026-08-24 13:47:16.386 [main] INFO org.eclipse.jetty.server.AbstractConnector - Stopped ServerConnector@38e052b2{HTTP/1.1, (http/1.1)}{0.0.0.0:0}
[INFO] 2026-08-24 13:47:16.390 [main] INFO org.eclipse.jetty.server.handler.ContextHandler - Stopped o.e.j.w.WebAppContext@62264d4f{Wicket Examples,/,null,STOPPED}{/home/andrea/WicketBuild/wicket-10.x/target/checkout/wicket-examples/src/main/testwebapp2}
[INFO] [INFO] Tests run: 2, Failures: 0, Errors: 0, Skipped: 0, Time elapsed: 0.389 s -- in org.apache.wicket.filtertest.WithoutCPWithoutFPTest
[INFO] [INFO] 
[INFO] [INFO] Results:
[INFO] [INFO] 
[INFO] [INFO] Tests run: 39, Failures: 0, Errors: 0, Skipped: 0
[INFO] [INFO] 
[INFO] [INFO] 
[INFO] [INFO] --- war:3.5.1:war (default-war) @ wicket-examples ---
[INFO] [WARNING]  Parameter 'warName' is read-only, must not be used in configuration
[INFO] [INFO] Packaging webapp
[INFO] [INFO] Assembling webapp [wicket-examples] in [/home/andrea/WicketBuild/wicket-10.x/target/checkout/wicket-examples/target/wicket-examples-10.11.0]
[INFO] [INFO] Processing war project
[INFO] [INFO] Copying webapp resources [/home/andrea/WicketBuild/wicket-10.x/target/checkout/wicket-examples/src/main/webapp]
[INFO] [INFO] Building war: /home/andrea/WicketBuild/wicket-10.x/target/checkout/wicket-examples/target/wicket-examples.war
[INFO] [INFO] 
[INFO] [INFO] --- assembly:3.7.1:single (source-release-assembly) @ wicket-examples ---
[INFO] [INFO] Skipping the assembly in this project because it's not the Execution Root
[INFO] [INFO] 
[INFO] [INFO] --- source:3.4.0:jar-no-fork (attach-sources) @ wicket-examples ---
[INFO] [INFO] Building jar: /home/andrea/WicketBuild/wicket-10.x/target/checkout/wicket-examples/target/wicket-examples-10.11.0-sources.jar
[INFO] [INFO] 
[INFO] [INFO] --- javadoc:3.12.0:jar (attach-javadocs) @ wicket-examples ---
[INFO] [INFO] Skipping javadoc generation
[INFO] [INFO] 
[INFO] [INFO] --- checksum:1.11:artifacts (source-release-checksum) @ wicket-examples ---
[INFO] [INFO] 
[INFO] [INFO] --- japicmp:0.25.4:cmp (default) @ wicket-examples ---
[INFO] [INFO] japicmp skipped.
[INFO] [INFO] 
[INFO] [INFO] --- gpg:3.2.8:sign (sign-release-artifacts) @ wicket-examples ---
[INFO] [INFO] Signer 'gpg' is signing 3 files with key default
[INFO] gpg: using "0xD1AE986470B5A49C3E6A27B2878F01FAA8D356E1" as default secret key for signing
[INFO] gpg: using "0xD1AE986470B5A49C3E6A27B2878F01FAA8D356E1" as default secret key for signing
[INFO] gpg: using "0xD1AE986470B5A49C3E6A27B2878F01FAA8D356E1" as default secret key for signing
[INFO] [INFO] 
[INFO] [INFO] --- install:3.1.4:install (default-install) @ wicket-examples ---
[INFO] [INFO] Installing /home/andrea/WicketBuild/wicket-10.x/target/checkout/wicket-examples/pom.xml to /home/andrea/.m2/repository/org/apache/wicket/wicket-examples/10.11.0/wicket-examples-10.11.0.pom
[INFO] [INFO] Installing /home/andrea/WicketBuild/wicket-10.x/target/checkout/wicket-examples/target/wicket-examples.war to /home/andrea/.m2/repository/org/apache/wicket/wicket-examples/10.11.0/wicket-examples-10.11.0.war
[INFO] [INFO] Installing /home/andrea/WicketBuild/wicket-10.x/target/checkout/wicket-examples/target/wicket-examples-10.11.0-sources.jar to /home/andrea/.m2/repository/org/apache/wicket/wicket-examples/10.11.0/wicket-examples-10.11.0-sources.jar
[INFO] [INFO] Installing /home/andrea/WicketBuild/wicket-10.x/target/checkout/wicket-examples/target/wicket-examples.war.asc to /home/andrea/.m2/repository/org/apache/wicket/wicket-examples/10.11.0/wicket-examples-10.11.0.war.asc
[INFO] [INFO] Installing /home/andrea/WicketBuild/wicket-10.x/target/checkout/wicket-examples/target/wicket-examples-10.11.0.pom.asc to /home/andrea/.m2/repository/org/apache/wicket/wicket-examples/10.11.0/wicket-examples-10.11.0.pom.asc
[INFO] [INFO] Installing /home/andrea/WicketBuild/wicket-10.x/target/checkout/wicket-examples/target/wicket-examples-10.11.0-sources.jar.asc to /home/andrea/.m2/repository/org/apache/wicket/wicket-examples/10.11.0/wicket-examples-10.11.0-sources.jar.asc
[INFO] [INFO] 
[INFO] [INFO] --- gpg:3.2.8:sign (sign-artifacts) @ wicket-examples ---
[INFO] [INFO] Signer 'gpg' is signing 3 files with key default
[INFO] gpg: using "0xD1AE986470B5A49C3E6A27B2878F01FAA8D356E1" as default secret key for signing
[INFO] [WARNING] artifact org.apache.wicket:wicket-examples:war.asc:10.11.0 already attached, replace previous instance
[INFO] gpg: using "0xD1AE986470B5A49C3E6A27B2878F01FAA8D356E1" as default secret key for signing
[INFO] [WARNING] artifact org.apache.wicket:wicket-examples:pom.asc:10.11.0 already attached, replace previous instance
[INFO] gpg: using "0xD1AE986470B5A49C3E6A27B2878F01FAA8D356E1" as default secret key for signing
[INFO] [WARNING] artifact org.apache.wicket:wicket-examples:jar.asc:sources:10.11.0 already attached, replace previous instance
[INFO] [INFO] 
[INFO] [INFO] --- deploy:3.1.4:deploy (default-deploy) @ wicket-examples ---
[INFO] Uploading to apache.releases.https: https://repository.apache.org/service/local/staging/deploy/maven2/org/apache/wicket/wicket-examples/10.11.0/wicket-examples-10.11.0.pom
[INFO] Progress (1): 10 kB
[INFO]                    
[INFO] Uploaded to apache.releases.https: https://repository.apache.org/service/local/staging/deploy/maven2/org/apache/wicket/wicket-examples/10.11.0/wicket-examples-10.11.0.pom (10 kB at 18 kB/s)
[INFO] Uploading to apache.releases.https: https://repository.apache.org/service/local/staging/deploy/maven2/org/apache/wicket/wicket-examples/10.11.0/wicket-examples-10.11.0.war
[INFO] Uploading to apache.releases.https: https://repository.apache.org/service/local/staging/deploy/maven2/org/apache/wicket/wicket-examples/10.11.0/wicket-examples-10.11.0-sources.jar
[INFO] Uploading to apache.releases.https: https://repository.apache.org/service/local/staging/deploy/maven2/org/apache/wicket/wicket-examples/10.11.0/wicket-examples-10.11.0.war.asc
[INFO] Uploading to apache.releases.https: https://repository.apache.org/service/local/staging/deploy/maven2/org/apache/wicket/wicket-examples/10.11.0/wicket-examples-10.11.0.pom.asc
[INFO] Uploading to apache.releases.https: https://repository.apache.org/service/local/staging/deploy/maven2/org/apache/wicket/wicket-examples/10.11.0/wicket-examples-10.11.0-sources.jar.asc
[INFO] Progress (1): 833 B
[INFO] Progress (2): 833 B | 833 B
[INFO] Progress (3): 833 B | 833 B | 0/42 MB
[INFO] Progress (3): 833 B | 833 B | 0.1/42 MB
[INFO] Progress (3): 833 B | 833 B | 0.1/42 MB
[INFO] Progress (3): 833 B | 833 B | 0.1/42 MB
[INFO] Progress (4): 833 B | 833 B | 0.1/42 MB | 833 B
[INFO] Progress (5): 833 B | 833 B | 0.1/42 MB | 833 B | 0/8.4 MB
[INFO] Progress (5): 833 B | 833 B | 0.1/42 MB | 833 B | 0.1/8.4 MB
[INFO] Progress (5): 833 B | 833 B | 0.1/42 MB | 833 B | 0.1/8.4 MB
[INFO] Progress (5): 833 B | 833 B | 0.1/42 MB | 833 B | 0.1/8.4 MB
[INFO] Progress (5): 833 B | 833 B | 0.1/42 MB | 833 B | 0.2/8.4 MB
[INFO] Progress (5): 833 B | 833 B | 0.1/42 MB | 833 B | 0.2/8.4 MB
[INFO] Progress (5): 833 B | 833 B | 0.1/42 MB | 833 B | 0.2/8.4 MB
[INFO] Progress (5): 833 B | 833 B | 0.1/42 MB | 833 B | 0.3/8.4 MB
[INFO] Progress (5): 833 B | 833 B | 0.1/42 MB | 833 B | 0.3/8.4 MB
[INFO] Progress (5): 833 B | 833 B | 0.1/42 MB | 833 B | 0.3/8.4 MB
[INFO] Progress (5): 833 B | 833 B | 0.1/42 MB | 833 B | 0.4/8.4 MB
[INFO] Progress (5): 833 B | 833 B | 0.1/42 MB | 833 B | 0.4/8.4 MB
[INFO]                                                             
[INFO] Uploaded to apache.releases.https: https://repository.apache.org/service/local/staging/deploy/maven2/org/apache/wicket/wicket-examples/10.11.0/wicket-examples-10.11.0-sources.jar.asc (833 B at 4.8 kB/s)
[INFO] Uploaded to apache.releases.https: https://repository.apache.org/service/local/staging/deploy/maven2/org/apache/wicket/wicket-examples/10.11.0/wicket-examples-10.11.0.war.asc (833 B at 4.8 kB/s)
[INFO] Uploaded to apache.releases.https: https://repository.apache.org/service/local/staging/deploy/maven2/org/apache/wicket/wicket-examples/10.11.0/wicket-examples-10.11.0.pom.asc (833 B at 4.5 kB/s)
[INFO] Progress (2): 0.2/42 MB | 0.4/8.4 MB
[INFO] Progress (2): 0.2/42 MB | 0.4/8.4 MB
[INFO] Progress (2): 0.2/42 MB | 0.4/8.4 MB
[INFO] Progress (2): 0.2/42 MB | 0.4/8.4 MB
[INFO] Progress (2): 0.2/42 MB | 0.5/8.4 MB
[INFO] Progress (2): 0.2/42 MB | 0.5/8.4 MB
[INFO] Progress (2): 0.2/42 MB | 0.5/8.4 MB
[INFO] Progress (2): 0.2/42 MB | 0.6/8.4 MB
[INFO] Progress (2): 0.3/42 MB | 0.6/8.4 MB
[INFO] Progress (2): 0.3/42 MB | 0.6/8.4 MB
[INFO] Progress (2): 0.3/42 MB | 0.6/8.4 MB
[INFO] Progress (2): 0.3/42 MB | 0.6/8.4 MB
[INFO] Progress (2): 0.3/42 MB | 0.6/8.4 MB
[INFO] Progress (2): 0.3/42 MB | 0.7/8.4 MB
[INFO] Progress (2): 0.3/42 MB | 0.7/8.4 MB
[INFO] Progress (2): 0.3/42 MB | 0.7/8.4 MB
[INFO] Progress (2): 0.3/42 MB | 0.8/8.4 MB
[INFO] Progress (2): 0.3/42 MB | 0.8/8.4 MB
[INFO] Progress (2): 0.3/42 MB | 0.8/8.4 MB
[INFO] Progress (2): 0.3/42 MB | 0.9/8.4 MB
[INFO] Progress (2): 0.3/42 MB | 0.9/8.4 MB
[INFO] Progress (2): 0.3/42 MB | 0.9/8.4 MB
[INFO] Progress (2): 0.3/42 MB | 1.0/8.4 MB
[INFO] Progress (2): 0.4/42 MB | 1.0/8.4 MB
[INFO] Progress (2): 0.4/42 MB | 1.0/8.4 MB
[INFO] Progress (2): 0.4/42 MB | 1.0/8.4 MB
[INFO] Progress (2): 0.4/42 MB | 1.0/8.4 MB
[INFO] Progress (2): 0.4/42 MB | 1.0/8.4 MB
[INFO] Progress (2): 0.4/42 MB | 1.0/8.4 MB
[INFO] Progress (2): 0.4/42 MB | 1.1/8.4 MB
[INFO] Progress (2): 0.4/42 MB | 1.1/8.4 MB
[INFO] Progress (2): 0.4/42 MB | 1.1/8.4 MB
[INFO] Progress (2): 0.5/42 MB | 1.1/8.4 MB
[INFO] Progress (2): 0.5/42 MB | 1.1/8.4 MB
[INFO] Progress (2): 0.5/42 MB | 1.1/8.4 MB
[INFO] Progress (2): 0.6/42 MB | 1.1/8.4 MB
[INFO] Progress (2): 0.6/42 MB | 1.2/8.4 MB
[INFO] Progress (2): 0.6/42 MB | 1.2/8.4 MB
[INFO] Progress (2): 0.6/42 MB | 1.2/8.4 MB
[INFO] Progress (2): 0.6/42 MB | 1.3/8.4 MB
[INFO] Progress (2): 0.6/42 MB | 1.3/8.4 MB
[INFO] Progress (2): 0.6/42 MB | 1.3/8.4 MB
[INFO] Progress (2): 0.6/42 MB | 1.3/8.4 MB
[INFO] Progress (2): 0.6/42 MB | 1.3/8.4 MB
[INFO] Progress (2): 0.7/42 MB | 1.3/8.4 MB
[INFO] Progress (2): 0.7/42 MB | 1.3/8.4 MB
[INFO] Progress (2): 0.7/42 MB | 1.4/8.4 MB
[INFO] Progress (2): 0.7/42 MB | 1.4/8.4 MB
[INFO] Progress (2): 0.7/42 MB | 1.4/8.4 MB
[INFO] Progress (2): 0.7/42 MB | 1.5/8.4 MB
[INFO] Progress (2): 0.7/42 MB | 1.5/8.4 MB
[INFO] Progress (2): 0.7/42 MB | 1.5/8.4 MB
[INFO] Progress (2): 0.7/42 MB | 1.6/8.4 MB
[INFO] Progress (2): 0.7/42 MB | 1.6/8.4 MB
[INFO] Progress (2): 0.7/42 MB | 1.6/8.4 MB
[INFO] Progress (2): 0.8/42 MB | 1.6/8.4 MB
[INFO] Progress (2): 0.8/42 MB | 1.6/8.4 MB
[INFO] Progress (2): 0.8/42 MB | 1.6/8.4 MB
[INFO] Progress (2): 0.8/42 MB | 1.7/8.4 MB
[INFO] Progress (2): 0.8/42 MB | 1.7/8.4 MB
[INFO] Progress (2): 0.8/42 MB | 1.7/8.4 MB
[INFO] Progress (2): 0.8/42 MB | 1.8/8.4 MB
[INFO] Progress (2): 0.8/42 MB | 1.8/8.4 MB
[INFO] Progress (2): 0.8/42 MB | 1.8/8.4 MB
[INFO] Progress (2): 0.8/42 MB | 1.9/8.4 MB
[INFO] Progress (2): 0.8/42 MB | 1.9/8.4 MB
[INFO] Progress (2): 0.9/42 MB | 1.9/8.4 MB
[INFO] Progress (2): 0.9/42 MB | 1.9/8.4 MB
[INFO] Progress (2): 0.9/42 MB | 1.9/8.4 MB
[INFO] Progress (2): 1.0/42 MB | 1.9/8.4 MB
[INFO] Progress (2): 1.0/42 MB | 1.9/8.4 MB
[INFO] Progress (2): 1.0/42 MB | 1.9/8.4 MB
[INFO] Progress (2): 1.0/42 MB | 1.9/8.4 MB
[INFO] Progress (2): 1.1/42 MB | 1.9/8.4 MB
[INFO] Progress (2): 1.1/42 MB | 1.9/8.4 MB
[INFO] Progress (2): 1.1/42 MB | 1.9/8.4 MB
[INFO] Progress (2): 1.1/42 MB | 1.9/8.4 MB
[INFO] Progress (2): 1.1/42 MB | 2.0/8.4 MB
[INFO] Progress (2): 1.1/42 MB | 2.0/8.4 MB
[INFO] Progress (2): 1.1/42 MB | 2.0/8.4 MB
[INFO] Progress (2): 1.1/42 MB | 2.1/8.4 MB
[INFO] Progress (2): 1.1/42 MB | 2.1/8.4 MB
[INFO] Progress (2): 1.1/42 MB | 2.1/8.4 MB
[INFO] Progress (2): 1.1/42 MB | 2.1/8.4 MB
[INFO] Progress (2): 1.2/42 MB | 2.1/8.4 MB
[INFO] Progress (2): 1.2/42 MB | 2.1/8.4 MB
[INFO] Progress (2): 1.2/42 MB | 2.1/8.4 MB
[INFO] Progress (2): 1.3/42 MB | 2.1/8.4 MB
[INFO] Progress (2): 1.3/42 MB | 2.1/8.4 MB
[INFO] Progress (2): 1.3/42 MB | 2.2/8.4 MB
[INFO] Progress (2): 1.3/42 MB | 2.2/8.4 MB
[INFO] Progress (2): 1.3/42 MB | 2.2/8.4 MB
[INFO] Progress (2): 1.3/42 MB | 2.3/8.4 MB
[INFO] Progress (2): 1.3/42 MB | 2.3/8.4 MB
[INFO] Progress (2): 1.3/42 MB | 2.3/8.4 MB
[INFO] Progress (2): 1.3/42 MB | 2.4/8.4 MB
[INFO] Progress (2): 1.3/42 MB | 2.4/8.4 MB
[INFO] Progress (2): 1.3/42 MB | 2.4/8.4 MB
[INFO] Progress (2): 1.3/42 MB | 2.5/8.4 MB
[INFO] Progress (2): 1.3/42 MB | 2.5/8.4 MB
[INFO] Progress (2): 1.3/42 MB | 2.5/8.4 MB
[INFO] Progress (2): 1.3/42 MB | 2.6/8.4 MB
[INFO] Progress (2): 1.3/42 MB | 2.6/8.4 MB
[INFO] Progress (2): 1.3/42 MB | 2.6/8.4 MB
[INFO] Progress (2): 1.3/42 MB | 2.7/8.4 MB
[INFO] Progress (2): 1.3/42 MB | 2.7/8.4 MB
[INFO] Progress (2): 1.3/42 MB | 2.7/8.4 MB
[INFO] Progress (2): 1.3/42 MB | 2.8/8.4 MB
[INFO] Progress (2): 1.3/42 MB | 2.8/8.4 MB
[INFO] Progress (2): 1.3/42 MB | 2.8/8.4 MB
[INFO] Progress (2): 1.4/42 MB | 2.8/8.4 MB
[INFO] Progress (2): 1.4/42 MB | 2.8/8.4 MB
[INFO] Progress (2): 1.4/42 MB | 2.8/8.4 MB
[INFO] Progress (2): 1.5/42 MB | 2.8/8.4 MB
[INFO] Progress (2): 1.5/42 MB | 2.8/8.4 MB
[INFO] Progress (2): 1.5/42 MB | 2.8/8.4 MB
[INFO] Progress (2): 1.5/42 MB | 2.9/8.4 MB
[INFO] Progress (2): 1.5/42 MB | 2.9/8.4 MB
[INFO] Progress (2): 1.5/42 MB | 2.9/8.4 MB
[INFO] Progress (2): 1.5/42 MB | 2.9/8.4 MB
[INFO] Progress (2): 1.5/42 MB | 3.0/8.4 MB
[INFO] Progress (2): 1.5/42 MB | 3.0/8.4 MB
[INFO] Progress (2): 1.5/42 MB | 3.0/8.4 MB
[INFO] Progress (2): 1.6/42 MB | 3.0/8.4 MB
[INFO] Progress (2): 1.6/42 MB | 3.0/8.4 MB
[INFO] Progress (2): 1.6/42 MB | 3.0/8.4 MB
[INFO] Progress (2): 1.7/42 MB | 3.0/8.4 MB
[INFO] Progress (2): 1.7/42 MB | 3.0/8.4 MB
[INFO] Progress (2): 1.7/42 MB | 3.0/8.4 MB
[INFO] Progress (2): 1.7/42 MB | 3.1/8.4 MB
[INFO] Progress (2): 1.7/42 MB | 3.1/8.4 MB
[INFO] Progress (2): 1.7/42 MB | 3.1/8.4 MB
[INFO] Progress (2): 1.7/42 MB | 3.2/8.4 MB
[INFO] Progress (2): 1.7/42 MB | 3.2/8.4 MB
[INFO] Progress (2): 1.7/42 MB | 3.2/8.4 MB
[INFO] Progress (2): 1.7/42 MB | 3.3/8.4 MB
[INFO] Progress (2): 1.7/42 MB | 3.3/8.4 MB
[INFO] Progress (2): 1.8/42 MB | 3.3/8.4 MB
[INFO] Progress (2): 1.8/42 MB | 3.3/8.4 MB
[INFO] Progress (2): 1.8/42 MB | 3.3/8.4 MB
[INFO] Progress (2): 1.9/42 MB | 3.3/8.4 MB
[INFO] Progress (2): 1.9/42 MB | 3.3/8.4 MB
[INFO] Progress (2): 1.9/42 MB | 3.3/8.4 MB
[INFO] Progress (2): 1.9/42 MB | 3.3/8.4 MB
[INFO] Progress (2): 1.9/42 MB | 3.4/8.4 MB
[INFO] Progress (2): 1.9/42 MB | 3.4/8.4 MB
[INFO] Progress (2): 1.9/42 MB | 3.4/8.4 MB
[INFO] Progress (2): 1.9/42 MB | 3.5/8.4 MB
[INFO] Progress (2): 1.9/42 MB | 3.5/8.4 MB
[INFO] Progress (2): 1.9/42 MB | 3.5/8.4 MB
[INFO] Progress (2): 1.9/42 MB | 3.5/8.4 MB
[INFO] Progress (2): 2.0/42 MB | 3.5/8.4 MB
[INFO] Progress (2): 2.0/42 MB | 3.5/8.4 MB
[INFO] Progress (2): 2.0/42 MB | 3.5/8.4 MB
[INFO] Progress (2): 2.1/42 MB | 3.5/8.4 MB
[INFO] Progress (2): 2.1/42 MB | 3.5/8.4 MB
[INFO] Progress (2): 2.1/42 MB | 3.6/8.4 MB
[INFO] Progress (2): 2.1/42 MB | 3.6/8.4 MB
[INFO] Progress (2): 2.1/42 MB | 3.6/8.4 MB
[INFO] Progress (2): 2.1/42 MB | 3.7/8.4 MB
[INFO] Progress (2): 2.1/42 MB | 3.7/8.4 MB
[INFO] Progress (2): 2.1/42 MB | 3.7/8.4 MB
[INFO] Progress (2): 2.1/42 MB | 3.8/8.4 MB
[INFO] Progress (2): 2.1/42 MB | 3.8/8.4 MB
[INFO] Progress (2): 2.1/42 MB | 3.8/8.4 MB
[INFO] Progress (2): 2.2/42 MB | 3.8/8.4 MB
[INFO] Progress (2): 2.2/42 MB | 3.8/8.4 MB
[INFO] Progress (2): 2.2/42 MB | 3.8/8.4 MB
[INFO] Progress (2): 2.3/42 MB | 3.8/8.4 MB
[INFO] Progress (2): 2.3/42 MB | 3.8/8.4 MB
[INFO] Progress (2): 2.3/42 MB | 3.8/8.4 MB
[INFO] Progress (2): 2.3/42 MB | 3.9/8.4 MB
[INFO] Progress (2): 2.3/42 MB | 3.9/8.4 MB
[INFO] Progress (2): 2.3/42 MB | 3.9/8.4 MB
[INFO] Progress (2): 2.3/42 MB | 4.0/8.4 MB
[INFO] Progress (2): 2.3/42 MB | 4.0/8.4 MB
[INFO] Progress (2): 2.3/42 MB | 4.0/8.4 MB
[INFO] Progress (2): 2.3/42 MB | 4.1/8.4 MB
[INFO] Progress (2): 2.3/42 MB | 4.1/8.4 MB
[INFO] Progress (2): 2.4/42 MB | 4.1/8.4 MB
[INFO] Progress (2): 2.4/42 MB | 4.1/8.4 MB
[INFO] Progress (2): 2.4/42 MB | 4.1/8.4 MB
[INFO] Progress (2): 2.5/42 MB | 4.1/8.4 MB
[INFO] Progress (2): 2.5/42 MB | 4.1/8.4 MB
[INFO] Progress (2): 2.5/42 MB | 4.1/8.4 MB
[INFO] Progress (2): 2.5/42 MB | 4.1/8.4 MB
[INFO] Progress (2): 2.5/42 MB | 4.2/8.4 MB
[INFO] Progress (2): 2.5/42 MB | 4.2/8.4 MB
[INFO] Progress (2): 2.5/42 MB | 4.2/8.4 MB
[INFO] Progress (2): 2.5/42 MB | 4.3/8.4 MB
[INFO] Progress (2): 2.5/42 MB | 4.3/8.4 MB
[INFO] Progress (2): 2.5/42 MB | 4.3/8.4 MB
[INFO] Progress (2): 2.5/42 MB | 4.4/8.4 MB
[INFO] Progress (2): 2.5/42 MB | 4.4/8.4 MB
[INFO] Progress (2): 2.5/42 MB | 4.4/8.4 MB
[INFO] Progress (2): 2.5/42 MB | 4.5/8.4 MB
[INFO] Progress (2): 2.5/42 MB | 4.5/8.4 MB
[INFO] Progress (2): 2.5/42 MB | 4.5/8.4 MB
[INFO] Progress (2): 2.5/42 MB | 4.6/8.4 MB
[INFO] Progress (2): 2.5/42 MB | 4.6/8.4 MB
[INFO] Progress (2): 2.5/42 MB | 4.6/8.4 MB
[INFO] Progress (2): 2.6/42 MB | 4.6/8.4 MB
[INFO] Progress (2): 2.6/42 MB | 4.6/8.4 MB
[INFO] Progress (2): 2.6/42 MB | 4.6/8.4 MB
[INFO] Progress (2): 2.7/42 MB | 4.6/8.4 MB
[INFO] Progress (2): 2.7/42 MB | 4.6/8.4 MB
[INFO] Progress (2): 2.7/42 MB | 4.6/8.4 MB
[INFO] Progress (2): 2.7/42 MB | 4.7/8.4 MB
[INFO] Progress (2): 2.7/42 MB | 4.7/8.4 MB
[INFO] Progress (2): 2.7/42 MB | 4.7/8.4 MB
[INFO] Progress (2): 2.7/42 MB | 4.8/8.4 MB
[INFO] Progress (2): 2.7/42 MB | 4.8/8.4 MB
[INFO] Progress (2): 2.7/42 MB | 4.8/8.4 MB
[INFO] Progress (2): 2.7/42 MB | 4.8/8.4 MB
[INFO] Progress (2): 2.7/42 MB | 4.8/8.4 MB
[INFO] Progress (2): 2.8/42 MB | 4.8/8.4 MB
[INFO] Progress (2): 2.8/42 MB | 4.8/8.4 MB
[INFO] Progress (2): 2.8/42 MB | 4.8/8.4 MB
[INFO] Progress (2): 2.9/42 MB | 4.8/8.4 MB
[INFO] Progress (2): 2.9/42 MB | 4.8/8.4 MB
[INFO] Progress (2): 2.9/42 MB | 4.9/8.4 MB
[INFO] Progress (2): 2.9/42 MB | 4.9/8.4 MB
[INFO] Progress (2): 2.9/42 MB | 4.9/8.4 MB
[INFO] Progress (2): 2.9/42 MB | 5.0/8.4 MB
[INFO] Progress (2): 2.9/42 MB | 5.0/8.4 MB
[INFO] Progress (2): 2.9/42 MB | 5.0/8.4 MB
[INFO] Progress (2): 2.9/42 MB | 5.1/8.4 MB
[INFO] Progress (2): 2.9/42 MB | 5.1/8.4 MB
[INFO] Progress (2): 2.9/42 MB | 5.1/8.4 MB
[INFO] Progress (2): 2.9/42 MB | 5.2/8.4 MB
[INFO] Progress (2): 2.9/42 MB | 5.2/8.4 MB
[INFO] Progress (2): 2.9/42 MB | 5.2/8.4 MB
[INFO] Progress (2): 2.9/42 MB | 5.3/8.4 MB
[INFO] Progress (2): 2.9/42 MB | 5.3/8.4 MB
[INFO] Progress (2): 2.9/42 MB | 5.3/8.4 MB
[INFO] Progress (2): 2.9/42 MB | 5.3/8.4 MB
[INFO] Progress (2): 2.9/42 MB | 5.3/8.4 MB
[INFO] Progress (2): 3.0/42 MB | 5.3/8.4 MB
[INFO] Progress (2): 3.0/42 MB | 5.3/8.4 MB
[INFO] Progress (2): 3.0/42 MB | 5.3/8.4 MB
[INFO] Progress (2): 3.0/42 MB | 5.4/8.4 MB
[INFO] Progress (2): 3.0/42 MB | 5.4/8.4 MB
[INFO] Progress (2): 3.0/42 MB | 5.4/8.4 MB
[INFO] Progress (2): 3.0/42 MB | 5.5/8.4 MB
[INFO] Progress (2): 3.0/42 MB | 5.5/8.4 MB
[INFO] Progress (2): 3.0/42 MB | 5.5/8.4 MB
[INFO] Progress (2): 3.0/42 MB | 5.6/8.4 MB
[INFO] Progress (2): 3.0/42 MB | 5.6/8.4 MB
[INFO] Progress (2): 3.1/42 MB | 5.6/8.4 MB
[INFO] Progress (2): 3.1/42 MB | 5.6/8.4 MB
[INFO] Progress (2): 3.1/42 MB | 5.6/8.4 MB
[INFO] Progress (2): 3.2/42 MB | 5.6/8.4 MB
[INFO] Progress (2): 3.2/42 MB | 5.6/8.4 MB
[INFO] Progress (2): 3.2/42 MB | 5.6/8.4 MB
[INFO] Progress (2): 3.2/42 MB | 5.6/8.4 MB
[INFO] Progress (2): 3.2/42 MB | 5.7/8.4 MB
[INFO] Progress (2): 3.2/42 MB | 5.7/8.4 MB
[INFO] Progress (2): 3.2/42 MB | 5.7/8.4 MB
[INFO] Progress (2): 3.2/42 MB | 5.8/8.4 MB
[INFO] Progress (2): 3.2/42 MB | 5.8/8.4 MB
[INFO] Progress (2): 3.2/42 MB | 5.8/8.4 MB
[INFO] Progress (2): 3.2/42 MB | 5.9/8.4 MB
[INFO] Progress (2): 3.3/42 MB | 5.9/8.4 MB
[INFO] Progress (2): 3.3/42 MB | 5.9/8.4 MB
[INFO] Progress (2): 3.3/42 MB | 5.9/8.4 MB
[INFO] Progress (2): 3.4/42 MB | 5.9/8.4 MB
[INFO] Progress (2): 3.4/42 MB | 5.9/8.4 MB
[INFO] Progress (2): 3.4/42 MB | 5.9/8.4 MB
[INFO] Progress (2): 3.4/42 MB | 5.9/8.4 MB
[INFO] Progress (2): 3.4/42 MB | 5.9/8.4 MB
[INFO] Progress (2): 3.4/42 MB | 6.0/8.4 MB
[INFO] Progress (2): 3.4/42 MB | 6.0/8.4 MB
[INFO] Progress (2): 3.4/42 MB | 6.0/8.4 MB
[INFO] Progress (2): 3.4/42 MB | 6.1/8.4 MB
[INFO] Progress (2): 3.4/42 MB | 6.1/8.4 MB
[INFO] Progress (2): 3.4/42 MB | 6.1/8.4 MB
[INFO] Progress (2): 3.4/42 MB | 6.2/8.4 MB
[INFO] Progress (2): 3.4/42 MB | 6.2/8.4 MB
[INFO] Progress (2): 3.4/42 MB | 6.2/8.4 MB
[INFO] Progress (2): 3.4/42 MB | 6.3/8.4 MB
[INFO] Progress (2): 3.4/42 MB | 6.3/8.4 MB
[INFO] Progress (2): 3.4/42 MB | 6.3/8.4 MB
[INFO] Progress (2): 3.4/42 MB | 6.4/8.4 MB
[INFO] Progress (2): 3.4/42 MB | 6.4/8.4 MB
[INFO] Progress (2): 3.5/42 MB | 6.4/8.4 MB
[INFO] Progress (2): 3.5/42 MB | 6.4/8.4 MB
[INFO] Progress (2): 3.5/42 MB | 6.4/8.4 MB
[INFO] Progress (2): 3.6/42 MB | 6.4/8.4 MB
[INFO] Progress (2): 3.6/42 MB | 6.4/8.4 MB
[INFO] Progress (2): 3.6/42 MB | 6.4/8.4 MB
[INFO] Progress (2): 3.6/42 MB | 6.4/8.4 MB
[INFO] Progress (2): 3.6/42 MB | 6.5/8.4 MB
[INFO] Progress (2): 3.6/42 MB | 6.5/8.4 MB
[INFO] Progress (2): 3.6/42 MB | 6.5/8.4 MB
[INFO] Progress (2): 3.6/42 MB | 6.6/8.4 MB
[INFO] Progress (2): 3.6/42 MB | 6.6/8.4 MB
[INFO] Progress (2): 3.6/42 MB | 6.6/8.4 MB
[INFO] Progress (2): 3.6/42 MB | 6.7/8.4 MB
[INFO] Progress (2): 3.6/42 MB | 6.7/8.4 MB
[INFO] Progress (2): 3.6/42 MB | 6.7/8.4 MB
[INFO] Progress (2): 3.6/42 MB | 6.8/8.4 MB
[INFO] Progress (2): 3.6/42 MB | 6.8/8.4 MB
[INFO] Progress (2): 3.6/42 MB | 6.8/8.4 MB
[INFO] Progress (2): 3.6/42 MB | 6.8/8.4 MB
[INFO] Progress (2): 3.7/42 MB | 6.8/8.4 MB
[INFO] Progress (2): 3.7/42 MB | 6.8/8.4 MB
[INFO] Progress (2): 3.7/42 MB | 6.8/8.4 MB
[INFO] Progress (2): 3.8/42 MB | 6.8/8.4 MB
[INFO] Progress (2): 3.8/42 MB | 6.8/8.4 MB
[INFO] Progress (2): 3.8/42 MB | 6.8/8.4 MB
[INFO] Progress (2): 3.9/42 MB | 6.8/8.4 MB
[INFO] Progress (2): 3.9/42 MB | 6.8/8.4 MB
[INFO] Progress (2): 3.9/42 MB | 6.8/8.4 MB
[INFO] Progress (2): 4.0/42 MB | 6.8/8.4 MB
[INFO] Progress (2): 4.0/42 MB | 6.8/8.4 MB
[INFO] Progress (2): 4.0/42 MB | 6.8/8.4 MB
[INFO] Progress (2): 4.0/42 MB | 6.9/8.4 MB
[INFO] Progress (2): 4.0/42 MB | 6.9/8.4 MB
[INFO] Progress (2): 4.0/42 MB | 6.9/8.4 MB
[INFO] Progress (2): 4.0/42 MB | 7.0/8.4 MB
[INFO] Progress (2): 4.0/42 MB | 7.0/8.4 MB
[INFO] Progress (2): 4.0/42 MB | 7.0/8.4 MB
[INFO] Progress (2): 4.0/42 MB | 7.1/8.4 MB
[INFO] Progress (2): 4.0/42 MB | 7.1/8.4 MB
[INFO] Progress (2): 4.1/42 MB | 7.1/8.4 MB
[INFO] Progress (2): 4.1/42 MB | 7.1/8.4 MB
[INFO] Progress (2): 4.1/42 MB | 7.1/8.4 MB
[INFO] Progress (2): 4.2/42 MB | 7.1/8.4 MB
[INFO] Progress (2): 4.2/42 MB | 7.1/8.4 MB
[INFO] Progress (2): 4.2/42 MB | 7.1/8.4 MB
[INFO] Progress (2): 4.2/42 MB | 7.1/8.4 MB
[INFO] Progress (2): 4.2/42 MB | 7.2/8.4 MB
[INFO] Progress (2): 4.2/42 MB | 7.2/8.4 MB
[INFO] Progress (2): 4.2/42 MB | 7.2/8.4 MB
[INFO] Progress (2): 4.2/42 MB | 7.3/8.4 MB
[INFO] Progress (2): 4.2/42 MB | 7.3/8.4 MB
[INFO] Progress (2): 4.2/42 MB | 7.3/8.4 MB
[INFO] Progress (2): 4.2/42 MB | 7.4/8.4 MB
[INFO] Progress (2): 4.2/42 MB | 7.4/8.4 MB
[INFO] Progress (2): 4.2/42 MB | 7.4/8.4 MB
[INFO] Progress (2): 4.2/42 MB | 7.5/8.4 MB
[INFO] Progress (2): 4.2/42 MB | 7.5/8.4 MB
[INFO] Progress (2): 4.2/42 MB | 7.5/8.4 MB
[INFO] Progress (2): 4.2/42 MB | 7.6/8.4 MB
[INFO] Progress (2): 4.2/42 MB | 7.6/8.4 MB
[INFO] Progress (2): 4.3/42 MB | 7.6/8.4 MB
[INFO] Progress (2): 4.3/42 MB | 7.6/8.4 MB
[INFO] Progress (2): 4.3/42 MB | 7.6/8.4 MB
[INFO] Progress (2): 4.4/42 MB | 7.6/8.4 MB
[INFO] Progress (2): 4.4/42 MB | 7.6/8.4 MB
[INFO] Progress (2): 4.4/42 MB | 7.6/8.4 MB
[INFO] Progress (2): 4.4/42 MB | 7.6/8.4 MB
[INFO] Progress (2): 4.4/42 MB | 7.7/8.4 MB
[INFO] Progress (2): 4.4/42 MB | 7.7/8.4 MB
[INFO] Progress (2): 4.4/42 MB | 7.7/8.4 MB
[INFO] Progress (2): 4.4/42 MB | 7.8/8.4 MB
[INFO] Progress (2): 4.4/42 MB | 7.8/8.4 MB
[INFO] Progress (2): 4.4/42 MB | 7.8/8.4 MB
[INFO] Progress (2): 4.4/42 MB | 7.9/8.4 MB
[INFO] Progress (2): 4.5/42 MB | 7.9/8.4 MB
[INFO] Progress (2): 4.5/42 MB | 7.9/8.4 MB
[INFO] Progress (2): 4.5/42 MB | 7.9/8.4 MB
[INFO] Progress (2): 4.6/42 MB | 7.9/8.4 MB
[INFO] Progress (2): 4.6/42 MB | 7.9/8.4 MB
[INFO] Progress (2): 4.6/42 MB | 7.9/8.4 MB
[INFO] Progress (2): 4.6/42 MB | 7.9/8.4 MB
[INFO] Progress (2): 4.6/42 MB | 7.9/8.4 MB
[INFO] Progress (2): 4.6/42 MB | 8.0/8.4 MB
[INFO] Progress (2): 4.6/42 MB | 8.0/8.4 MB
[INFO] Progress (2): 4.6/42 MB | 8.0/8.4 MB
[INFO] Progress (2): 4.6/42 MB | 8.1/8.4 MB
[INFO] Progress (2): 4.6/42 MB | 8.1/8.4 MB
[INFO] Progress (2): 4.6/42 MB | 8.1/8.4 MB
[INFO] Progress (2): 4.7/42 MB | 8.1/8.4 MB
[INFO] Progress (2): 4.7/42 MB | 8.1/8.4 MB
[INFO] Progress (2): 4.7/42 MB | 8.1/8.4 MB
[INFO] Progress (2): 4.8/42 MB | 8.1/8.4 MB
[INFO] Progress (2): 4.8/42 MB | 8.1/8.4 MB
[INFO] Progress (2): 4.8/42 MB | 8.1/8.4 MB
[INFO] Progress (2): 4.8/42 MB | 8.2/8.4 MB
[INFO] Progress (2): 4.8/42 MB | 8.2/8.4 MB
[INFO] Progress (2): 4.8/42 MB | 8.2/8.4 MB
[INFO] Progress (2): 4.8/42 MB | 8.3/8.4 MB
[INFO] Progress (2): 4.8/42 MB | 8.3/8.4 MB
[INFO] Progress (2): 4.8/42 MB | 8.3/8.4 MB
[INFO] Progress (2): 4.8/42 MB | 8.4/8.4 MB
[INFO] Progress (2): 4.8/42 MB | 8.4/8.4 MB
[INFO] Progress (2): 4.8/42 MB | 8.4 MB    
[INFO] Progress (2): 4.8/42 MB | 8.4 MB
[INFO] Progress (2): 4.9/42 MB | 8.4 MB
[INFO] Progress (2): 4.9/42 MB | 8.4 MB
[INFO] Progress (2): 4.9/42 MB | 8.4 MB
[INFO] Progress (2): 5.0/42 MB | 8.4 MB
[INFO] Progress (2): 5.0/42 MB | 8.4 MB
[INFO] Progress (2): 5.0/42 MB | 8.4 MB
[INFO] Progress (2): 5.1/42 MB | 8.4 MB
[INFO] Progress (2): 5.1/42 MB | 8.4 MB
[INFO] Progress (2): 5.1/42 MB | 8.4 MB
[INFO] Progress (2): 5.2/42 MB | 8.4 MB
[INFO] Progress (2): 5.2/42 MB | 8.4 MB
[INFO] Progress (2): 5.2/42 MB | 8.4 MB
[INFO] Progress (2): 5.3/42 MB | 8.4 MB
[INFO] Progress (2): 5.3/42 MB | 8.4 MB
[INFO] Progress (2): 5.3/42 MB | 8.4 MB
[INFO] Progress (2): 5.4/42 MB | 8.4 MB
[INFO] Progress (2): 5.4/42 MB | 8.4 MB
[INFO] Progress (2): 5.4/42 MB | 8.4 MB
[INFO] Progress (2): 5.5/42 MB | 8.4 MB
[INFO] Progress (2): 5.5/42 MB | 8.4 MB
[INFO] Progress (2): 5.5/42 MB | 8.4 MB
[INFO] Progress (2): 5.6/42 MB | 8.4 MB
[INFO] Progress (2): 5.6/42 MB | 8.4 MB
[INFO] Progress (2): 5.6/42 MB | 8.4 MB
[INFO] Progress (2): 5.7/42 MB | 8.4 MB
[INFO] Progress (2): 5.7/42 MB | 8.4 MB
[INFO] Progress (2): 5.7/42 MB | 8.4 MB
[INFO] Progress (2): 5.8/42 MB | 8.4 MB
[INFO]                                 
[INFO] Uploaded to apache.releases.https: https://repository.apache.org/service/local/staging/deploy/maven2/org/apache/wicket/wicket-examples/10.11.0/wicket-examples-10.11.0-sources.jar (8.4 MB at 701 kB/s)
[INFO] Progress (1): 5.8/42 MB
[INFO] Progress (1): 5.8/42 MB
[INFO] Progress (1): 5.9/42 MB
[INFO] Progress (1): 5.9/42 MB
[INFO] Progress (1): 5.9/42 MB
[INFO] Progress (1): 6.0/42 MB
[INFO] Progress (1): 6.0/42 MB
[INFO] Progress (1): 6.0/42 MB
[INFO] Progress (1): 6.1/42 MB
[INFO] Progress (1): 6.1/42 MB
[INFO] Progress (1): 6.1/42 MB
[INFO] Progress (1): 6.2/42 MB
[INFO] Progress (1): 6.2/42 MB
[INFO] Progress (1): 6.2/42 MB
[INFO] Progress (1): 6.3/42 MB
[INFO] Progress (1): 6.3/42 MB
[INFO] Progress (1): 6.3/42 MB
[INFO] Progress (1): 6.4/42 MB
[INFO] Progress (1): 6.4/42 MB
[INFO] Progress (1): 6.4/42 MB
[INFO] Progress (1): 6.5/42 MB
[INFO] Progress (1): 6.5/42 MB
[INFO] Progress (1): 6.5/42 MB
[INFO] Progress (1): 6.6/42 MB
[INFO] Progress (1): 6.6/42 MB
[INFO] Progress (1): 6.6/42 MB
[INFO] Progress (1): 6.7/42 MB
[INFO] Progress (1): 6.7/42 MB
[INFO] Progress (1): 6.7/42 MB
[INFO] Progress (1): 6.8/42 MB
[INFO] Progress (1): 6.8/42 MB
[INFO] Progress (1): 6.8/42 MB
[INFO] Progress (1): 6.8/42 MB
[INFO] Progress (1): 6.9/42 MB
[INFO] Progress (1): 6.9/42 MB
[INFO] Progress (1): 6.9/42 MB
[INFO] Progress (1): 7.0/42 MB
[INFO] Progress (1): 7.0/42 MB
[INFO] Progress (1): 7.0/42 MB
[INFO] Progress (1): 7.1/42 MB
[INFO] Progress (1): 7.1/42 MB
[INFO] Progress (1): 7.1/42 MB
[INFO] Progress (1): 7.2/42 MB
[INFO] Progress (1): 7.2/42 MB
[INFO] Progress (1): 7.2/42 MB
[INFO] Progress (1): 7.3/42 MB
[INFO] Progress (1): 7.3/42 MB
[INFO] Progress (1): 7.3/42 MB
[INFO] Progress (1): 7.4/42 MB
[INFO] Progress (1): 7.4/42 MB
[INFO] Progress (1): 7.4/42 MB
[INFO] Progress (1): 7.5/42 MB
[INFO] Progress (1): 7.5/42 MB
[INFO] Progress (1): 7.5/42 MB
[INFO] Progress (1): 7.6/42 MB
[INFO] Progress (1): 7.6/42 MB
[INFO] Progress (1): 7.6/42 MB
[INFO] Progress (1): 7.7/42 MB
[INFO] Progress (1): 7.7/42 MB
[INFO] Progress (1): 7.7/42 MB
[INFO] Progress (1): 7.8/42 MB
[INFO] Progress (1): 7.8/42 MB
[INFO] Progress (1): 7.8/42 MB
[INFO] Progress (1): 7.9/42 MB
[INFO] Progress (1): 7.9/42 MB
[INFO] Progress (1): 7.9/42 MB
[INFO] Progress (1): 8.0/42 MB
[INFO] Progress (1): 8.0/42 MB
[INFO] Progress (1): 8.0/42 MB
[INFO] Progress (1): 8.1/42 MB
[INFO] Progress (1): 8.1/42 MB
[INFO] Progress (1): 8.1/42 MB
[INFO] Progress (1): 8.2/42 MB
[INFO] Progress (1): 8.2/42 MB
[INFO] Progress (1): 8.2/42 MB
[INFO] Progress (1): 8.3/42 MB
[INFO] Progress (1): 8.3/42 MB
[INFO] Progress (1): 8.3/42 MB
[INFO] Progress (1): 8.4/42 MB
[INFO] Progress (1): 8.4/42 MB
[INFO] Progress (1): 8.4/42 MB
[INFO] Progress (1): 8.5/42 MB
[INFO] Progress (1): 8.5/42 MB
[INFO] Progress (1): 8.5/42 MB
[INFO] Progress (1): 8.6/42 MB
[INFO] Progress (1): 8.6/42 MB
[INFO] Progress (1): 8.6/42 MB
[INFO] Progress (1): 8.7/42 MB
[INFO] Progress (1): 8.7/42 MB
[INFO] Progress (1): 8.7/42 MB
[INFO] Progress (1): 8.7/42 MB
[INFO] Progress (1): 8.8/42 MB
[INFO] Progress (1): 8.8/42 MB
[INFO] Progress (1): 8.8/42 MB
[INFO] Progress (1): 8.9/42 MB
[INFO] Progress (1): 8.9/42 MB
[INFO] Progress (1): 8.9/42 MB
[INFO] Progress (1): 9.0/42 MB
[INFO] Progress (1): 9.0/42 MB
[INFO] Progress (1): 9.0/42 MB
[INFO] Progress (1): 9.1/42 MB
[INFO] Progress (1): 9.1/42 MB
[INFO] Progress (1): 9.1/42 MB
[INFO] Progress (1): 9.2/42 MB
[INFO] Progress (1): 9.2/42 MB
[INFO] Progress (1): 9.2/42 MB
[INFO] Progress (1): 9.3/42 MB
[INFO] Progress (1): 9.3/42 MB
[INFO] Progress (1): 9.3/42 MB
[INFO] Progress (1): 9.4/42 MB
[INFO] Progress (1): 9.4/42 MB
[INFO] Progress (1): 9.4/42 MB
[INFO] Progress (1): 9.5/42 MB
[INFO] Progress (1): 9.5/42 MB
[INFO] Progress (1): 9.5/42 MB
[INFO] Progress (1): 9.6/42 MB
[INFO] Progress (1): 9.6/42 MB
[INFO] Progress (1): 9.6/42 MB
[INFO] Progress (1): 9.7/42 MB
[INFO] Progress (1): 9.7/42 MB
[INFO] Progress (1): 9.7/42 MB
[INFO] Progress (1): 9.8/42 MB
[INFO] Progress (1): 9.8/42 MB
[INFO] Progress (1): 9.8/42 MB
[INFO] Progress (1): 9.9/42 MB
[INFO] Progress (1): 9.9/42 MB
[INFO] Progress (1): 9.9/42 MB
[INFO] Progress (1): 10.0/42 MB
[INFO] Progress (1): 10.0/42 MB
[INFO] Progress (1): 10/42 MB  
[INFO] Progress (1): 10/42 MB
[INFO] Progress (1): 10/42 MB
[INFO] Progress (1): 10/42 MB
[INFO] Progress (1): 10/42 MB
[INFO] Progress (1): 10/42 MB
[INFO] Progress (1): 10/42 MB
[INFO] Progress (1): 10/42 MB
[INFO] Progress (1): 10/42 MB
[INFO] Progress (1): 10/42 MB
[INFO] Progress (1): 10/42 MB
[INFO] Progress (1): 10/42 MB
[INFO] Progress (1): 10/42 MB
[INFO] Progress (1): 10/42 MB
[INFO] Progress (1): 10/42 MB
[INFO] Progress (1): 11/42 MB
[INFO] Progress (1): 11/42 MB
[INFO] Progress (1): 11/42 MB
[INFO] Progress (1): 11/42 MB
[INFO] Progress (1): 11/42 MB
[INFO] Progress (1): 11/42 MB
[INFO] Progress (1): 11/42 MB
[INFO] Progress (1): 11/42 MB
[INFO] Progress (1): 11/42 MB
[INFO] Progress (1): 11/42 MB
[INFO] Progress (1): 11/42 MB
[INFO] Progress (1): 11/42 MB
[INFO] Progress (1): 11/42 MB
[INFO] Progress (1): 11/42 MB
[INFO] Progress (1): 11/42 MB
[INFO] Progress (1): 11/42 MB
[INFO] Progress (1): 11/42 MB
[INFO] Progress (1): 11/42 MB
[INFO] Progress (1): 11/42 MB
[INFO] Progress (1): 11/42 MB
[INFO] Progress (1): 11/42 MB
[INFO] Progress (1): 11/42 MB
[INFO] Progress (1): 11/42 MB
[INFO] Progress (1): 11/42 MB
[INFO] Progress (1): 11/42 MB
[INFO] Progress (1): 11/42 MB
[INFO] Progress (1): 11/42 MB
[INFO] Progress (1): 11/42 MB
[INFO] Progress (1): 11/42 MB
[INFO] Progress (1): 11/42 MB
[INFO] Progress (1): 12/42 MB
[INFO] Progress (1): 12/42 MB
[INFO] Progress (1): 12/42 MB
[INFO] Progress (1): 12/42 MB
[INFO] Progress (1): 12/42 MB
[INFO] Progress (1): 12/42 MB
[INFO] Progress (1): 12/42 MB
[INFO] Progress (1): 12/42 MB
[INFO] Progress (1): 12/42 MB
[INFO] Progress (1): 12/42 MB
[INFO] Progress (1): 12/42 MB
[INFO] Progress (1): 12/42 MB
[INFO] Progress (1): 12/42 MB
[INFO] Progress (1): 12/42 MB
[INFO] Progress (1): 12/42 MB
[INFO] Progress (1): 12/42 MB
[INFO] Progress (1): 12/42 MB
[INFO] Progress (1): 12/42 MB
[INFO] Progress (1): 12/42 MB
[INFO] Progress (1): 12/42 MB
[INFO] Progress (1): 12/42 MB
[INFO] Progress (1): 12/42 MB
[INFO] Progress (1): 12/42 MB
[INFO] Progress (1): 12/42 MB
[INFO] Progress (1): 12/42 MB
[INFO] Progress (1): 12/42 MB
[INFO] Progress (1): 12/42 MB
[INFO] Progress (1): 12/42 MB
[INFO] Progress (1): 12/42 MB
[INFO] Progress (1): 12/42 MB
[INFO] Progress (1): 12/42 MB
[INFO] Progress (1): 13/42 MB
[INFO] Progress (1): 13/42 MB
[INFO] Progress (1): 13/42 MB
[INFO] Progress (1): 13/42 MB
[INFO] Progress (1): 13/42 MB
[INFO] Progress (1): 13/42 MB
[INFO] Progress (1): 13/42 MB
[INFO] Progress (1): 13/42 MB
[INFO] Progress (1): 13/42 MB
[INFO] Progress (1): 13/42 MB
[INFO] Progress (1): 13/42 MB
[INFO] Progress (1): 13/42 MB
[INFO] Progress (1): 13/42 MB
[INFO] Progress (1): 13/42 MB
[INFO] Progress (1): 13/42 MB
[INFO] Progress (1): 13/42 MB
[INFO] Progress (1): 13/42 MB
[INFO] Progress (1): 13/42 MB
[INFO] Progress (1): 13/42 MB
[INFO] Progress (1): 13/42 MB
[INFO] Progress (1): 13/42 MB
[INFO] Progress (1): 13/42 MB
[INFO] Progress (1): 13/42 MB
[INFO] Progress (1): 13/42 MB
[INFO] Progress (1): 13/42 MB
[INFO] Progress (1): 13/42 MB
[INFO] Progress (1): 13/42 MB
[INFO] Progress (1): 13/42 MB
[INFO] Progress (1): 13/42 MB
[INFO] Progress (1): 13/42 MB
[INFO] Progress (1): 14/42 MB
[INFO] Progress (1): 14/42 MB
[INFO] Progress (1): 14/42 MB
[INFO] Progress (1): 14/42 MB
[INFO] Progress (1): 14/42 MB
[INFO] Progress (1): 14/42 MB
[INFO] Progress (1): 14/42 MB
[INFO] Progress (1): 14/42 MB
[INFO] Progress (1): 14/42 MB
[INFO] Progress (1): 14/42 MB
[INFO] Progress (1): 14/42 MB
[INFO] Progress (1): 14/42 MB
[INFO] Progress (1): 14/42 MB
[INFO] Progress (1): 14/42 MB
[INFO] Progress (1): 14/42 MB
[INFO] Progress (1): 14/42 MB
[INFO] Progress (1): 14/42 MB
[INFO] Progress (1): 14/42 MB
[INFO] Progress (1): 14/42 MB
[INFO] Progress (1): 14/42 MB
[INFO] Progress (1): 14/42 MB
[INFO] Progress (1): 14/42 MB
[INFO] Progress (1): 14/42 MB
[INFO] Progress (1): 14/42 MB
[INFO] Progress (1): 14/42 MB
[INFO] Progress (1): 14/42 MB
[INFO] Progress (1): 14/42 MB
[INFO] Progress (1): 14/42 MB
[INFO] Progress (1): 14/42 MB
[INFO] Progress (1): 14/42 MB
[INFO] Progress (1): 14/42 MB
[INFO] Progress (1): 15/42 MB
[INFO] Progress (1): 15/42 MB
[INFO] Progress (1): 15/42 MB
[INFO] Progress (1): 15/42 MB
[INFO] Progress (1): 15/42 MB
[INFO] Progress (1): 15/42 MB
[INFO] Progress (1): 15/42 MB
[INFO] Progress (1): 15/42 MB
[INFO] Progress (1): 15/42 MB
[INFO] Progress (1): 15/42 MB
[INFO] Progress (1): 15/42 MB
[INFO] Progress (1): 15/42 MB
[INFO] Progress (1): 15/42 MB
[INFO] Progress (1): 15/42 MB
[INFO] Progress (1): 15/42 MB
[INFO] Progress (1): 15/42 MB
[INFO] Progress (1): 15/42 MB
[INFO] Progress (1): 15/42 MB
[INFO] Progress (1): 15/42 MB
[INFO] Progress (1): 15/42 MB
[INFO] Progress (1): 15/42 MB
[INFO] Progress (1): 15/42 MB
[INFO] Progress (1): 15/42 MB
[INFO] Progress (1): 15/42 MB
[INFO] Progress (1): 15/42 MB
[INFO] Progress (1): 15/42 MB
[INFO] Progress (1): 15/42 MB
[INFO] Progress (1): 15/42 MB
[INFO] Progress (1): 15/42 MB
[INFO] Progress (1): 15/42 MB
[INFO] Progress (1): 15/42 MB
[INFO] Progress (1): 16/42 MB
[INFO] Progress (1): 16/42 MB
[INFO] Progress (1): 16/42 MB
[INFO] Progress (1): 16/42 MB
[INFO] Progress (1): 16/42 MB
[INFO] Progress (1): 16/42 MB
[INFO] Progress (1): 16/42 MB
[INFO] Progress (1): 16/42 MB
[INFO] Progress (1): 16/42 MB
[INFO] Progress (1): 16/42 MB
[INFO] Progress (1): 16/42 MB
[INFO] Progress (1): 16/42 MB
[INFO] Progress (1): 16/42 MB
[INFO] Progress (1): 16/42 MB
[INFO] Progress (1): 16/42 MB
[INFO] Progress (1): 16/42 MB
[INFO] Progress (1): 16/42 MB
[INFO] Progress (1): 16/42 MB
[INFO] Progress (1): 16/42 MB
[INFO] Progress (1): 16/42 MB
[INFO] Progress (1): 16/42 MB
[INFO] Progress (1): 16/42 MB
[INFO] Progress (1): 16/42 MB
[INFO] Progress (1): 16/42 MB
[INFO] Progress (1): 16/42 MB
[INFO] Progress (1): 16/42 MB
[INFO] Progress (1): 16/42 MB
[INFO] Progress (1): 16/42 MB
[INFO] Progress (1): 16/42 MB
[INFO] Progress (1): 16/42 MB
[INFO] Progress (1): 17/42 MB
[INFO] Progress (1): 17/42 MB
[INFO] Progress (1): 17/42 MB
[INFO] Progress (1): 17/42 MB
[INFO] Progress (1): 17/42 MB
[INFO] Progress (1): 17/42 MB
[INFO] Progress (1): 17/42 MB
[INFO] Progress (1): 17/42 MB
[INFO] Progress (1): 17/42 MB
[INFO] Progress (1): 17/42 MB
[INFO] Progress (1): 17/42 MB
[INFO] Progress (1): 17/42 MB
[INFO] Progress (1): 17/42 MB
[INFO] Progress (1): 17/42 MB
[INFO] Progress (1): 17/42 MB
[INFO] Progress (1): 17/42 MB
[INFO] Progress (1): 17/42 MB
[INFO] Progress (1): 17/42 MB
[INFO] Progress (1): 17/42 MB
[INFO] Progress (1): 17/42 MB
[INFO] Progress (1): 17/42 MB
[INFO] Progress (1): 17/42 MB
[INFO] Progress (1): 17/42 MB
[INFO] Progress (1): 17/42 MB
[INFO] Progress (1): 17/42 MB
[INFO] Progress (1): 17/42 MB
[INFO] Progress (1): 17/42 MB
[INFO] Progress (1): 17/42 MB
[INFO] Progress (1): 17/42 MB
[INFO] Progress (1): 17/42 MB
[INFO] Progress (1): 17/42 MB
[INFO] Progress (1): 18/42 MB
[INFO] Progress (1): 18/42 MB
[INFO] Progress (1): 18/42 MB
[INFO] Progress (1): 18/42 MB
[INFO] Progress (1): 18/42 MB
[INFO] Progress (1): 18/42 MB
[INFO] Progress (1): 18/42 MB
[INFO] Progress (1): 18/42 MB
[INFO] Progress (1): 18/42 MB
[INFO] Progress (1): 18/42 MB
[INFO] Progress (1): 18/42 MB
[INFO] Progress (1): 18/42 MB
[INFO] Progress (1): 18/42 MB
[INFO] Progress (1): 18/42 MB
[INFO] Progress (1): 18/42 MB
[INFO] Progress (1): 18/42 MB
[INFO] Progress (1): 18/42 MB
[INFO] Progress (1): 18/42 MB
[INFO] Progress (1): 18/42 MB
[INFO] Progress (1): 18/42 MB
[INFO] Progress (1): 18/42 MB
[INFO] Progress (1): 18/42 MB
[INFO] Progress (1): 18/42 MB
[INFO] Progress (1): 18/42 MB
[INFO] Progress (1): 18/42 MB
[INFO] Progress (1): 18/42 MB
[INFO] Progress (1): 18/42 MB
[INFO] Progress (1): 18/42 MB
[INFO] Progress (1): 18/42 MB
[INFO] Progress (1): 18/42 MB
[INFO] Progress (1): 19/42 MB
[INFO] Progress (1): 19/42 MB
[INFO] Progress (1): 19/42 MB
[INFO] Progress (1): 19/42 MB
[INFO] Progress (1): 19/42 MB
[INFO] Progress (1): 19/42 MB
[INFO] Progress (1): 19/42 MB
[INFO] Progress (1): 19/42 MB
[INFO] Progress (1): 19/42 MB
[INFO] Progress (1): 19/42 MB
[INFO] Progress (1): 19/42 MB
[INFO] Progress (1): 19/42 MB
[INFO] Progress (1): 19/42 MB
[INFO] Progress (1): 19/42 MB
[INFO] Progress (1): 19/42 MB
[INFO] Progress (1): 19/42 MB
[INFO] Progress (1): 19/42 MB
[INFO] Progress (1): 19/42 MB
[INFO] Progress (1): 19/42 MB
[INFO] Progress (1): 19/42 MB
[INFO] Progress (1): 19/42 MB
[INFO] Progress (1): 19/42 MB
[INFO] Progress (1): 19/42 MB
[INFO] Progress (1): 19/42 MB
[INFO] Progress (1): 19/42 MB
[INFO] Progress (1): 19/42 MB
[INFO] Progress (1): 19/42 MB
[INFO] Progress (1): 19/42 MB
[INFO] Progress (1): 19/42 MB
[INFO] Progress (1): 19/42 MB
[INFO] Progress (1): 19/42 MB
[INFO] Progress (1): 20/42 MB
[INFO] Progress (1): 20/42 MB
[INFO] Progress (1): 20/42 MB
[INFO] Progress (1): 20/42 MB
[INFO] Progress (1): 20/42 MB
[INFO] Progress (1): 20/42 MB
[INFO] Progress (1): 20/42 MB
[INFO] Progress (1): 20/42 MB
[INFO] Progress (1): 20/42 MB
[INFO] Progress (1): 20/42 MB
[INFO] Progress (1): 20/42 MB
[INFO] Progress (1): 20/42 MB
[INFO] Progress (1): 20/42 MB
[INFO] Progress (1): 20/42 MB
[INFO] Progress (1): 20/42 MB
[INFO] Progress (1): 20/42 MB
[INFO] Progress (1): 20/42 MB
[INFO] Progress (1): 20/42 MB
[INFO] Progress (1): 20/42 MB
[INFO] Progress (1): 20/42 MB
[INFO] Progress (1): 20/42 MB
[INFO] Progress (1): 20/42 MB
[INFO] Progress (1): 20/42 MB
[INFO] Progress (1): 20/42 MB
[INFO] Progress (1): 20/42 MB
[INFO] Progress (1): 20/42 MB
[INFO] Progress (1): 20/42 MB
[INFO] Progress (1): 20/42 MB
[INFO] Progress (1): 20/42 MB
[INFO] Progress (1): 20/42 MB
[INFO] Progress (1): 21/42 MB
[INFO] Progress (1): 21/42 MB
[INFO] Progress (1): 21/42 MB
[INFO] Progress (1): 21/42 MB
[INFO] Progress (1): 21/42 MB
[INFO] Progress (1): 21/42 MB
[INFO] Progress (1): 21/42 MB
[INFO] Progress (1): 21/42 MB
[INFO] Progress (1): 21/42 MB
[INFO] Progress (1): 21/42 MB
[INFO] Progress (1): 21/42 MB
[INFO] Progress (1): 21/42 MB
[INFO] Progress (1): 21/42 MB
[INFO] Progress (1): 21/42 MB
[INFO] Progress (1): 21/42 MB
[INFO] Progress (1): 21/42 MB
[INFO] Progress (1): 21/42 MB
[INFO] Progress (1): 21/42 MB
[INFO] Progress (1): 21/42 MB
[INFO] Progress (1): 21/42 MB
[INFO] Progress (1): 21/42 MB
[INFO] Progress (1): 21/42 MB
[INFO] Progress (1): 21/42 MB
[INFO] Progress (1): 21/42 MB
[INFO] Progress (1): 21/42 MB
[INFO] Progress (1): 21/42 MB
[INFO] Progress (1): 21/42 MB
[INFO] Progress (1): 21/42 MB
[INFO] Progress (1): 21/42 MB
[INFO] Progress (1): 21/42 MB
[INFO] Progress (1): 21/42 MB
[INFO] Progress (1): 22/42 MB
[INFO] Progress (1): 22/42 MB
[INFO] Progress (1): 22/42 MB
[INFO] Progress (1): 22/42 MB
[INFO] Progress (1): 22/42 MB
[INFO] Progress (1): 22/42 MB
[INFO] Progress (1): 22/42 MB
[INFO] Progress (1): 22/42 MB
[INFO] Progress (1): 22/42 MB
[INFO] Progress (1): 22/42 MB
[INFO] Progress (1): 22/42 MB
[INFO] Progress (1): 22/42 MB
[INFO] Progress (1): 22/42 MB
[INFO] Progress (1): 22/42 MB
[INFO] Progress (1): 22/42 MB
[INFO] Progress (1): 22/42 MB
[INFO] Progress (1): 22/42 MB
[INFO] Progress (1): 22/42 MB
[INFO] Progress (1): 22/42 MB
[INFO] Progress (1): 22/42 MB
[INFO] Progress (1): 22/42 MB
[INFO] Progress (1): 22/42 MB
[INFO] Progress (1): 22/42 MB
[INFO] Progress (1): 22/42 MB
[INFO] Progress (1): 22/42 MB
[INFO] Progress (1): 22/42 MB
[INFO] Progress (1): 22/42 MB
[INFO] Progress (1): 22/42 MB
[INFO] Progress (1): 22/42 MB
[INFO] Progress (1): 22/42 MB
[INFO] Progress (1): 23/42 MB
[INFO] Progress (1): 23/42 MB
[INFO] Progress (1): 23/42 MB
[INFO] Progress (1): 23/42 MB
[INFO] Progress (1): 23/42 MB
[INFO] Progress (1): 23/42 MB
[INFO] Progress (1): 23/42 MB
[INFO] Progress (1): 23/42 MB
[INFO] Progress (1): 23/42 MB
[INFO] Progress (1): 23/42 MB
[INFO] Progress (1): 23/42 MB
[INFO] Progress (1): 23/42 MB
[INFO] Progress (1): 23/42 MB
[INFO] Progress (1): 23/42 MB
[INFO] Progress (1): 23/42 MB
[INFO] Progress (1): 23/42 MB
[INFO] Progress (1): 23/42 MB
[INFO] Progress (1): 23/42 MB
[INFO] Progress (1): 23/42 MB
[INFO] Progress (1): 23/42 MB
[INFO] Progress (1): 23/42 MB
[INFO] Progress (1): 23/42 MB
[INFO] Progress (1): 23/42 MB
[INFO] Progress (1): 23/42 MB
[INFO] Progress (1): 23/42 MB
[INFO] Progress (1): 23/42 MB
[INFO] Progress (1): 23/42 MB
[INFO] Progress (1): 23/42 MB
[INFO] Progress (1): 23/42 MB
[INFO] Progress (1): 23/42 MB
[INFO] Progress (1): 23/42 MB
[INFO] Progress (1): 24/42 MB
[INFO] Progress (1): 24/42 MB
[INFO] Progress (1): 24/42 MB
[INFO] Progress (1): 24/42 MB
[INFO] Progress (1): 24/42 MB
[INFO] Progress (1): 24/42 MB
[INFO] Progress (1): 24/42 MB
[INFO] Progress (1): 24/42 MB
[INFO] Progress (1): 24/42 MB
[INFO] Progress (1): 24/42 MB
[INFO] Progress (1): 24/42 MB
[INFO] Progress (1): 24/42 MB
[INFO] Progress (1): 24/42 MB
[INFO] Progress (1): 24/42 MB
[INFO] Progress (1): 24/42 MB
[INFO] Progress (1): 24/42 MB
[INFO] Progress (1): 24/42 MB
[INFO] Progress (1): 24/42 MB
[INFO] Progress (1): 24/42 MB
[INFO] Progress (1): 24/42 MB
[INFO] Progress (1): 24/42 MB
[INFO] Progress (1): 24/42 MB
[INFO] Progress (1): 24/42 MB
[INFO] Progress (1): 24/42 MB
[INFO] Progress (1): 24/42 MB
[INFO] Progress (1): 24/42 MB
[INFO] Progress (1): 24/42 MB
[INFO] Progress (1): 24/42 MB
[INFO] Progress (1): 24/42 MB
[INFO] Progress (1): 24/42 MB
[INFO] Progress (1): 25/42 MB
[INFO] Progress (1): 25/42 MB
[INFO] Progress (1): 25/42 MB
[INFO] Progress (1): 25/42 MB
[INFO] Progress (1): 25/42 MB
[INFO] Progress (1): 25/42 MB
[INFO] Progress (1): 25/42 MB
[INFO] Progress (1): 25/42 MB
[INFO] Progress (1): 25/42 MB
[INFO] Progress (1): 25/42 MB
[INFO] Progress (1): 25/42 MB
[INFO] Progress (1): 25/42 MB
[INFO] Progress (1): 25/42 MB
[INFO] Progress (1): 25/42 MB
[INFO] Progress (1): 25/42 MB
[INFO] Progress (1): 25/42 MB
[INFO] Progress (1): 25/42 MB
[INFO] Progress (1): 25/42 MB
[INFO] Progress (1): 25/42 MB
[INFO] Progress (1): 25/42 MB
[INFO] Progress (1): 25/42 MB
[INFO] Progress (1): 25/42 MB
[INFO] Progress (1): 25/42 MB
[INFO] Progress (1): 25/42 MB
[INFO] Progress (1): 25/42 MB
[INFO] Progress (1): 25/42 MB
[INFO] Progress (1): 25/42 MB
[INFO] Progress (1): 25/42 MB
[INFO] Progress (1): 25/42 MB
[INFO] Progress (1): 25/42 MB
[INFO] Progress (1): 25/42 MB
[INFO] Progress (1): 26/42 MB
[INFO] Progress (1): 26/42 MB
[INFO] Progress (1): 26/42 MB
[INFO] Progress (1): 26/42 MB
[INFO] Progress (1): 26/42 MB
[INFO] Progress (1): 26/42 MB
[INFO] Progress (1): 26/42 MB
[INFO] Progress (1): 26/42 MB
[INFO] Progress (1): 26/42 MB
[INFO] Progress (1): 26/42 MB
[INFO] Progress (1): 26/42 MB
[INFO] Progress (1): 26/42 MB
[INFO] Progress (1): 26/42 MB
[INFO] Progress (1): 26/42 MB
[INFO] Progress (1): 26/42 MB
[INFO] Progress (1): 26/42 MB
[INFO] Progress (1): 26/42 MB
[INFO] Progress (1): 26/42 MB
[INFO] Progress (1): 26/42 MB
[INFO] Progress (1): 26/42 MB
[INFO] Progress (1): 26/42 MB
[INFO] Progress (1): 26/42 MB
[INFO] Progress (1): 26/42 MB
[INFO] Progress (1): 26/42 MB
[INFO] Progress (1): 26/42 MB
[INFO] Progress (1): 26/42 MB
[INFO] Progress (1): 26/42 MB
[INFO] Progress (1): 26/42 MB
[INFO] Progress (1): 26/42 MB
[INFO] Progress (1): 26/42 MB
[INFO] Progress (1): 27/42 MB
[INFO] Progress (1): 27/42 MB
[INFO] Progress (1): 27/42 MB
[INFO] Progress (1): 27/42 MB
[INFO] Progress (1): 27/42 MB
[INFO] Progress (1): 27/42 MB
[INFO] Progress (1): 27/42 MB
[INFO] Progress (1): 27/42 MB
[INFO] Progress (1): 27/42 MB
[INFO] Progress (1): 27/42 MB
[INFO] Progress (1): 27/42 MB
[INFO] Progress (1): 27/42 MB
[INFO] Progress (1): 27/42 MB
[INFO] Progress (1): 27/42 MB
[INFO] Progress (1): 27/42 MB
[INFO] Progress (1): 27/42 MB
[INFO] Progress (1): 27/42 MB
[INFO] Progress (1): 27/42 MB
[INFO] Progress (1): 27/42 MB
[INFO] Progress (1): 27/42 MB
[INFO] Progress (1): 27/42 MB
[INFO] Progress (1): 27/42 MB
[INFO] Progress (1): 27/42 MB
[INFO] Progress (1): 27/42 MB
[INFO] Progress (1): 27/42 MB
[INFO] Progress (1): 27/42 MB
[INFO] Progress (1): 27/42 MB
[INFO] Progress (1): 27/42 MB
[INFO] Progress (1): 27/42 MB
[INFO] Progress (1): 27/42 MB
[INFO] Progress (1): 27/42 MB
[INFO] Progress (1): 28/42 MB
[INFO] Progress (1): 28/42 MB
[INFO] Progress (1): 28/42 MB
[INFO] Progress (1): 28/42 MB
[INFO] Progress (1): 28/42 MB
[INFO] Progress (1): 28/42 MB
[INFO] Progress (1): 28/42 MB
[INFO] Progress (1): 28/42 MB
[INFO] Progress (1): 28/42 MB
[INFO] Progress (1): 28/42 MB
[INFO] Progress (1): 28/42 MB
[INFO] Progress (1): 28/42 MB
[INFO] Progress (1): 28/42 MB
[INFO] Progress (1): 28/42 MB
[INFO] Progress (1): 28/42 MB
[INFO] Progress (1): 28/42 MB
[INFO] Progress (1): 28/42 MB
[INFO] Progress (1): 28/42 MB
[INFO] Progress (1): 28/42 MB
[INFO] Progress (1): 28/42 MB
[INFO] Progress (1): 28/42 MB
[INFO] Progress (1): 28/42 MB
[INFO] Progress (1): 28/42 MB
[INFO] Progress (1): 28/42 MB
[INFO] Progress (1): 28/42 MB
[INFO] Progress (1): 28/42 MB
[INFO] Progress (1): 28/42 MB
[INFO] Progress (1): 28/42 MB
[INFO] Progress (1): 28/42 MB
[INFO] Progress (1): 28/42 MB
[INFO] Progress (1): 29/42 MB
[INFO] Progress (1): 29/42 MB
[INFO] Progress (1): 29/42 MB
[INFO] Progress (1): 29/42 MB
[INFO] Progress (1): 29/42 MB
[INFO] Progress (1): 29/42 MB
[INFO] Progress (1): 29/42 MB
[INFO] Progress (1): 29/42 MB
[INFO] Progress (1): 29/42 MB
[INFO] Progress (1): 29/42 MB
[INFO] Progress (1): 29/42 MB
[INFO] Progress (1): 29/42 MB
[INFO] Progress (1): 29/42 MB
[INFO] Progress (1): 29/42 MB
[INFO] Progress (1): 29/42 MB
[INFO] Progress (1): 29/42 MB
[INFO] Progress (1): 29/42 MB
[INFO] Progress (1): 29/42 MB
[INFO] Progress (1): 29/42 MB
[INFO] Progress (1): 29/42 MB
[INFO] Progress (1): 29/42 MB
[INFO] Progress (1): 29/42 MB
[INFO] Progress (1): 29/42 MB
[INFO] Progress (1): 29/42 MB
[INFO] Progress (1): 29/42 MB
[INFO] Progress (1): 29/42 MB
[INFO] Progress (1): 29/42 MB
[INFO] Progress (1): 29/42 MB
[INFO] Progress (1): 29/42 MB
[INFO] Progress (1): 29/42 MB
[INFO] Progress (1): 29/42 MB
[INFO] Progress (1): 30/42 MB
[INFO] Progress (1): 30/42 MB
[INFO] Progress (1): 30/42 MB
[INFO] Progress (1): 30/42 MB
[INFO] Progress (1): 30/42 MB
[INFO] Progress (1): 30/42 MB
[INFO] Progress (1): 30/42 MB
[INFO] Progress (1): 30/42 MB
[INFO] Progress (1): 30/42 MB
[INFO] Progress (1): 30/42 MB
[INFO] Progress (1): 30/42 MB
[INFO] Progress (1): 30/42 MB
[INFO] Progress (1): 30/42 MB
[INFO] Progress (1): 30/42 MB
[INFO] Progress (1): 30/42 MB
[INFO] Progress (1): 30/42 MB
[INFO] Progress (1): 30/42 MB
[INFO] Progress (1): 30/42 MB
[INFO] Progress (1): 30/42 MB
[INFO] Progress (1): 30/42 MB
[INFO] Progress (1): 30/42 MB
[INFO] Progress (1): 30/42 MB
[INFO] Progress (1): 30/42 MB
[INFO] Progress (1): 30/42 MB
[INFO] Progress (1): 30/42 MB
[INFO] Progress (1): 30/42 MB
[INFO] Progress (1): 30/42 MB
[INFO] Progress (1): 30/42 MB
[INFO] Progress (1): 30/42 MB
[INFO] Progress (1): 30/42 MB
[INFO] Progress (1): 31/42 MB
[INFO] Progress (1): 31/42 MB
[INFO] Progress (1): 31/42 MB
[INFO] Progress (1): 31/42 MB
[INFO] Progress (1): 31/42 MB
[INFO] Progress (1): 31/42 MB
[INFO] Progress (1): 31/42 MB
[INFO] Progress (1): 31/42 MB
[INFO] Progress (1): 31/42 MB
[INFO] Progress (1): 31/42 MB
[INFO] Progress (1): 31/42 MB
[INFO] Progress (1): 31/42 MB
[INFO] Progress (1): 31/42 MB
[INFO] Progress (1): 31/42 MB
[INFO] Progress (1): 31/42 MB
[INFO] Progress (1): 31/42 MB
[INFO] Progress (1): 31/42 MB
[INFO] Progress (1): 31/42 MB
[INFO] Progress (1): 31/42 MB
[INFO] Progress (1): 31/42 MB
[INFO] Progress (1): 31/42 MB
[INFO] Progress (1): 31/42 MB
[INFO] Progress (1): 31/42 MB
[INFO] Progress (1): 31/42 MB
[INFO] Progress (1): 31/42 MB
[INFO] Progress (1): 31/42 MB
[INFO] Progress (1): 31/42 MB
[INFO] Progress (1): 31/42 MB
[INFO] Progress (1): 31/42 MB
[INFO] Progress (1): 31/42 MB
[INFO] Progress (1): 31/42 MB
[INFO] Progress (1): 32/42 MB
[INFO] Progress (1): 32/42 MB
[INFO] Progress (1): 32/42 MB
[INFO] Progress (1): 32/42 MB
[INFO] Progress (1): 32/42 MB
[INFO] Progress (1): 32/42 MB
[INFO] Progress (1): 32/42 MB
[INFO] Progress (1): 32/42 MB
[INFO] Progress (1): 32/42 MB
[INFO] Progress (1): 32/42 MB
[INFO] Progress (1): 32/42 MB
[INFO] Progress (1): 32/42 MB
[INFO] Progress (1): 32/42 MB
[INFO] Progress (1): 32/42 MB
[INFO] Progress (1): 32/42 MB
[INFO] Progress (1): 32/42 MB
[INFO] Progress (1): 32/42 MB
[INFO] Progress (1): 32/42 MB
[INFO] Progress (1): 32/42 MB
[INFO] Progress (1): 32/42 MB
[INFO] Progress (1): 32/42 MB
[INFO] Progress (1): 32/42 MB
[INFO] Progress (1): 32/42 MB
[INFO] Progress (1): 32/42 MB
[INFO] Progress (1): 32/42 MB
[INFO] Progress (1): 32/42 MB
[INFO] Progress (1): 32/42 MB
[INFO] Progress (1): 32/42 MB
[INFO] Progress (1): 32/42 MB
[INFO] Progress (1): 32/42 MB
[INFO] Progress (1): 33/42 MB
[INFO] Progress (1): 33/42 MB
[INFO] Progress (1): 33/42 MB
[INFO] Progress (1): 33/42 MB
[INFO] Progress (1): 33/42 MB
[INFO] Progress (1): 33/42 MB
[INFO] Progress (1): 33/42 MB
[INFO] Progress (1): 33/42 MB
[INFO] Progress (1): 33/42 MB
[INFO] Progress (1): 33/42 MB
[INFO] Progress (1): 33/42 MB
[INFO] Progress (1): 33/42 MB
[INFO] Progress (1): 33/42 MB
[INFO] Progress (1): 33/42 MB
[INFO] Progress (1): 33/42 MB
[INFO] Progress (1): 33/42 MB
[INFO] Progress (1): 33/42 MB
[INFO] Progress (1): 33/42 MB
[INFO] Progress (1): 33/42 MB
[INFO] Progress (1): 33/42 MB
[INFO] Progress (1): 33/42 MB
[INFO] Progress (1): 33/42 MB
[INFO] Progress (1): 33/42 MB
[INFO] Progress (1): 33/42 MB
[INFO] Progress (1): 33/42 MB
[INFO] Progress (1): 33/42 MB
[INFO] Progress (1): 33/42 MB
[INFO] Progress (1): 33/42 MB
[INFO] Progress (1): 33/42 MB
[INFO] Progress (1): 33/42 MB
[INFO] Progress (1): 33/42 MB
[INFO] Progress (1): 34/42 MB
[INFO] Progress (1): 34/42 MB
[INFO] Progress (1): 34/42 MB
[INFO] Progress (1): 34/42 MB
[INFO] Progress (1): 34/42 MB
[INFO] Progress (1): 34/42 MB
[INFO] Progress (1): 34/42 MB
[INFO] Progress (1): 34/42 MB
[INFO] Progress (1): 34/42 MB
[INFO] Progress (1): 34/42 MB
[INFO] Progress (1): 34/42 MB
[INFO] Progress (1): 34/42 MB
[INFO] Progress (1): 34/42 MB
[INFO] Progress (1): 34/42 MB
[INFO] Progress (1): 34/42 MB
[INFO] Progress (1): 34/42 MB
[INFO] Progress (1): 34/42 MB
[INFO] Progress (1): 34/42 MB
[INFO] Progress (1): 34/42 MB
[INFO] Progress (1): 34/42 MB
[INFO] Progress (1): 34/42 MB
[INFO] Progress (1): 34/42 MB
[INFO] Progress (1): 34/42 MB
[INFO] Progress (1): 34/42 MB
[INFO] Progress (1): 34/42 MB
[INFO] Progress (1): 34/42 MB
[INFO] Progress (1): 34/42 MB
[INFO] Progress (1): 34/42 MB
[INFO] Progress (1): 34/42 MB
[INFO] Progress (1): 34/42 MB
[INFO] Progress (1): 35/42 MB
[INFO] Progress (1): 35/42 MB
[INFO] Progress (1): 35/42 MB
[INFO] Progress (1): 35/42 MB
[INFO] Progress (1): 35/42 MB
[INFO] Progress (1): 35/42 MB
[INFO] Progress (1): 35/42 MB
[INFO] Progress (1): 35/42 MB
[INFO] Progress (1): 35/42 MB
[INFO] Progress (1): 35/42 MB
[INFO] Progress (1): 35/42 MB
[INFO] Progress (1): 35/42 MB
[INFO] Progress (1): 35/42 MB
[INFO] Progress (1): 35/42 MB
[INFO] Progress (1): 35/42 MB
[INFO] Progress (1): 35/42 MB
[INFO] Progress (1): 35/42 MB
[INFO] Progress (1): 35/42 MB
[INFO] Progress (1): 35/42 MB
[INFO] Progress (1): 35/42 MB
[INFO] Progress (1): 35/42 MB
[INFO] Progress (1): 35/42 MB
[INFO] Progress (1): 35/42 MB
[INFO] Progress (1): 35/42 MB
[INFO] Progress (1): 35/42 MB
[INFO] Progress (1): 35/42 MB
[INFO] Progress (1): 35/42 MB
[INFO] Progress (1): 35/42 MB
[INFO] Progress (1): 35/42 MB
[INFO] Progress (1): 35/42 MB
[INFO] Progress (1): 35/42 MB
[INFO] Progress (1): 36/42 MB
[INFO] Progress (1): 36/42 MB
[INFO] Progress (1): 36/42 MB
[INFO] Progress (1): 36/42 MB
[INFO] Progress (1): 36/42 MB
[INFO] Progress (1): 36/42 MB
[INFO] Progress (1): 36/42 MB
[INFO] Progress (1): 36/42 MB
[INFO] Progress (1): 36/42 MB
[INFO] Progress (1): 36/42 MB
[INFO] Progress (1): 36/42 MB
[INFO] Progress (1): 36/42 MB
[INFO] Progress (1): 36/42 MB
[INFO] Progress (1): 36/42 MB
[INFO] Progress (1): 36/42 MB
[INFO] Progress (1): 36/42 MB
[INFO] Progress (1): 36/42 MB
[INFO] Progress (1): 36/42 MB
[INFO] Progress (1): 36/42 MB
[INFO] Progress (1): 36/42 MB
[INFO] Progress (1): 36/42 MB
[INFO] Progress (1): 36/42 MB
[INFO] Progress (1): 36/42 MB
[INFO] Progress (1): 36/42 MB
[INFO] Progress (1): 36/42 MB
[INFO] Progress (1): 36/42 MB
[INFO] Progress (1): 36/42 MB
[INFO] Progress (1): 36/42 MB
[INFO] Progress (1): 36/42 MB
[INFO] Progress (1): 36/42 MB
[INFO] Progress (1): 37/42 MB
[INFO] Progress (1): 37/42 MB
[INFO] Progress (1): 37/42 MB
[INFO] Progress (1): 37/42 MB
[INFO] Progress (1): 37/42 MB
[INFO] Progress (1): 37/42 MB
[INFO] Progress (1): 37/42 MB
[INFO] Progress (1): 37/42 MB
[INFO] Progress (1): 37/42 MB
[INFO] Progress (1): 37/42 MB
[INFO] Progress (1): 37/42 MB
[INFO] Progress (1): 37/42 MB
[INFO] Progress (1): 37/42 MB
[INFO] Progress (1): 37/42 MB
[INFO] Progress (1): 37/42 MB
[INFO] Progress (1): 37/42 MB
[INFO] Progress (1): 37/42 MB
[INFO] Progress (1): 37/42 MB
[INFO] Progress (1): 37/42 MB
[INFO] Progress (1): 37/42 MB
[INFO] Progress (1): 37/42 MB
[INFO] Progress (1): 37/42 MB
[INFO] Progress (1): 37/42 MB
[INFO] Progress (1): 37/42 MB
[INFO] Progress (1): 37/42 MB
[INFO] Progress (1): 37/42 MB
[INFO] Progress (1): 37/42 MB
[INFO] Progress (1): 37/42 MB
[INFO] Progress (1): 37/42 MB
[INFO] Progress (1): 37/42 MB
[INFO] Progress (1): 37/42 MB
[INFO] Progress (1): 38/42 MB
[INFO] Progress (1): 38/42 MB
[INFO] Progress (1): 38/42 MB
[INFO] Progress (1): 38/42 MB
[INFO] Progress (1): 38/42 MB
[INFO] Progress (1): 38/42 MB
[INFO] Progress (1): 38/42 MB
[INFO] Progress (1): 38/42 MB
[INFO] Progress (1): 38/42 MB
[INFO] Progress (1): 38/42 MB
[INFO] Progress (1): 38/42 MB
[INFO] Progress (1): 38/42 MB
[INFO] Progress (1): 38/42 MB
[INFO] Progress (1): 38/42 MB
[INFO] Progress (1): 38/42 MB
[INFO] Progress (1): 38/42 MB
[INFO] Progress (1): 38/42 MB
[INFO] Progress (1): 38/42 MB
[INFO] Progress (1): 38/42 MB
[INFO] Progress (1): 38/42 MB
[INFO] Progress (1): 38/42 MB
[INFO] Progress (1): 38/42 MB
[INFO] Progress (1): 38/42 MB
[INFO] Progress (1): 38/42 MB
[INFO] Progress (1): 38/42 MB
[INFO] Progress (1): 38/42 MB
[INFO] Progress (1): 38/42 MB
[INFO] Progress (1): 38/42 MB
[INFO] Progress (1): 38/42 MB
[INFO] Progress (1): 38/42 MB
[INFO] Progress (1): 39/42 MB
[INFO] Progress (1): 39/42 MB
[INFO] Progress (1): 39/42 MB
[INFO] Progress (1): 39/42 MB
[INFO] Progress (1): 39/42 MB
[INFO] Progress (1): 39/42 MB
[INFO] Progress (1): 39/42 MB
[INFO] Progress (1): 39/42 MB
[INFO] Progress (1): 39/42 MB
[INFO] Progress (1): 39/42 MB
[INFO] Progress (1): 39/42 MB
[INFO] Progress (1): 39/42 MB
[INFO] Progress (1): 39/42 MB
[INFO] Progress (1): 39/42 MB
[INFO] Progress (1): 39/42 MB
[INFO] Progress (1): 39/42 MB
[INFO] Progress (1): 39/42 MB
[INFO] Progress (1): 39/42 MB
[INFO] Progress (1): 39/42 MB
[INFO] Progress (1): 39/42 MB
[INFO] Progress (1): 39/42 MB
[INFO] Progress (1): 39/42 MB
[INFO] Progress (1): 39/42 MB
[INFO] Progress (1): 39/42 MB
[INFO] Progress (1): 39/42 MB
[INFO] Progress (1): 39/42 MB
[INFO] Progress (1): 39/42 MB
[INFO] Progress (1): 39/42 MB
[INFO] Progress (1): 39/42 MB
[INFO] Progress (1): 39/42 MB
[INFO] Progress (1): 39/42 MB
[INFO] Progress (1): 40/42 MB
[INFO] Progress (1): 40/42 MB
[INFO] Progress (1): 40/42 MB
[INFO] Progress (1): 40/42 MB
[INFO] Progress (1): 40/42 MB
[INFO] Progress (1): 40/42 MB
[INFO] Progress (1): 40/42 MB
[INFO] Progress (1): 40/42 MB
[INFO] Progress (1): 40/42 MB
[INFO] Progress (1): 40/42 MB
[INFO] Progress (1): 40/42 MB
[INFO] Progress (1): 40/42 MB
[INFO] Progress (1): 40/42 MB
[INFO] Progress (1): 40/42 MB
[INFO] Progress (1): 40/42 MB
[INFO] Progress (1): 40/42 MB
[INFO] Progress (1): 40/42 MB
[INFO] Progress (1): 40/42 MB
[INFO] Progress (1): 40/42 MB
[INFO] Progress (1): 40/42 MB
[INFO] Progress (1): 40/42 MB
[INFO] Progress (1): 40/42 MB
[INFO] Progress (1): 40/42 MB
[INFO] Progress (1): 40/42 MB
[INFO] Progress (1): 40/42 MB
[INFO] Progress (1): 40/42 MB
[INFO] Progress (1): 40/42 MB
[INFO] Progress (1): 40/42 MB
[INFO] Progress (1): 40/42 MB
[INFO] Progress (1): 40/42 MB
[INFO] Progress (1): 41/42 MB
[INFO] Progress (1): 41/42 MB
[INFO] Progress (1): 41/42 MB
[INFO] Progress (1): 41/42 MB
[INFO] Progress (1): 41/42 MB
[INFO] Progress (1): 41/42 MB
[INFO] Progress (1): 41/42 MB
[INFO] Progress (1): 41/42 MB
[INFO] Progress (1): 41/42 MB
[INFO] Progress (1): 41/42 MB
[INFO] Progress (1): 41/42 MB
[INFO] Progress (1): 41/42 MB
[INFO] Progress (1): 41/42 MB
[INFO] Progress (1): 41/42 MB
[INFO] Progress (1): 41/42 MB
[INFO] Progress (1): 41/42 MB
[INFO] Progress (1): 41/42 MB
[INFO] Progress (1): 41/42 MB
[INFO] Progress (1): 41/42 MB
[INFO] Progress (1): 41/42 MB
[INFO] Progress (1): 41/42 MB
[INFO] Progress (1): 41/42 MB
[INFO] Progress (1): 41/42 MB
[INFO] Progress (1): 41/42 MB
[INFO] Progress (1): 41/42 MB
[INFO] Progress (1): 41/42 MB
[INFO] Progress (1): 41/42 MB
[INFO] Progress (1): 41/42 MB
[INFO] Progress (1): 41/42 MB
[INFO] Progress (1): 41/42 MB
[INFO] Progress (1): 41/42 MB
[INFO] Progress (1): 42/42 MB
[INFO] Progress (1): 42/42 MB
[INFO] Progress (1): 42/42 MB
[INFO] Progress (1): 42/42 MB
[INFO] Progress (1): 42/42 MB
[INFO] Progress (1): 42/42 MB
[INFO] Progress (1): 42/42 MB
[INFO] Progress (1): 42/42 MB
[INFO] Progress (1): 42/42 MB
[INFO] Progress (1): 42/42 MB
[INFO] Progress (1): 42 MB   
[INFO]                    
[INFO] Uploaded to apache.releases.https: https://repository.apache.org/service/local/staging/deploy/maven2/org/apache/wicket/wicket-examples/10.11.0/wicket-examples-10.11.0.war (42 MB at 733 kB/s)
[INFO] Downloading from apache.releases.https: https://repository.apache.org/service/local/staging/deploy/maven2/org/apache/wicket/wicket-examples/maven-metadata.xml
[INFO] Uploading to apache.releases.https: https://repository.apache.org/service/local/staging/deploy/maven2/org/apache/wicket/wicket-examples/maven-metadata.xml
[INFO] Progress (1): 316 B
[INFO]                    
[INFO] Uploaded to apache.releases.https: https://repository.apache.org/service/local/staging/deploy/maven2/org/apache/wicket/wicket-examples/maven-metadata.xml (316 B at 606 B/s)
[INFO] [INFO] 
[INFO] [INFO] ----< org.apache.wicket.experimental.wicket10:wicket-experimental >-----
[INFO] [INFO] Building Wicket-Experimental 10.11.0                             [24/32]
[INFO] [INFO]   from wicket-experimental/pom.xml
[INFO] [INFO] --------------------------------[ pom ]---------------------------------
[INFO] [INFO] 
[INFO] [INFO] --- enforcer:3.6.2:enforce (enforce-maven) @ wicket-experimental ---
[INFO] [INFO] Rule 1: org.apache.maven.enforcer.rules.dependency.DependencyConvergence passed
[INFO] [INFO] Rule 2: com.github.ferstl.maven.pomenforcers.CompoundPedanticEnforcer(compound) passed
[INFO] [INFO] 
[INFO] [INFO] --- enforcer:3.6.2:enforce (enforce-maven-version) @ wicket-experimental ---
[INFO] [INFO] Rule 1: org.apache.maven.enforcer.rules.dependency.DependencyConvergence passed
[INFO] [INFO] Rule 2: com.github.ferstl.maven.pomenforcers.CompoundPedanticEnforcer(compound) passed
[INFO] [INFO] 
[INFO] [INFO] --- enforcer:3.6.2:enforce (enforce-java-version) @ wicket-experimental ---
[INFO] [INFO] Rule 1: org.apache.maven.enforcer.rules.dependency.DependencyConvergence passed
[INFO] [INFO] Rule 2: com.github.ferstl.maven.pomenforcers.CompoundPedanticEnforcer(compound) passed
[INFO] [INFO] 
[INFO] [INFO] --- toolchains:3.2.0:toolchain (default) @ wicket-experimental ---
[INFO] [INFO] Required toolchain: jdk [ version='17' ]
[INFO] [INFO] Found matching toolchain for type jdk: JDK[/usr/lib/jvm/temurin-17-jdk-amd64/]
[INFO] [INFO] 
[INFO] [INFO] --- remote-resources:3.3.0:process (default) @ wicket-experimental ---
[INFO] [INFO] Preparing remote bundle org.apache:apache-jar-resource-bundle:1.4
[INFO] [INFO] Copying 3 resources from 1 bundle.
[INFO] [INFO] 
[INFO] [INFO] --- remote-resources:3.3.0:process (process-resource-bundles) @ wicket-experimental ---
[INFO] [INFO] Preparing remote bundle org.apache.apache.resources:apache-jar-resource-bundle:1.7
[INFO] [INFO] Copying 3 resources from 1 bundle.
[INFO] [INFO] 
[INFO] [INFO] --- bundle:6.0.0:manifest (default-bundle) @ wicket-experimental ---
[INFO] [WARNING] Ignoring project type pom - supportedProjectTypes = [jar, bundle]
[INFO] [INFO] 
[INFO] [INFO] --- assembly:3.7.1:single (source-release-assembly) @ wicket-experimental ---
[INFO] [INFO] Skipping the assembly in this project because it's not the Execution Root
[INFO] [INFO] 
[INFO] [INFO] --- source:3.4.0:jar-no-fork (attach-sources) @ wicket-experimental ---
[INFO] [INFO] 
[INFO] [INFO] --- javadoc:3.12.0:jar (attach-javadocs) @ wicket-experimental ---
[INFO] [INFO] Not executing Javadoc as the project is not a Java classpath-capable package
[INFO] [INFO] 
[INFO] [INFO] --- checksum:1.11:artifacts (source-release-checksum) @ wicket-experimental ---
[INFO] [INFO] 
[INFO] [INFO] --- japicmp:0.25.4:cmp (default) @ wicket-experimental ---
[INFO] [INFO] japicmp skipped.
[INFO] [INFO] 
[INFO] [INFO] --- gpg:3.2.8:sign (sign-release-artifacts) @ wicket-experimental ---
[INFO] [INFO] Signer 'gpg' is signing 1 file with key default
[INFO] gpg: using "0xD1AE986470B5A49C3E6A27B2878F01FAA8D356E1" as default secret key for signing
[INFO] [INFO] 
[INFO] [INFO] --- install:3.1.4:install (default-install) @ wicket-experimental ---
[INFO] [INFO] Installing /home/andrea/WicketBuild/wicket-10.x/target/checkout/wicket-experimental/pom.xml to /home/andrea/.m2/repository/org/apache/wicket/experimental/wicket10/wicket-experimental/10.11.0/wicket-experimental-10.11.0.pom
[INFO] [INFO] Installing /home/andrea/WicketBuild/wicket-10.x/target/checkout/wicket-experimental/target/wicket-experimental-10.11.0.pom.asc to /home/andrea/.m2/repository/org/apache/wicket/experimental/wicket10/wicket-experimental/10.11.0/wicket-experimental-10.11.0.pom.asc
[INFO] [INFO] 
[INFO] [INFO] --- gpg:3.2.8:sign (sign-artifacts) @ wicket-experimental ---
[INFO] [INFO] Signer 'gpg' is signing 1 file with key default
[INFO] gpg: using "0xD1AE986470B5A49C3E6A27B2878F01FAA8D356E1" as default secret key for signing
[INFO] [WARNING] artifact org.apache.wicket.experimental.wicket10:wicket-experimental:pom.asc:10.11.0 already attached, replace previous instance
[INFO] [INFO] 
[INFO] [INFO] --- deploy:3.1.4:deploy (default-deploy) @ wicket-experimental ---
[INFO] Uploading to apache.releases.https: https://repository.apache.org/service/local/staging/deploy/maven2/org/apache/wicket/experimental/wicket10/wicket-experimental/10.11.0/wicket-experimental-10.11.0.pom
[INFO] Progress (1): 1.7 kB
[INFO]                     
[INFO] Uploaded to apache.releases.https: https://repository.apache.org/service/local/staging/deploy/maven2/org/apache/wicket/experimental/wicket10/wicket-experimental/10.11.0/wicket-experimental-10.11.0.pom (1.7 kB at 3.3 kB/s)
[INFO] Uploading to apache.releases.https: https://repository.apache.org/service/local/staging/deploy/maven2/org/apache/wicket/experimental/wicket10/wicket-experimental/10.11.0/wicket-experimental-10.11.0.pom.asc
[INFO] Progress (1): 833 B
[INFO]                    
[INFO] Uploaded to apache.releases.https: https://repository.apache.org/service/local/staging/deploy/maven2/org/apache/wicket/experimental/wicket10/wicket-experimental/10.11.0/wicket-experimental-10.11.0.pom.asc (833 B at 4.8 kB/s)
[INFO] Downloading from apache.releases.https: https://repository.apache.org/service/local/staging/deploy/maven2/org/apache/wicket/experimental/wicket10/wicket-experimental/maven-metadata.xml
[INFO] Uploading to apache.releases.https: https://repository.apache.org/service/local/staging/deploy/maven2/org/apache/wicket/experimental/wicket10/wicket-experimental/maven-metadata.xml
[INFO] Progress (1): 342 B
[INFO]                    
[INFO] Uploaded to apache.releases.https: https://repository.apache.org/service/local/staging/deploy/maven2/org/apache/wicket/experimental/wicket10/wicket-experimental/maven-metadata.xml (342 B at 648 B/s)
[INFO] [INFO] 
[INFO] [INFO] -------< org.apache.wicket.experimental.wicket10:wicket-metrics >-------
[INFO] [INFO] Building Wicket Metrics 10.11.0                                  [25/32]
[INFO] [INFO]   from wicket-experimental/wicket-metrics/pom.xml
[INFO] [INFO] --------------------------------[ jar ]---------------------------------
[INFO] [INFO] 
[INFO] [INFO] --- enforcer:3.6.2:enforce (enforce-maven) @ wicket-metrics ---
[INFO] [INFO] Rule 1: org.apache.maven.enforcer.rules.dependency.DependencyConvergence passed
[INFO] [INFO] Rule 2: com.github.ferstl.maven.pomenforcers.CompoundPedanticEnforcer(compound) passed
[INFO] [INFO] 
[INFO] [INFO] --- enforcer:3.6.2:enforce (enforce-maven-version) @ wicket-metrics ---
[INFO] [INFO] Rule 1: org.apache.maven.enforcer.rules.dependency.DependencyConvergence passed
[INFO] [INFO] Rule 2: com.github.ferstl.maven.pomenforcers.CompoundPedanticEnforcer(compound) passed
[INFO] [INFO] 
[INFO] [INFO] --- enforcer:3.6.2:enforce (enforce-java-version) @ wicket-metrics ---
[INFO] [INFO] Rule 1: org.apache.maven.enforcer.rules.dependency.DependencyConvergence passed
[INFO] [INFO] Rule 2: com.github.ferstl.maven.pomenforcers.CompoundPedanticEnforcer(compound) passed
[INFO] [INFO] 
[INFO] [INFO] --- toolchains:3.2.0:toolchain (default) @ wicket-metrics ---
[INFO] [INFO] Required toolchain: jdk [ version='17' ]
[INFO] [INFO] Found matching toolchain for type jdk: JDK[/usr/lib/jvm/temurin-17-jdk-amd64/]
[INFO] [INFO] 
[INFO] [INFO] --- remote-resources:3.3.0:process (default) @ wicket-metrics ---
[INFO] [INFO] Preparing remote bundle org.apache:apache-jar-resource-bundle:1.4
[INFO] [INFO] Copying 3 resources from 1 bundle.
[INFO] [INFO] 
[INFO] [INFO] --- remote-resources:3.3.0:process (process-resource-bundles) @ wicket-metrics ---
[INFO] [INFO] Preparing remote bundle org.apache.apache.resources:apache-jar-resource-bundle:1.7
[INFO] [INFO] Copying 3 resources from 1 bundle.
[INFO] [INFO] 
[INFO] [INFO] --- resources:3.4.0:resources (default-resources) @ wicket-metrics ---
[INFO] [INFO] Copying 0 resource from src/main/java to target/classes
[INFO] [INFO] Copying 1 resource from src/main/resources to target/classes
[INFO] [INFO] skip non existing resourceDirectory /home/andrea/WicketBuild/wicket-10.x/target/checkout/wicket-experimental/wicket-metrics/target/generated-res
[INFO] [INFO] Copying 3 resources from target/maven-shared-archive-resources to target/classes
[INFO] [INFO] Copying 3 resources from target/maven-shared-archive-resources to target/classes
[INFO] [INFO] 
[INFO] [INFO] --- compiler:3.14.1:compile (default-compile) @ wicket-metrics ---
[INFO] [INFO] Toolchain in maven-compiler-plugin: JDK[/usr/lib/jvm/temurin-17-jdk-amd64/]
[INFO] [INFO] Recompiling the module because of changed dependency.
[INFO] [INFO] Compiling 24 source files with javac [forked debug deprecation release 17 module-path] to target/classes
[INFO] [INFO] JDK-8318913 workaround: patched module-info.class requires version from [17.0.20.1] to [17] on 1 JDK modules [java.base]
[INFO] [INFO] 
[INFO] [INFO] --- bundle:6.0.0:manifest (default-bundle) @ wicket-metrics ---
[INFO] [INFO] No MANIFEST.MF file found, generating manifest.
[INFO] [INFO] Writing manifest: /home/andrea/WicketBuild/wicket-10.x/target/checkout/wicket-experimental/wicket-metrics/target/classes/META-INF/MANIFEST.MF
[INFO] [INFO] 
[INFO] [INFO] --- resources:3.4.0:testResources (default-testResources) @ wicket-metrics ---
[INFO] [INFO] skip non existing resourceDirectory /home/andrea/WicketBuild/wicket-10.x/target/checkout/wicket-experimental/wicket-metrics/src/test/java
[INFO] [INFO] Copying 3 resources from target/maven-shared-archive-resources to target/test-classes
[INFO] [INFO] Copying 3 resources from target/maven-shared-archive-resources to target/test-classes
[INFO] [INFO] 
[INFO] [INFO] --- compiler:3.14.1:testCompile (default-testCompile) @ wicket-metrics ---
[INFO] [INFO] Toolchain in maven-compiler-plugin: JDK[/usr/lib/jvm/temurin-17-jdk-amd64/]
[INFO] [INFO] No sources to compile
[INFO] [INFO] 
[INFO] [INFO] --- surefire:3.5.4:test (default-test) @ wicket-metrics ---
[INFO] [INFO] Toolchain in maven-surefire-plugin: JDK[/usr/lib/jvm/temurin-17-jdk-amd64/]
[INFO] [INFO] 
[INFO] [INFO] --- jar:3.5.0:jar (default-jar) @ wicket-metrics ---
[INFO] [INFO] Set Build-Jdk-Spec based on toolchain in maven-jar-plugin JDK[/usr/lib/jvm/temurin-17-jdk-amd64/]
[INFO] [INFO] Building jar: /home/andrea/WicketBuild/wicket-10.x/target/checkout/wicket-experimental/wicket-metrics/target/wicket-metrics-10.11.0.jar
[INFO] [INFO] 
[INFO] [INFO] --- assembly:3.7.1:single (source-release-assembly) @ wicket-metrics ---
[INFO] [INFO] Skipping the assembly in this project because it's not the Execution Root
[INFO] [INFO] 
[INFO] [INFO] --- source:3.4.0:jar-no-fork (attach-sources) @ wicket-metrics ---
[INFO] [INFO] Building jar: /home/andrea/WicketBuild/wicket-10.x/target/checkout/wicket-experimental/wicket-metrics/target/wicket-metrics-10.11.0-sources.jar
[INFO] [INFO] 
[INFO] [INFO] --- javadoc:3.12.0:jar (attach-javadocs) @ wicket-metrics ---
[INFO] [INFO] Toolchain in maven-javadoc-plugin: JDK[/usr/lib/jvm/temurin-17-jdk-amd64/]
[INFO] [INFO] Building jar: /home/andrea/WicketBuild/wicket-10.x/target/checkout/wicket-experimental/wicket-metrics/target/wicket-metrics-10.11.0-javadoc.jar
[INFO] [INFO] 
[INFO] [INFO] --- checksum:1.11:artifacts (source-release-checksum) @ wicket-metrics ---
[INFO] [INFO] 
[INFO] [INFO] --- japicmp:0.25.4:cmp (default) @ wicket-metrics ---
[INFO] [INFO] japicmp skipped.
[INFO] [INFO] 
[INFO] [INFO] --- gpg:3.2.8:sign (sign-release-artifacts) @ wicket-metrics ---
[INFO] [INFO] Signer 'gpg' is signing 4 files with key default
[INFO] gpg: using "0xD1AE986470B5A49C3E6A27B2878F01FAA8D356E1" as default secret key for signing
[INFO] gpg: using "0xD1AE986470B5A49C3E6A27B2878F01FAA8D356E1" as default secret key for signing
[INFO] gpg: using "0xD1AE986470B5A49C3E6A27B2878F01FAA8D356E1" as default secret key for signing
[INFO] gpg: using "0xD1AE986470B5A49C3E6A27B2878F01FAA8D356E1" as default secret key for signing
[INFO] [INFO] 
[INFO] [INFO] --- install:3.1.4:install (default-install) @ wicket-metrics ---
[INFO] [INFO] Installing /home/andrea/WicketBuild/wicket-10.x/target/checkout/wicket-experimental/wicket-metrics/pom.xml to /home/andrea/.m2/repository/org/apache/wicket/experimental/wicket10/wicket-metrics/10.11.0/wicket-metrics-10.11.0.pom
[INFO] [INFO] Installing /home/andrea/WicketBuild/wicket-10.x/target/checkout/wicket-experimental/wicket-metrics/target/wicket-metrics-10.11.0.jar to /home/andrea/.m2/repository/org/apache/wicket/experimental/wicket10/wicket-metrics/10.11.0/wicket-metrics-10.11.0.jar
[INFO] [INFO] Installing /home/andrea/WicketBuild/wicket-10.x/target/checkout/wicket-experimental/wicket-metrics/target/wicket-metrics-10.11.0-sources.jar to /home/andrea/.m2/repository/org/apache/wicket/experimental/wicket10/wicket-metrics/10.11.0/wicket-metrics-10.11.0-sources.jar
[INFO] [INFO] Installing /home/andrea/WicketBuild/wicket-10.x/target/checkout/wicket-experimental/wicket-metrics/target/wicket-metrics-10.11.0-javadoc.jar to /home/andrea/.m2/repository/org/apache/wicket/experimental/wicket10/wicket-metrics/10.11.0/wicket-metrics-10.11.0-javadoc.jar
[INFO] [INFO] Installing /home/andrea/WicketBuild/wicket-10.x/target/checkout/wicket-experimental/wicket-metrics/target/wicket-metrics-10.11.0.jar.asc to /home/andrea/.m2/repository/org/apache/wicket/experimental/wicket10/wicket-metrics/10.11.0/wicket-metrics-10.11.0.jar.asc
[INFO] [INFO] Installing /home/andrea/WicketBuild/wicket-10.x/target/checkout/wicket-experimental/wicket-metrics/target/wicket-metrics-10.11.0.pom.asc to /home/andrea/.m2/repository/org/apache/wicket/experimental/wicket10/wicket-metrics/10.11.0/wicket-metrics-10.11.0.pom.asc
[INFO] [INFO] Installing /home/andrea/WicketBuild/wicket-10.x/target/checkout/wicket-experimental/wicket-metrics/target/wicket-metrics-10.11.0-sources.jar.asc to /home/andrea/.m2/repository/org/apache/wicket/experimental/wicket10/wicket-metrics/10.11.0/wicket-metrics-10.11.0-sources.jar.asc
[INFO] [INFO] Installing /home/andrea/WicketBuild/wicket-10.x/target/checkout/wicket-experimental/wicket-metrics/target/wicket-metrics-10.11.0-javadoc.jar.asc to /home/andrea/.m2/repository/org/apache/wicket/experimental/wicket10/wicket-metrics/10.11.0/wicket-metrics-10.11.0-javadoc.jar.asc
[INFO] [INFO] 
[INFO] [INFO] --- gpg:3.2.8:sign (sign-artifacts) @ wicket-metrics ---
[INFO] [INFO] Signer 'gpg' is signing 4 files with key default
[INFO] gpg: using "0xD1AE986470B5A49C3E6A27B2878F01FAA8D356E1" as default secret key for signing
[INFO] [WARNING] artifact org.apache.wicket.experimental.wicket10:wicket-metrics:jar.asc:10.11.0 already attached, replace previous instance
[INFO] gpg: using "0xD1AE986470B5A49C3E6A27B2878F01FAA8D356E1" as default secret key for signing
[INFO] [WARNING] artifact org.apache.wicket.experimental.wicket10:wicket-metrics:pom.asc:10.11.0 already attached, replace previous instance
[INFO] gpg: using "0xD1AE986470B5A49C3E6A27B2878F01FAA8D356E1" as default secret key for signing
[INFO] [WARNING] artifact org.apache.wicket.experimental.wicket10:wicket-metrics:jar.asc:sources:10.11.0 already attached, replace previous instance
[INFO] gpg: using "0xD1AE986470B5A49C3E6A27B2878F01FAA8D356E1" as default secret key for signing
[INFO] [WARNING] artifact org.apache.wicket.experimental.wicket10:wicket-metrics:jar.asc:javadoc:10.11.0 already attached, replace previous instance
[INFO] [INFO] 
[INFO] [INFO] --- deploy:3.1.4:deploy (default-deploy) @ wicket-metrics ---
[INFO] Uploading to apache.releases.https: https://repository.apache.org/service/local/staging/deploy/maven2/org/apache/wicket/experimental/wicket10/wicket-metrics/10.11.0/wicket-metrics-10.11.0.pom
[INFO] Progress (1): 2.2 kB
[INFO]                     
[INFO] Uploaded to apache.releases.https: https://repository.apache.org/service/local/staging/deploy/maven2/org/apache/wicket/experimental/wicket10/wicket-metrics/10.11.0/wicket-metrics-10.11.0.pom (2.2 kB at 3.5 kB/s)
[INFO] Uploading to apache.releases.https: https://repository.apache.org/service/local/staging/deploy/maven2/org/apache/wicket/experimental/wicket10/wicket-metrics/10.11.0/wicket-metrics-10.11.0.jar
[INFO] Uploading to apache.releases.https: https://repository.apache.org/service/local/staging/deploy/maven2/org/apache/wicket/experimental/wicket10/wicket-metrics/10.11.0/wicket-metrics-10.11.0-sources.jar
[INFO] Uploading to apache.releases.https: https://repository.apache.org/service/local/staging/deploy/maven2/org/apache/wicket/experimental/wicket10/wicket-metrics/10.11.0/wicket-metrics-10.11.0-javadoc.jar
[INFO] Uploading to apache.releases.https: https://repository.apache.org/service/local/staging/deploy/maven2/org/apache/wicket/experimental/wicket10/wicket-metrics/10.11.0/wicket-metrics-10.11.0.jar.asc
[INFO] Uploading to apache.releases.https: https://repository.apache.org/service/local/staging/deploy/maven2/org/apache/wicket/experimental/wicket10/wicket-metrics/10.11.0/wicket-metrics-10.11.0.pom.asc
[INFO] Progress (1): 33/314 kB
[INFO] Progress (1): 66/314 kB
[INFO] Progress (1): 98/314 kB
[INFO] Progress (1): 131/314 kB
[INFO] Progress (1): 164/314 kB
[INFO] Progress (1): 197/314 kB
[INFO] Progress (1): 229/314 kB
[INFO] Progress (1): 262/314 kB
[INFO] Progress (1): 295/314 kB
[INFO] Progress (1): 314 kB    
[INFO] Progress (2): 314 kB | 33/36 kB
[INFO] Progress (2): 314 kB | 36 kB   
[INFO] Progress (3): 314 kB | 36 kB | 33/34 kB
[INFO] Progress (3): 314 kB | 36 kB | 34 kB   
[INFO] Progress (4): 314 kB | 36 kB | 34 kB | 833 B
[INFO] Progress (5): 314 kB | 36 kB | 34 kB | 833 B | 833 B
[INFO]                                                     
[INFO] Uploaded to apache.releases.https: https://repository.apache.org/service/local/staging/deploy/maven2/org/apache/wicket/experimental/wicket10/wicket-metrics/10.11.0/wicket-metrics-10.11.0.pom.asc (833 B at 1.2 kB/s)
[INFO] Uploaded to apache.releases.https: https://repository.apache.org/service/local/staging/deploy/maven2/org/apache/wicket/experimental/wicket10/wicket-metrics/10.11.0/wicket-metrics-10.11.0.jar.asc (833 B at 1.2 kB/s)
[INFO] Uploading to apache.releases.https: https://repository.apache.org/service/local/staging/deploy/maven2/org/apache/wicket/experimental/wicket10/wicket-metrics/10.11.0/wicket-metrics-10.11.0-sources.jar.asc
[INFO] Uploading to apache.releases.https: https://repository.apache.org/service/local/staging/deploy/maven2/org/apache/wicket/experimental/wicket10/wicket-metrics/10.11.0/wicket-metrics-10.11.0-javadoc.jar.asc
[INFO] Progress (4): 314 kB | 36 kB | 34 kB | 833 B
[INFO] Progress (5): 314 kB | 36 kB | 34 kB | 833 B | 833 B
[INFO]                                                     
[INFO] Uploaded to apache.releases.https: https://repository.apache.org/service/local/staging/deploy/maven2/org/apache/wicket/experimental/wicket10/wicket-metrics/10.11.0/wicket-metrics-10.11.0-sources.jar.asc (833 B at 964 B/s)
[INFO] Uploaded to apache.releases.https: https://repository.apache.org/service/local/staging/deploy/maven2/org/apache/wicket/experimental/wicket10/wicket-metrics/10.11.0/wicket-metrics-10.11.0-javadoc.jar.asc (833 B at 958 B/s)
[INFO] Uploaded to apache.releases.https: https://repository.apache.org/service/local/staging/deploy/maven2/org/apache/wicket/experimental/wicket10/wicket-metrics/10.11.0/wicket-metrics-10.11.0-sources.jar (36 kB at 31 kB/s)
[INFO] Uploaded to apache.releases.https: https://repository.apache.org/service/local/staging/deploy/maven2/org/apache/wicket/experimental/wicket10/wicket-metrics/10.11.0/wicket-metrics-10.11.0.jar (34 kB at 29 kB/s)
[INFO] Uploaded to apache.releases.https: https://repository.apache.org/service/local/staging/deploy/maven2/org/apache/wicket/experimental/wicket10/wicket-metrics/10.11.0/wicket-metrics-10.11.0-javadoc.jar (314 kB at 237 kB/s)
[INFO] Downloading from apache.releases.https: https://repository.apache.org/service/local/staging/deploy/maven2/org/apache/wicket/experimental/wicket10/wicket-metrics/maven-metadata.xml
[INFO] Uploading to apache.releases.https: https://repository.apache.org/service/local/staging/deploy/maven2/org/apache/wicket/experimental/wicket10/wicket-metrics/maven-metadata.xml
[INFO] Progress (1): 337 B
[INFO]                    
[INFO] Uploaded to apache.releases.https: https://repository.apache.org/service/local/staging/deploy/maven2/org/apache/wicket/experimental/wicket10/wicket-metrics/maven-metadata.xml (337 B at 639 B/s)
[INFO] [INFO] 
[INFO] [INFO] -----------< org.apache.wicket:wicket-archetype-quickstart >------------
[INFO] [INFO] Building Wicket Quickstart Archetype 10.11.0                     [26/32]
[INFO] [INFO]   from archetypes/quickstart/pom.xml
[INFO] [INFO] --------------------------[ maven-archetype ]---------------------------
[INFO] [INFO] 
[INFO] [INFO] --- enforcer:3.6.2:enforce (enforce-maven) @ wicket-archetype-quickstart ---
[INFO] [INFO] Rule 0: org.apache.maven.enforcer.rules.version.RequireMavenVersion passed
[INFO] [INFO] Rule 1: org.apache.maven.enforcer.rules.dependency.DependencyConvergence passed
[INFO] [INFO] Rule 2: com.github.ferstl.maven.pomenforcers.CompoundPedanticEnforcer(compound) passed
[INFO] [INFO] 
[INFO] [INFO] --- enforcer:3.6.2:enforce (enforce-maven-version) @ wicket-archetype-quickstart ---
[INFO] [INFO] Rule 0: org.apache.maven.enforcer.rules.version.RequireMavenVersion passed
[INFO] [INFO] Rule 1: org.apache.maven.enforcer.rules.dependency.DependencyConvergence passed
[INFO] [INFO] Rule 2: com.github.ferstl.maven.pomenforcers.CompoundPedanticEnforcer(compound) passed
[INFO] [INFO] 
[INFO] [INFO] --- enforcer:3.6.2:enforce (enforce-java-version) @ wicket-archetype-quickstart ---
[INFO] [INFO] Rule 0: org.apache.maven.enforcer.rules.version.RequireJavaVersion passed
[INFO] [INFO] Rule 1: org.apache.maven.enforcer.rules.dependency.DependencyConvergence passed
[INFO] [INFO] Rule 2: com.github.ferstl.maven.pomenforcers.CompoundPedanticEnforcer(compound) passed
[INFO] [INFO] 
[INFO] [INFO] --- toolchains:3.2.0:toolchain (default) @ wicket-archetype-quickstart ---
[INFO] [INFO] Required toolchain: jdk [ version='17' ]
[INFO] [INFO] Found matching toolchain for type jdk: JDK[/usr/lib/jvm/temurin-17-jdk-amd64/]
[INFO] [INFO] 
[INFO] [INFO] --- remote-resources:3.3.0:process (default) @ wicket-archetype-quickstart ---
[INFO] [INFO] Preparing remote bundle org.apache:apache-jar-resource-bundle:1.4
[INFO] [INFO] Copying 3 resources from 1 bundle.
[INFO] [INFO] 
[INFO] [INFO] --- remote-resources:3.3.0:process (process-resource-bundles) @ wicket-archetype-quickstart ---
[INFO] [INFO] Preparing remote bundle org.apache.apache.resources:apache-jar-resource-bundle:1.7
[INFO] [INFO] Copying 3 resources from 1 bundle.
[INFO] [INFO] 
[INFO] [INFO] --- resources:3.4.0:resources (default-resources) @ wicket-archetype-quickstart ---
[INFO] [INFO] Copying 14 resources from src/main/resources to target/classes
[INFO] [INFO] Copying 1 resource from src/main/resources to target/classes
[INFO] [INFO] Copying 3 resources from target/maven-shared-archive-resources to target/classes
[INFO] [INFO] Copying 3 resources from target/maven-shared-archive-resources to target/classes
[INFO] [INFO] 
[INFO] [INFO] --- bundle:6.0.0:manifest (default-bundle) @ wicket-archetype-quickstart ---
[INFO] [WARNING] Ignoring project type maven-archetype - supportedProjectTypes = [jar, bundle]
[INFO] [INFO] 
[INFO] [INFO] --- resources:3.4.0:testResources (default-testResources) @ wicket-archetype-quickstart ---
[INFO] [INFO] skip non existing resourceDirectory /home/andrea/WicketBuild/wicket-10.x/target/checkout/archetypes/quickstart/src/test/java
[INFO] [INFO] Copying 3 resources from target/maven-shared-archive-resources to target/test-classes
[INFO] [INFO] Copying 3 resources from target/maven-shared-archive-resources to target/test-classes
[INFO] [INFO] 
[INFO] [INFO] --- archetype:3.4.1:jar (default-jar) @ wicket-archetype-quickstart ---
[INFO] [INFO] Building archetype jar: /home/andrea/WicketBuild/wicket-10.x/target/checkout/archetypes/quickstart/target/wicket-archetype-quickstart-10.11.0.jar
[INFO] [INFO] Building jar: /home/andrea/WicketBuild/wicket-10.x/target/checkout/archetypes/quickstart/target/wicket-archetype-quickstart-10.11.0.jar
[INFO] [INFO] 
[INFO] [INFO] --- assembly:3.7.1:single (source-release-assembly) @ wicket-archetype-quickstart ---
[INFO] [INFO] Skipping the assembly in this project because it's not the Execution Root
[INFO] [INFO] 
[INFO] [INFO] --- source:3.4.0:jar-no-fork (attach-sources) @ wicket-archetype-quickstart ---
[INFO] [INFO] Building jar: /home/andrea/WicketBuild/wicket-10.x/target/checkout/archetypes/quickstart/target/wicket-archetype-quickstart-10.11.0-sources.jar
[INFO] [INFO] 
[INFO] [INFO] --- javadoc:3.12.0:jar (attach-javadocs) @ wicket-archetype-quickstart ---
[INFO] [INFO] Not executing Javadoc as the project is not a Java classpath-capable package
[INFO] [INFO] 
[INFO] [INFO] --- archetype:3.4.1:integration-test (default-integration-test) @ wicket-archetype-quickstart ---
[INFO] [WARNING] No Archetype IT projects: root 'projects' directory not found.
[INFO] [INFO] 
[INFO] [INFO] --- checksum:1.11:artifacts (source-release-checksum) @ wicket-archetype-quickstart ---
[INFO] [INFO] 
[INFO] [INFO] --- japicmp:0.25.4:cmp (default) @ wicket-archetype-quickstart ---
[INFO] [INFO] japicmp skipped.
[INFO] [INFO] 
[INFO] [INFO] --- gpg:3.2.8:sign (sign-release-artifacts) @ wicket-archetype-quickstart ---
[INFO] [INFO] Signer 'gpg' is signing 3 files with key default
[INFO] gpg: using "0xD1AE986470B5A49C3E6A27B2878F01FAA8D356E1" as default secret key for signing
[INFO] gpg: using "0xD1AE986470B5A49C3E6A27B2878F01FAA8D356E1" as default secret key for signing
[INFO] gpg: using "0xD1AE986470B5A49C3E6A27B2878F01FAA8D356E1" as default secret key for signing
[INFO] [INFO] 
[INFO] [INFO] --- install:3.1.4:install (default-install) @ wicket-archetype-quickstart ---
[INFO] [INFO] Installing /home/andrea/WicketBuild/wicket-10.x/target/checkout/archetypes/quickstart/pom.xml to /home/andrea/.m2/repository/org/apache/wicket/wicket-archetype-quickstart/10.11.0/wicket-archetype-quickstart-10.11.0.pom
[INFO] [INFO] Installing /home/andrea/WicketBuild/wicket-10.x/target/checkout/archetypes/quickstart/target/wicket-archetype-quickstart-10.11.0.jar to /home/andrea/.m2/repository/org/apache/wicket/wicket-archetype-quickstart/10.11.0/wicket-archetype-quickstart-10.11.0.jar
[INFO] [INFO] Installing /home/andrea/WicketBuild/wicket-10.x/target/checkout/archetypes/quickstart/target/wicket-archetype-quickstart-10.11.0-sources.jar to /home/andrea/.m2/repository/org/apache/wicket/wicket-archetype-quickstart/10.11.0/wicket-archetype-quickstart-10.11.0-sources.jar
[INFO] [INFO] Installing /home/andrea/WicketBuild/wicket-10.x/target/checkout/archetypes/quickstart/target/wicket-archetype-quickstart-10.11.0.jar.asc to /home/andrea/.m2/repository/org/apache/wicket/wicket-archetype-quickstart/10.11.0/wicket-archetype-quickstart-10.11.0.jar.asc
[INFO] [INFO] Installing /home/andrea/WicketBuild/wicket-10.x/target/checkout/archetypes/quickstart/target/wicket-archetype-quickstart-10.11.0.pom.asc to /home/andrea/.m2/repository/org/apache/wicket/wicket-archetype-quickstart/10.11.0/wicket-archetype-quickstart-10.11.0.pom.asc
[INFO] [INFO] Installing /home/andrea/WicketBuild/wicket-10.x/target/checkout/archetypes/quickstart/target/wicket-archetype-quickstart-10.11.0-sources.jar.asc to /home/andrea/.m2/repository/org/apache/wicket/wicket-archetype-quickstart/10.11.0/wicket-archetype-quickstart-10.11.0-sources.jar.asc
[INFO] [INFO] 
[INFO] [INFO] --- archetype:3.4.1:update-local-catalog (default-update-local-catalog) @ wicket-archetype-quickstart ---
[INFO] [INFO] Updated local archetypes catalog /home/andrea/.m2/repository/archetype-catalog.xml
[INFO] [INFO] 
[INFO] [INFO] --- gpg:3.2.8:sign (sign-artifacts) @ wicket-archetype-quickstart ---
[INFO] [INFO] Signer 'gpg' is signing 3 files with key default
[INFO] gpg: using "0xD1AE986470B5A49C3E6A27B2878F01FAA8D356E1" as default secret key for signing
[INFO] [WARNING] artifact org.apache.wicket:wicket-archetype-quickstart:jar.asc:10.11.0 already attached, replace previous instance
[INFO] gpg: using "0xD1AE986470B5A49C3E6A27B2878F01FAA8D356E1" as default secret key for signing
[INFO] [WARNING] artifact org.apache.wicket:wicket-archetype-quickstart:pom.asc:10.11.0 already attached, replace previous instance
[INFO] gpg: using "0xD1AE986470B5A49C3E6A27B2878F01FAA8D356E1" as default secret key for signing
[INFO] [WARNING] artifact org.apache.wicket:wicket-archetype-quickstart:jar.asc:sources:10.11.0 already attached, replace previous instance
[INFO] [INFO] 
[INFO] [INFO] --- deploy:3.1.4:deploy (default-deploy) @ wicket-archetype-quickstart ---
[INFO] Uploading to apache.releases.https: https://repository.apache.org/service/local/staging/deploy/maven2/org/apache/wicket/wicket-archetype-quickstart/10.11.0/wicket-archetype-quickstart-10.11.0.pom
[INFO] Progress (1): 2.8 kB
[INFO]                     
[INFO] Uploaded to apache.releases.https: https://repository.apache.org/service/local/staging/deploy/maven2/org/apache/wicket/wicket-archetype-quickstart/10.11.0/wicket-archetype-quickstart-10.11.0.pom (2.8 kB at 5.4 kB/s)
[INFO] Uploading to apache.releases.https: https://repository.apache.org/service/local/staging/deploy/maven2/org/apache/wicket/wicket-archetype-quickstart/10.11.0/wicket-archetype-quickstart-10.11.0.jar
[INFO] Uploading to apache.releases.https: https://repository.apache.org/service/local/staging/deploy/maven2/org/apache/wicket/wicket-archetype-quickstart/10.11.0/wicket-archetype-quickstart-10.11.0-sources.jar
[INFO] Uploading to apache.releases.https: https://repository.apache.org/service/local/staging/deploy/maven2/org/apache/wicket/wicket-archetype-quickstart/10.11.0/wicket-archetype-quickstart-10.11.0.jar.asc
[INFO] Uploading to apache.releases.https: https://repository.apache.org/service/local/staging/deploy/maven2/org/apache/wicket/wicket-archetype-quickstart/10.11.0/wicket-archetype-quickstart-10.11.0.pom.asc
[INFO] Uploading to apache.releases.https: https://repository.apache.org/service/local/staging/deploy/maven2/org/apache/wicket/wicket-archetype-quickstart/10.11.0/wicket-archetype-quickstart-10.11.0-sources.jar.asc
[INFO] Progress (1): 833 B
[INFO] Progress (2): 833 B | 833 B
[INFO] Progress (3): 833 B | 833 B | 833 B
[INFO] Progress (4): 833 B | 833 B | 833 B | 33/37 kB
[INFO] Progress (4): 833 B | 833 B | 833 B | 37 kB   
[INFO] Progress (5): 833 B | 833 B | 833 B | 37 kB | 33/37 kB
[INFO] Progress (5): 833 B | 833 B | 833 B | 37 kB | 37 kB   
[INFO]                                                    
[INFO] Uploaded to apache.releases.https: https://repository.apache.org/service/local/staging/deploy/maven2/org/apache/wicket/wicket-archetype-quickstart/10.11.0/wicket-archetype-quickstart-10.11.0.jar.asc (833 B at 5.0 kB/s)
[INFO] Uploaded to apache.releases.https: https://repository.apache.org/service/local/staging/deploy/maven2/org/apache/wicket/wicket-archetype-quickstart/10.11.0/wicket-archetype-quickstart-10.11.0-sources.jar.asc (833 B at 4.8 kB/s)
[INFO] Uploaded to apache.releases.https: https://repository.apache.org/service/local/staging/deploy/maven2/org/apache/wicket/wicket-archetype-quickstart/10.11.0/wicket-archetype-quickstart-10.11.0.pom.asc (833 B at 4.8 kB/s)
[INFO] Uploaded to apache.releases.https: https://repository.apache.org/service/local/staging/deploy/maven2/org/apache/wicket/wicket-archetype-quickstart/10.11.0/wicket-archetype-quickstart-10.11.0.jar (37 kB at 57 kB/s)
[INFO] Uploaded to apache.releases.https: https://repository.apache.org/service/local/staging/deploy/maven2/org/apache/wicket/wicket-archetype-quickstart/10.11.0/wicket-archetype-quickstart-10.11.0-sources.jar (37 kB at 57 kB/s)
[INFO] Downloading from apache.releases.https: https://repository.apache.org/service/local/staging/deploy/maven2/org/apache/wicket/wicket-archetype-quickstart/maven-metadata.xml
[INFO] Uploading to apache.releases.https: https://repository.apache.org/service/local/staging/deploy/maven2/org/apache/wicket/wicket-archetype-quickstart/maven-metadata.xml
[INFO] Progress (1): 328 B
[INFO]                    
[INFO] Uploaded to apache.releases.https: https://repository.apache.org/service/local/staging/deploy/maven2/org/apache/wicket/wicket-archetype-quickstart/maven-metadata.xml (328 B at 636 B/s)
[INFO] [INFO] 
[INFO] [INFO] -------------< org.apache.wicket:wicket-extensions-tester >-------------
[INFO] [INFO] Building Wicket Extensions Tester 10.11.0                        [27/32]
[INFO] [INFO]   from wicket-extensions-tester/pom.xml
[INFO] [INFO] --------------------------------[ jar ]---------------------------------
[INFO] [INFO] 
[INFO] [INFO] --- enforcer:3.6.2:enforce (enforce-maven) @ wicket-extensions-tester ---
[INFO] [INFO] Rule 1: org.apache.maven.enforcer.rules.dependency.DependencyConvergence passed
[INFO] [INFO] Rule 2: com.github.ferstl.maven.pomenforcers.CompoundPedanticEnforcer(compound) passed
[INFO] [INFO] 
[INFO] [INFO] --- enforcer:3.6.2:enforce (enforce-maven-version) @ wicket-extensions-tester ---
[INFO] [INFO] Rule 1: org.apache.maven.enforcer.rules.dependency.DependencyConvergence passed
[INFO] [INFO] Rule 2: com.github.ferstl.maven.pomenforcers.CompoundPedanticEnforcer(compound) passed
[INFO] [INFO] 
[INFO] [INFO] --- enforcer:3.6.2:enforce (enforce-java-version) @ wicket-extensions-tester ---
[INFO] [INFO] Rule 1: org.apache.maven.enforcer.rules.dependency.DependencyConvergence passed
[INFO] [INFO] Rule 2: com.github.ferstl.maven.pomenforcers.CompoundPedanticEnforcer(compound) passed
[INFO] [INFO] 
[INFO] [INFO] --- toolchains:3.2.0:toolchain (default) @ wicket-extensions-tester ---
[INFO] [INFO] Required toolchain: jdk [ version='17' ]
[INFO] [INFO] Found matching toolchain for type jdk: JDK[/usr/lib/jvm/temurin-17-jdk-amd64/]
[INFO] [INFO] 
[INFO] [INFO] --- remote-resources:3.3.0:process (default) @ wicket-extensions-tester ---
[INFO] [INFO] Preparing remote bundle org.apache:apache-jar-resource-bundle:1.4
[INFO] [INFO] Copying 3 resources from 1 bundle.
[INFO] [INFO] 
[INFO] [INFO] --- remote-resources:3.3.0:process (process-resource-bundles) @ wicket-extensions-tester ---
[INFO] [INFO] Preparing remote bundle org.apache.apache.resources:apache-jar-resource-bundle:1.7
[INFO] [INFO] Copying 3 resources from 1 bundle.
[INFO] [INFO] 
[INFO] [INFO] --- resources:3.4.0:resources (default-resources) @ wicket-extensions-tester ---
[INFO] [INFO] Copying 0 resource from src/main/java to target/classes
[INFO] [INFO] skip non existing resourceDirectory /home/andrea/WicketBuild/wicket-10.x/target/checkout/wicket-extensions-tester/src/main/resources
[INFO] [INFO] skip non existing resourceDirectory /home/andrea/WicketBuild/wicket-10.x/target/checkout/wicket-extensions-tester/target/generated-res
[INFO] [INFO] Copying 3 resources from target/maven-shared-archive-resources to target/classes
[INFO] [INFO] Copying 3 resources from target/maven-shared-archive-resources to target/classes
[INFO] [INFO] 
[INFO] [INFO] --- compiler:3.14.1:compile (default-compile) @ wicket-extensions-tester ---
[INFO] [INFO] Toolchain in maven-compiler-plugin: JDK[/usr/lib/jvm/temurin-17-jdk-amd64/]
[INFO] [INFO] Recompiling the module because of changed dependency.
[INFO] [INFO] Compiling 2 source files with javac [forked debug deprecation release 17 module-path] to target/classes
[INFO] [INFO] JDK-8318913 workaround: patched module-info.class requires version from [17.0.20.1] to [17] on 1 JDK modules [java.base]
[INFO] [INFO] 
[INFO] [INFO] --- bundle:6.0.0:manifest (default-bundle) @ wicket-extensions-tester ---
[INFO] [INFO] No MANIFEST.MF file found, generating manifest.
[INFO] [INFO] Writing manifest: /home/andrea/WicketBuild/wicket-10.x/target/checkout/wicket-extensions-tester/target/classes/META-INF/MANIFEST.MF
[INFO] [INFO] 
[INFO] [INFO] --- resources:3.4.0:testResources (default-testResources) @ wicket-extensions-tester ---
[INFO] [INFO] Copying 1 resource from src/test/java to target/test-classes
[INFO] [INFO] Copying 3 resources from target/maven-shared-archive-resources to target/test-classes
[INFO] [INFO] Copying 3 resources from target/maven-shared-archive-resources to target/test-classes
[INFO] [INFO] 
[INFO] [INFO] --- compiler:3.14.1:testCompile (default-testCompile) @ wicket-extensions-tester ---
[INFO] [INFO] Toolchain in maven-compiler-plugin: JDK[/usr/lib/jvm/temurin-17-jdk-amd64/]
[INFO] [INFO] Recompiling the module because of changed dependency.
[INFO] [INFO] Compiling 3 source files with javac [forked debug deprecation release 17 module-path] to target/test-classes
[INFO] [INFO] 
[INFO] [INFO] --- surefire:3.5.4:test (default-test) @ wicket-extensions-tester ---
[INFO] [INFO] Toolchain in maven-surefire-plugin: JDK[/usr/lib/jvm/temurin-17-jdk-amd64/]
[INFO] [INFO] Using auto detected provider org.apache.maven.surefire.junitplatform.JUnitPlatformProvider
[INFO] [INFO] 
[INFO] [INFO] -------------------------------------------------------
[INFO] [INFO]  T E S T S
[INFO] [INFO] -------------------------------------------------------
[ERROR] WARNING: Using incubator modules: jdk.incubator.foreign, jdk.incubator.vector
[INFO] [INFO] Running org.apache.wicket.extensions.tester.ajax.markup.html.AjaxLazyLoadPanelTest
[ERROR] SLF4J(W): No SLF4J providers were found.
[ERROR] SLF4J(W): Defaulting to no-operation (NOP) logger implementation
[ERROR] SLF4J(W): See https://www.slf4j.org/codes.html#noProviders for further details.
[INFO] [INFO] Tests run: 3, Failures: 0, Errors: 0, Skipped: 0, Time elapsed: 0.317 s -- in org.apache.wicket.extensions.tester.ajax.markup.html.AjaxLazyLoadPanelTest
[INFO] [INFO] Running org.apache.wicket.extensions.tester.AjaxLazyLoadPanelTesterTest
[INFO] [INFO] Tests run: 1, Failures: 0, Errors: 0, Skipped: 0, Time elapsed: 0.026 s -- in org.apache.wicket.extensions.tester.AjaxLazyLoadPanelTesterTest
[INFO] [INFO] 
[INFO] [INFO] Results:
[INFO] [INFO] 
[INFO] [INFO] Tests run: 4, Failures: 0, Errors: 0, Skipped: 0
[INFO] [INFO] 
[INFO] [INFO] 
[INFO] [INFO] --- jar:3.5.0:jar (default-jar) @ wicket-extensions-tester ---
[INFO] [INFO] Set Build-Jdk-Spec based on toolchain in maven-jar-plugin JDK[/usr/lib/jvm/temurin-17-jdk-amd64/]
[INFO] [INFO] Building jar: /home/andrea/WicketBuild/wicket-10.x/target/checkout/wicket-extensions-tester/target/wicket-extensions-tester-10.11.0.jar
[INFO] [INFO] 
[INFO] [INFO] --- assembly:3.7.1:single (source-release-assembly) @ wicket-extensions-tester ---
[INFO] [INFO] Skipping the assembly in this project because it's not the Execution Root
[INFO] [INFO] 
[INFO] [INFO] --- source:3.4.0:jar-no-fork (attach-sources) @ wicket-extensions-tester ---
[INFO] [INFO] Building jar: /home/andrea/WicketBuild/wicket-10.x/target/checkout/wicket-extensions-tester/target/wicket-extensions-tester-10.11.0-sources.jar
[INFO] [INFO] 
[INFO] [INFO] --- javadoc:3.12.0:jar (attach-javadocs) @ wicket-extensions-tester ---
[INFO] [INFO] Toolchain in maven-javadoc-plugin: JDK[/usr/lib/jvm/temurin-17-jdk-amd64/]
[INFO] [INFO] Building jar: /home/andrea/WicketBuild/wicket-10.x/target/checkout/wicket-extensions-tester/target/wicket-extensions-tester-10.11.0-javadoc.jar
[INFO] [INFO] 
[INFO] [INFO] --- checksum:1.11:artifacts (source-release-checksum) @ wicket-extensions-tester ---
[INFO] [INFO] 
[INFO] [INFO] --- japicmp:0.25.4:cmp (default) @ wicket-extensions-tester ---
[INFO] [INFO] Written file '/home/andrea/WicketBuild/wicket-10.x/target/checkout/wicket-extensions-tester/target/japicmp/japicmp.diff'.
[INFO] [INFO] Written file '/home/andrea/WicketBuild/wicket-10.x/target/checkout/wicket-extensions-tester/target/japicmp/japicmp.md'.
[INFO] [INFO] 
[INFO] [INFO] --- gpg:3.2.8:sign (sign-release-artifacts) @ wicket-extensions-tester ---
[INFO] [INFO] Signer 'gpg' is signing 4 files with key default
[INFO] gpg: using "0xD1AE986470B5A49C3E6A27B2878F01FAA8D356E1" as default secret key for signing
[INFO] gpg: using "0xD1AE986470B5A49C3E6A27B2878F01FAA8D356E1" as default secret key for signing
[INFO] gpg: using "0xD1AE986470B5A49C3E6A27B2878F01FAA8D356E1" as default secret key for signing
[INFO] gpg: using "0xD1AE986470B5A49C3E6A27B2878F01FAA8D356E1" as default secret key for signing
[INFO] [INFO] 
[INFO] [INFO] --- install:3.1.4:install (default-install) @ wicket-extensions-tester ---
[INFO] [INFO] Installing /home/andrea/WicketBuild/wicket-10.x/target/checkout/wicket-extensions-tester/pom.xml to /home/andrea/.m2/repository/org/apache/wicket/wicket-extensions-tester/10.11.0/wicket-extensions-tester-10.11.0.pom
[INFO] [INFO] Installing /home/andrea/WicketBuild/wicket-10.x/target/checkout/wicket-extensions-tester/target/wicket-extensions-tester-10.11.0.jar to /home/andrea/.m2/repository/org/apache/wicket/wicket-extensions-tester/10.11.0/wicket-extensions-tester-10.11.0.jar
[INFO] [INFO] Installing /home/andrea/WicketBuild/wicket-10.x/target/checkout/wicket-extensions-tester/target/wicket-extensions-tester-10.11.0-sources.jar to /home/andrea/.m2/repository/org/apache/wicket/wicket-extensions-tester/10.11.0/wicket-extensions-tester-10.11.0-sources.jar
[INFO] [INFO] Installing /home/andrea/WicketBuild/wicket-10.x/target/checkout/wicket-extensions-tester/target/wicket-extensions-tester-10.11.0-javadoc.jar to /home/andrea/.m2/repository/org/apache/wicket/wicket-extensions-tester/10.11.0/wicket-extensions-tester-10.11.0-javadoc.jar
[INFO] [INFO] Installing /home/andrea/WicketBuild/wicket-10.x/target/checkout/wicket-extensions-tester/target/wicket-extensions-tester-10.11.0.jar.asc to /home/andrea/.m2/repository/org/apache/wicket/wicket-extensions-tester/10.11.0/wicket-extensions-tester-10.11.0.jar.asc
[INFO] [INFO] Installing /home/andrea/WicketBuild/wicket-10.x/target/checkout/wicket-extensions-tester/target/wicket-extensions-tester-10.11.0.pom.asc to /home/andrea/.m2/repository/org/apache/wicket/wicket-extensions-tester/10.11.0/wicket-extensions-tester-10.11.0.pom.asc
[INFO] [INFO] Installing /home/andrea/WicketBuild/wicket-10.x/target/checkout/wicket-extensions-tester/target/wicket-extensions-tester-10.11.0-sources.jar.asc to /home/andrea/.m2/repository/org/apache/wicket/wicket-extensions-tester/10.11.0/wicket-extensions-tester-10.11.0-sources.jar.asc
[INFO] [INFO] Installing /home/andrea/WicketBuild/wicket-10.x/target/checkout/wicket-extensions-tester/target/wicket-extensions-tester-10.11.0-javadoc.jar.asc to /home/andrea/.m2/repository/org/apache/wicket/wicket-extensions-tester/10.11.0/wicket-extensions-tester-10.11.0-javadoc.jar.asc
[INFO] [INFO] 
[INFO] [INFO] --- gpg:3.2.8:sign (sign-artifacts) @ wicket-extensions-tester ---
[INFO] [INFO] Signer 'gpg' is signing 4 files with key default
[INFO] gpg: using "0xD1AE986470B5A49C3E6A27B2878F01FAA8D356E1" as default secret key for signing
[INFO] [WARNING] artifact org.apache.wicket:wicket-extensions-tester:jar.asc:10.11.0 already attached, replace previous instance
[INFO] gpg: using "0xD1AE986470B5A49C3E6A27B2878F01FAA8D356E1" as default secret key for signing
[INFO] [WARNING] artifact org.apache.wicket:wicket-extensions-tester:pom.asc:10.11.0 already attached, replace previous instance
[INFO] gpg: using "0xD1AE986470B5A49C3E6A27B2878F01FAA8D356E1" as default secret key for signing
[INFO] [WARNING] artifact org.apache.wicket:wicket-extensions-tester:jar.asc:sources:10.11.0 already attached, replace previous instance
[INFO] gpg: using "0xD1AE986470B5A49C3E6A27B2878F01FAA8D356E1" as default secret key for signing
[INFO] [WARNING] artifact org.apache.wicket:wicket-extensions-tester:jar.asc:javadoc:10.11.0 already attached, replace previous instance
[INFO] [INFO] 
[INFO] [INFO] --- deploy:3.1.4:deploy (default-deploy) @ wicket-extensions-tester ---
[INFO] Uploading to apache.releases.https: https://repository.apache.org/service/local/staging/deploy/maven2/org/apache/wicket/wicket-extensions-tester/10.11.0/wicket-extensions-tester-10.11.0.pom
[INFO] Progress (1): 2.6 kB
[INFO]                     
[INFO] Uploaded to apache.releases.https: https://repository.apache.org/service/local/staging/deploy/maven2/org/apache/wicket/wicket-extensions-tester/10.11.0/wicket-extensions-tester-10.11.0.pom (2.6 kB at 5.0 kB/s)
[INFO] Uploading to apache.releases.https: https://repository.apache.org/service/local/staging/deploy/maven2/org/apache/wicket/wicket-extensions-tester/10.11.0/wicket-extensions-tester-10.11.0.jar
[INFO] Uploading to apache.releases.https: https://repository.apache.org/service/local/staging/deploy/maven2/org/apache/wicket/wicket-extensions-tester/10.11.0/wicket-extensions-tester-10.11.0-sources.jar
[INFO] Uploading to apache.releases.https: https://repository.apache.org/service/local/staging/deploy/maven2/org/apache/wicket/wicket-extensions-tester/10.11.0/wicket-extensions-tester-10.11.0-javadoc.jar
[INFO] Uploading to apache.releases.https: https://repository.apache.org/service/local/staging/deploy/maven2/org/apache/wicket/wicket-extensions-tester/10.11.0/wicket-extensions-tester-10.11.0.jar.asc
[INFO] Uploading to apache.releases.https: https://repository.apache.org/service/local/staging/deploy/maven2/org/apache/wicket/wicket-extensions-tester/10.11.0/wicket-extensions-tester-10.11.0.pom.asc
[INFO] Progress (1): 833 B
[INFO] Progress (2): 833 B | 33/97 kB
[INFO] Progress (2): 833 B | 66/97 kB
[INFO] Progress (2): 833 B | 97 kB   
[INFO] Progress (3): 833 B | 97 kB | 10 kB
[INFO] Progress (4): 833 B | 97 kB | 10 kB | 833 B
[INFO] Progress (5): 833 B | 97 kB | 10 kB | 833 B | 11 kB
[INFO]                                                    
[INFO] Uploaded to apache.releases.https: https://repository.apache.org/service/local/staging/deploy/maven2/org/apache/wicket/wicket-extensions-tester/10.11.0/wicket-extensions-tester-10.11.0.pom.asc (833 B at 5.0 kB/s)
[INFO] Uploading to apache.releases.https: https://repository.apache.org/service/local/staging/deploy/maven2/org/apache/wicket/wicket-extensions-tester/10.11.0/wicket-extensions-tester-10.11.0-sources.jar.asc
[INFO] Uploaded to apache.releases.https: https://repository.apache.org/service/local/staging/deploy/maven2/org/apache/wicket/wicket-extensions-tester/10.11.0/wicket-extensions-tester-10.11.0.jar.asc (833 B at 4.5 kB/s)
[INFO] Uploading to apache.releases.https: https://repository.apache.org/service/local/staging/deploy/maven2/org/apache/wicket/wicket-extensions-tester/10.11.0/wicket-extensions-tester-10.11.0-javadoc.jar.asc
[INFO] Progress (4): 97 kB | 10 kB | 11 kB | 833 B
[INFO] Progress (5): 97 kB | 10 kB | 11 kB | 833 B | 833 B
[INFO]                                                    
[INFO] Uploaded to apache.releases.https: https://repository.apache.org/service/local/staging/deploy/maven2/org/apache/wicket/wicket-extensions-tester/10.11.0/wicket-extensions-tester-10.11.0-sources.jar.asc (833 B at 2.5 kB/s)
[INFO] Uploaded to apache.releases.https: https://repository.apache.org/service/local/staging/deploy/maven2/org/apache/wicket/wicket-extensions-tester/10.11.0/wicket-extensions-tester-10.11.0-javadoc.jar.asc (833 B at 2.2 kB/s)
[INFO] Uploaded to apache.releases.https: https://repository.apache.org/service/local/staging/deploy/maven2/org/apache/wicket/wicket-extensions-tester/10.11.0/wicket-extensions-tester-10.11.0-sources.jar (10 kB at 19 kB/s)
[INFO] Uploaded to apache.releases.https: https://repository.apache.org/service/local/staging/deploy/maven2/org/apache/wicket/wicket-extensions-tester/10.11.0/wicket-extensions-tester-10.11.0.jar (11 kB at 19 kB/s)
[INFO] Uploaded to apache.releases.https: https://repository.apache.org/service/local/staging/deploy/maven2/org/apache/wicket/wicket-extensions-tester/10.11.0/wicket-extensions-tester-10.11.0-javadoc.jar (97 kB at 133 kB/s)
[INFO] Downloading from apache.releases.https: https://repository.apache.org/service/local/staging/deploy/maven2/org/apache/wicket/wicket-extensions-tester/maven-metadata.xml
[INFO] Uploading to apache.releases.https: https://repository.apache.org/service/local/staging/deploy/maven2/org/apache/wicket/wicket-extensions-tester/maven-metadata.xml
[INFO] Progress (1): 325 B
[INFO]                    
[INFO] Uploaded to apache.releases.https: https://repository.apache.org/service/local/staging/deploy/maven2/org/apache/wicket/wicket-extensions-tester/maven-metadata.xml (325 B at 626 B/s)
[INFO] [INFO] 
[INFO] [INFO] ----------< org.apache.wicket:wicket-native-websocket-tester >----------
[INFO] [INFO] Building Wicket Native WebSocket Tester 10.11.0                  [28/32]
[INFO] [INFO]   from wicket-native-websocket/wicket-native-websocket-tester/pom.xml
[INFO] [INFO] --------------------------------[ jar ]---------------------------------
[INFO] [INFO] 
[INFO] [INFO] --- enforcer:3.6.2:enforce (enforce-maven) @ wicket-native-websocket-tester ---
[INFO] [INFO] Rule 1: org.apache.maven.enforcer.rules.dependency.DependencyConvergence passed
[INFO] [INFO] Rule 2: com.github.ferstl.maven.pomenforcers.CompoundPedanticEnforcer(compound) passed
[INFO] [INFO] 
[INFO] [INFO] --- enforcer:3.6.2:enforce (enforce-maven-version) @ wicket-native-websocket-tester ---
[INFO] [INFO] Rule 1: org.apache.maven.enforcer.rules.dependency.DependencyConvergence passed
[INFO] [INFO] Rule 2: com.github.ferstl.maven.pomenforcers.CompoundPedanticEnforcer(compound) passed
[INFO] [INFO] 
[INFO] [INFO] --- enforcer:3.6.2:enforce (enforce-java-version) @ wicket-native-websocket-tester ---
[INFO] [INFO] Rule 1: org.apache.maven.enforcer.rules.dependency.DependencyConvergence passed
[INFO] [INFO] Rule 2: com.github.ferstl.maven.pomenforcers.CompoundPedanticEnforcer(compound) passed
[INFO] [INFO] 
[INFO] [INFO] --- toolchains:3.2.0:toolchain (default) @ wicket-native-websocket-tester ---
[INFO] [INFO] Required toolchain: jdk [ version='17' ]
[INFO] [INFO] Found matching toolchain for type jdk: JDK[/usr/lib/jvm/temurin-17-jdk-amd64/]
[INFO] [INFO] 
[INFO] [INFO] --- remote-resources:3.3.0:process (default) @ wicket-native-websocket-tester ---
[INFO] [INFO] Preparing remote bundle org.apache:apache-jar-resource-bundle:1.4
[INFO] [INFO] Copying 3 resources from 1 bundle.
[INFO] [INFO] 
[INFO] [INFO] --- remote-resources:3.3.0:process (process-resource-bundles) @ wicket-native-websocket-tester ---
[INFO] [INFO] Preparing remote bundle org.apache.apache.resources:apache-jar-resource-bundle:1.7
[INFO] [INFO] Copying 3 resources from 1 bundle.
[INFO] [INFO] 
[INFO] [INFO] --- resources:3.4.0:resources (default-resources) @ wicket-native-websocket-tester ---
[INFO] [INFO] Copying 0 resource from src/main/java to target/classes
[INFO] [INFO] skip non existing resourceDirectory /home/andrea/WicketBuild/wicket-10.x/target/checkout/wicket-native-websocket/wicket-native-websocket-tester/src/main/resources
[INFO] [INFO] skip non existing resourceDirectory /home/andrea/WicketBuild/wicket-10.x/target/checkout/wicket-native-websocket/wicket-native-websocket-tester/target/generated-res
[INFO] [INFO] Copying 3 resources from target/maven-shared-archive-resources to target/classes
[INFO] [INFO] Copying 3 resources from target/maven-shared-archive-resources to target/classes
[INFO] [INFO] 
[INFO] [INFO] --- compiler:3.14.1:compile (default-compile) @ wicket-native-websocket-tester ---
[INFO] [INFO] Toolchain in maven-compiler-plugin: JDK[/usr/lib/jvm/temurin-17-jdk-amd64/]
[INFO] [INFO] Recompiling the module because of changed dependency.
[INFO] [INFO] Compiling 4 source files with javac [forked debug deprecation release 17 module-path] to target/classes
[INFO] [INFO] JDK-8318913 workaround: patched module-info.class requires version from [17.0.20.1] to [17] on 1 JDK modules [java.base]
[INFO] [INFO] 
[INFO] [INFO] --- bundle:6.0.0:manifest (default-bundle) @ wicket-native-websocket-tester ---
[INFO] [INFO] No MANIFEST.MF file found, generating manifest.
[INFO] [WARNING] Manifest org.apache.wicket:wicket-native-websocket-tester:jar:10.11.0 : Unused Export-Package instructions: [org.apache.wicket.protocol.tester*] 
[INFO] [WARNING] Manifest org.apache.wicket:wicket-native-websocket-tester:jar:10.11.0 : Unused Import-Package instructions: [org.slf4j*] 
[INFO] [INFO] Writing manifest: /home/andrea/WicketBuild/wicket-10.x/target/checkout/wicket-native-websocket/wicket-native-websocket-tester/target/classes/META-INF/MANIFEST.MF
[INFO] [INFO] 
[INFO] [INFO] --- resources:3.4.0:testResources (default-testResources) @ wicket-native-websocket-tester ---
[INFO] [INFO] Copying 1 resource from src/test/java to target/test-classes
[INFO] [INFO] Copying 3 resources from target/maven-shared-archive-resources to target/test-classes
[INFO] [INFO] Copying 3 resources from target/maven-shared-archive-resources to target/test-classes
[INFO] [INFO] 
[INFO] [INFO] --- compiler:3.14.1:testCompile (default-testCompile) @ wicket-native-websocket-tester ---
[INFO] [INFO] Toolchain in maven-compiler-plugin: JDK[/usr/lib/jvm/temurin-17-jdk-amd64/]
[INFO] [INFO] Recompiling the module because of changed dependency.
[INFO] [INFO] Compiling 8 source files with javac [forked debug deprecation release 17 module-path] to target/test-classes
[INFO] [INFO] 
[INFO] [INFO] --- surefire:3.5.4:test (default-test) @ wicket-native-websocket-tester ---
[INFO] [INFO] Toolchain in maven-surefire-plugin: JDK[/usr/lib/jvm/temurin-17-jdk-amd64/]
[INFO] [INFO] Using auto detected provider org.apache.maven.surefire.junitplatform.JUnitPlatformProvider
[INFO] [INFO] 
[INFO] [INFO] -------------------------------------------------------
[INFO] [INFO]  T E S T S
[INFO] [INFO] -------------------------------------------------------
[ERROR] WARNING: Using incubator modules: jdk.incubator.vector, jdk.incubator.foreign
[INFO] [INFO] Running org.apache.wicket.protocol.ws.tester.WebSocketTesterRequestCycleListenerTest
[ERROR] SLF4J(W): No SLF4J providers were found.
[ERROR] SLF4J(W): Defaulting to no-operation (NOP) logger implementation
[ERROR] SLF4J(W): See https://www.slf4j.org/codes.html#noProviders for further details.
[INFO] [INFO] Tests run: 1, Failures: 0, Errors: 0, Skipped: 0, Time elapsed: 0.244 s -- in org.apache.wicket.protocol.ws.tester.WebSocketTesterRequestCycleListenerTest
[INFO] [INFO] Running org.apache.wicket.protocol.ws.tester.SendPayloadWithContextTest
[INFO] [INFO] Tests run: 1, Failures: 0, Errors: 0, Skipped: 0, Time elapsed: 0.010 s -- in org.apache.wicket.protocol.ws.tester.SendPayloadWithContextTest
[INFO] [INFO] Running org.apache.wicket.protocol.ws.tester.WebSocketTesterBehaviorTest
[INFO] [INFO] Tests run: 3, Failures: 0, Errors: 0, Skipped: 0, Time elapsed: 0.025 s -- in org.apache.wicket.protocol.ws.tester.WebSocketTesterBehaviorTest
[INFO] [INFO] Running org.apache.wicket.protocol.ws.tester.WebSocketTesterResourceTest
[INFO] [INFO] Tests run: 2, Failures: 0, Errors: 0, Skipped: 0, Time elapsed: 0.020 s -- in org.apache.wicket.protocol.ws.tester.WebSocketTesterResourceTest
[INFO] [INFO] Running org.apache.wicket.protocol.ws.tester.WebSocketTesterProcessorTest
[INFO] [INFO] Tests run: 4, Failures: 0, Errors: 0, Skipped: 0, Time elapsed: 0.022 s -- in org.apache.wicket.protocol.ws.tester.WebSocketTesterProcessorTest
[INFO] [INFO] 
[INFO] [INFO] Results:
[INFO] [INFO] 
[INFO] [INFO] Tests run: 11, Failures: 0, Errors: 0, Skipped: 0
[INFO] [INFO] 
[INFO] [INFO] 
[INFO] [INFO] --- jar:3.5.0:jar (default-jar) @ wicket-native-websocket-tester ---
[INFO] [INFO] Set Build-Jdk-Spec based on toolchain in maven-jar-plugin JDK[/usr/lib/jvm/temurin-17-jdk-amd64/]
[INFO] [INFO] Building jar: /home/andrea/WicketBuild/wicket-10.x/target/checkout/wicket-native-websocket/wicket-native-websocket-tester/target/wicket-native-websocket-tester-10.11.0.jar
[INFO] [INFO] 
[INFO] [INFO] --- assembly:3.7.1:single (source-release-assembly) @ wicket-native-websocket-tester ---
[INFO] [INFO] Skipping the assembly in this project because it's not the Execution Root
[INFO] [INFO] 
[INFO] [INFO] --- source:3.4.0:jar-no-fork (attach-sources) @ wicket-native-websocket-tester ---
[INFO] [INFO] Building jar: /home/andrea/WicketBuild/wicket-10.x/target/checkout/wicket-native-websocket/wicket-native-websocket-tester/target/wicket-native-websocket-tester-10.11.0-sources.jar
[INFO] [INFO] 
[INFO] [INFO] --- javadoc:3.12.0:jar (attach-javadocs) @ wicket-native-websocket-tester ---
[INFO] [INFO] Toolchain in maven-javadoc-plugin: JDK[/usr/lib/jvm/temurin-17-jdk-amd64/]
[INFO] [INFO] Building jar: /home/andrea/WicketBuild/wicket-10.x/target/checkout/wicket-native-websocket/wicket-native-websocket-tester/target/wicket-native-websocket-tester-10.11.0-javadoc.jar
[INFO] [INFO] 
[INFO] [INFO] --- checksum:1.11:artifacts (source-release-checksum) @ wicket-native-websocket-tester ---
[INFO] [INFO] 
[INFO] [INFO] --- japicmp:0.25.4:cmp (default) @ wicket-native-websocket-tester ---
[INFO] [INFO] Written file '/home/andrea/WicketBuild/wicket-10.x/target/checkout/wicket-native-websocket/wicket-native-websocket-tester/target/japicmp/japicmp.diff'.
[INFO] [INFO] Written file '/home/andrea/WicketBuild/wicket-10.x/target/checkout/wicket-native-websocket/wicket-native-websocket-tester/target/japicmp/japicmp.md'.
[INFO] [INFO] 
[INFO] [INFO] --- gpg:3.2.8:sign (sign-release-artifacts) @ wicket-native-websocket-tester ---
[INFO] [INFO] Signer 'gpg' is signing 4 files with key default
[INFO] gpg: using "0xD1AE986470B5A49C3E6A27B2878F01FAA8D356E1" as default secret key for signing
[INFO] gpg: using "0xD1AE986470B5A49C3E6A27B2878F01FAA8D356E1" as default secret key for signing
[INFO] gpg: using "0xD1AE986470B5A49C3E6A27B2878F01FAA8D356E1" as default secret key for signing
[INFO] gpg: using "0xD1AE986470B5A49C3E6A27B2878F01FAA8D356E1" as default secret key for signing
[INFO] [INFO] 
[INFO] [INFO] --- install:3.1.4:install (default-install) @ wicket-native-websocket-tester ---
[INFO] [INFO] Installing /home/andrea/WicketBuild/wicket-10.x/target/checkout/wicket-native-websocket/wicket-native-websocket-tester/pom.xml to /home/andrea/.m2/repository/org/apache/wicket/wicket-native-websocket-tester/10.11.0/wicket-native-websocket-tester-10.11.0.pom
[INFO] [INFO] Installing /home/andrea/WicketBuild/wicket-10.x/target/checkout/wicket-native-websocket/wicket-native-websocket-tester/target/wicket-native-websocket-tester-10.11.0.jar to /home/andrea/.m2/repository/org/apache/wicket/wicket-native-websocket-tester/10.11.0/wicket-native-websocket-tester-10.11.0.jar
[INFO] [INFO] Installing /home/andrea/WicketBuild/wicket-10.x/target/checkout/wicket-native-websocket/wicket-native-websocket-tester/target/wicket-native-websocket-tester-10.11.0-sources.jar to /home/andrea/.m2/repository/org/apache/wicket/wicket-native-websocket-tester/10.11.0/wicket-native-websocket-tester-10.11.0-sources.jar
[INFO] [INFO] Installing /home/andrea/WicketBuild/wicket-10.x/target/checkout/wicket-native-websocket/wicket-native-websocket-tester/target/wicket-native-websocket-tester-10.11.0-javadoc.jar to /home/andrea/.m2/repository/org/apache/wicket/wicket-native-websocket-tester/10.11.0/wicket-native-websocket-tester-10.11.0-javadoc.jar
[INFO] [INFO] Installing /home/andrea/WicketBuild/wicket-10.x/target/checkout/wicket-native-websocket/wicket-native-websocket-tester/target/wicket-native-websocket-tester-10.11.0.jar.asc to /home/andrea/.m2/repository/org/apache/wicket/wicket-native-websocket-tester/10.11.0/wicket-native-websocket-tester-10.11.0.jar.asc
[INFO] [INFO] Installing /home/andrea/WicketBuild/wicket-10.x/target/checkout/wicket-native-websocket/wicket-native-websocket-tester/target/wicket-native-websocket-tester-10.11.0.pom.asc to /home/andrea/.m2/repository/org/apache/wicket/wicket-native-websocket-tester/10.11.0/wicket-native-websocket-tester-10.11.0.pom.asc
[INFO] [INFO] Installing /home/andrea/WicketBuild/wicket-10.x/target/checkout/wicket-native-websocket/wicket-native-websocket-tester/target/wicket-native-websocket-tester-10.11.0-sources.jar.asc to /home/andrea/.m2/repository/org/apache/wicket/wicket-native-websocket-tester/10.11.0/wicket-native-websocket-tester-10.11.0-sources.jar.asc
[INFO] [INFO] Installing /home/andrea/WicketBuild/wicket-10.x/target/checkout/wicket-native-websocket/wicket-native-websocket-tester/target/wicket-native-websocket-tester-10.11.0-javadoc.jar.asc to /home/andrea/.m2/repository/org/apache/wicket/wicket-native-websocket-tester/10.11.0/wicket-native-websocket-tester-10.11.0-javadoc.jar.asc
[INFO] [INFO] 
[INFO] [INFO] --- gpg:3.2.8:sign (sign-artifacts) @ wicket-native-websocket-tester ---
[INFO] [INFO] Signer 'gpg' is signing 4 files with key default
[INFO] gpg: using "0xD1AE986470B5A49C3E6A27B2878F01FAA8D356E1" as default secret key for signing
[INFO] [WARNING] artifact org.apache.wicket:wicket-native-websocket-tester:jar.asc:10.11.0 already attached, replace previous instance
[INFO] gpg: using "0xD1AE986470B5A49C3E6A27B2878F01FAA8D356E1" as default secret key for signing
[INFO] [WARNING] artifact org.apache.wicket:wicket-native-websocket-tester:pom.asc:10.11.0 already attached, replace previous instance
[INFO] gpg: using "0xD1AE986470B5A49C3E6A27B2878F01FAA8D356E1" as default secret key for signing
[INFO] [WARNING] artifact org.apache.wicket:wicket-native-websocket-tester:jar.asc:sources:10.11.0 already attached, replace previous instance
[INFO] gpg: using "0xD1AE986470B5A49C3E6A27B2878F01FAA8D356E1" as default secret key for signing
[INFO] [WARNING] artifact org.apache.wicket:wicket-native-websocket-tester:jar.asc:javadoc:10.11.0 already attached, replace previous instance
[INFO] [INFO] 
[INFO] [INFO] --- deploy:3.1.4:deploy (default-deploy) @ wicket-native-websocket-tester ---
[INFO] Uploading to apache.releases.https: https://repository.apache.org/service/local/staging/deploy/maven2/org/apache/wicket/wicket-native-websocket-tester/10.11.0/wicket-native-websocket-tester-10.11.0.pom
[INFO] Progress (1): 2.5 kB
[INFO]                     
[INFO] Uploaded to apache.releases.https: https://repository.apache.org/service/local/staging/deploy/maven2/org/apache/wicket/wicket-native-websocket-tester/10.11.0/wicket-native-websocket-tester-10.11.0.pom (2.5 kB at 4.7 kB/s)
[INFO] Uploading to apache.releases.https: https://repository.apache.org/service/local/staging/deploy/maven2/org/apache/wicket/wicket-native-websocket-tester/10.11.0/wicket-native-websocket-tester-10.11.0.jar
[INFO] Uploading to apache.releases.https: https://repository.apache.org/service/local/staging/deploy/maven2/org/apache/wicket/wicket-native-websocket-tester/10.11.0/wicket-native-websocket-tester-10.11.0-sources.jar
[INFO] Uploading to apache.releases.https: https://repository.apache.org/service/local/staging/deploy/maven2/org/apache/wicket/wicket-native-websocket-tester/10.11.0/wicket-native-websocket-tester-10.11.0-javadoc.jar
[INFO] Uploading to apache.releases.https: https://repository.apache.org/service/local/staging/deploy/maven2/org/apache/wicket/wicket-native-websocket-tester/10.11.0/wicket-native-websocket-tester-10.11.0.jar.asc
[INFO] Uploading to apache.releases.https: https://repository.apache.org/service/local/staging/deploy/maven2/org/apache/wicket/wicket-native-websocket-tester/10.11.0/wicket-native-websocket-tester-10.11.0.pom.asc
[INFO] Progress (1): 833 B
[INFO] Progress (2): 833 B | 833 B
[INFO] Progress (3): 833 B | 833 B | 17 kB
[INFO] Progress (4): 833 B | 833 B | 17 kB | 14 kB
[INFO] Progress (5): 833 B | 833 B | 17 kB | 14 kB | 33/100 kB
[INFO] Progress (5): 833 B | 833 B | 17 kB | 14 kB | 66/100 kB
[INFO] Progress (5): 833 B | 833 B | 17 kB | 14 kB | 98/100 kB
[INFO] Progress (5): 833 B | 833 B | 17 kB | 14 kB | 100 kB   
[INFO]                                                     
[INFO] Uploaded to apache.releases.https: https://repository.apache.org/service/local/staging/deploy/maven2/org/apache/wicket/wicket-native-websocket-tester/10.11.0/wicket-native-websocket-tester-10.11.0.pom.asc (833 B at 4.7 kB/s)
[INFO] Uploading to apache.releases.https: https://repository.apache.org/service/local/staging/deploy/maven2/org/apache/wicket/wicket-native-websocket-tester/10.11.0/wicket-native-websocket-tester-10.11.0-sources.jar.asc
[INFO] Uploaded to apache.releases.https: https://repository.apache.org/service/local/staging/deploy/maven2/org/apache/wicket/wicket-native-websocket-tester/10.11.0/wicket-native-websocket-tester-10.11.0.jar.asc (833 B at 4.6 kB/s)
[INFO] Uploading to apache.releases.https: https://repository.apache.org/service/local/staging/deploy/maven2/org/apache/wicket/wicket-native-websocket-tester/10.11.0/wicket-native-websocket-tester-10.11.0-javadoc.jar.asc
[INFO] Progress (4): 17 kB | 14 kB | 100 kB | 833 B
[INFO] Progress (5): 17 kB | 14 kB | 100 kB | 833 B | 833 B
[INFO]                                                     
[INFO] Uploaded to apache.releases.https: https://repository.apache.org/service/local/staging/deploy/maven2/org/apache/wicket/wicket-native-websocket-tester/10.11.0/wicket-native-websocket-tester-10.11.0-sources.jar.asc (833 B at 2.4 kB/s)
[INFO] Uploaded to apache.releases.https: https://repository.apache.org/service/local/staging/deploy/maven2/org/apache/wicket/wicket-native-websocket-tester/10.11.0/wicket-native-websocket-tester-10.11.0-javadoc.jar.asc (833 B at 2.3 kB/s)
[INFO] Uploaded to apache.releases.https: https://repository.apache.org/service/local/staging/deploy/maven2/org/apache/wicket/wicket-native-websocket-tester/10.11.0/wicket-native-websocket-tester-10.11.0-sources.jar (14 kB at 25 kB/s)
[INFO] Uploaded to apache.releases.https: https://repository.apache.org/service/local/staging/deploy/maven2/org/apache/wicket/wicket-native-websocket-tester/10.11.0/wicket-native-websocket-tester-10.11.0.jar (17 kB at 27 kB/s)
[INFO] Uploaded to apache.releases.https: https://repository.apache.org/service/local/staging/deploy/maven2/org/apache/wicket/wicket-native-websocket-tester/10.11.0/wicket-native-websocket-tester-10.11.0-javadoc.jar (100 kB at 128 kB/s)
[INFO] Downloading from apache.releases.https: https://repository.apache.org/service/local/staging/deploy/maven2/org/apache/wicket/wicket-native-websocket-tester/maven-metadata.xml
[INFO] Uploading to apache.releases.https: https://repository.apache.org/service/local/staging/deploy/maven2/org/apache/wicket/wicket-native-websocket-tester/maven-metadata.xml
[INFO] Progress (1): 331 B
[INFO]                    
[INFO] Uploaded to apache.releases.https: https://repository.apache.org/service/local/staging/deploy/maven2/org/apache/wicket/wicket-native-websocket-tester/maven-metadata.xml (331 B at 462 B/s)
[INFO] [INFO] 
[INFO] [INFO] ---------------< org.apache.wicket:wicket-common-tests >----------------
[INFO] [INFO] Building Wicket Common Tests 10.11.0                             [29/32]
[INFO] [INFO]   from testing/wicket-common-tests/pom.xml
[INFO] [INFO] --------------------------------[ jar ]---------------------------------
[INFO] [INFO] 
[INFO] [INFO] --- enforcer:3.6.2:enforce (enforce-maven) @ wicket-common-tests ---
[INFO] [INFO] Rule 1: org.apache.maven.enforcer.rules.dependency.DependencyConvergence passed
[INFO] [INFO] Rule 2: com.github.ferstl.maven.pomenforcers.CompoundPedanticEnforcer(compound) passed
[INFO] [INFO] 
[INFO] [INFO] --- enforcer:3.6.2:enforce (enforce-maven-version) @ wicket-common-tests ---
[INFO] [INFO] Rule 1: org.apache.maven.enforcer.rules.dependency.DependencyConvergence passed
[INFO] [INFO] Rule 2: com.github.ferstl.maven.pomenforcers.CompoundPedanticEnforcer(compound) passed
[INFO] [INFO] 
[INFO] [INFO] --- enforcer:3.6.2:enforce (enforce-java-version) @ wicket-common-tests ---
[INFO] [INFO] Rule 1: org.apache.maven.enforcer.rules.dependency.DependencyConvergence passed
[INFO] [INFO] Rule 2: com.github.ferstl.maven.pomenforcers.CompoundPedanticEnforcer(compound) passed
[INFO] [INFO] 
[INFO] [INFO] --- toolchains:3.2.0:toolchain (default) @ wicket-common-tests ---
[INFO] [INFO] Required toolchain: jdk [ version='17' ]
[INFO] [INFO] Found matching toolchain for type jdk: JDK[/usr/lib/jvm/temurin-17-jdk-amd64/]
[INFO] [INFO] 
[INFO] [INFO] --- remote-resources:3.3.0:process (default) @ wicket-common-tests ---
[INFO] [INFO] Preparing remote bundle org.apache:apache-jar-resource-bundle:1.4
[INFO] [INFO] Copying 3 resources from 1 bundle.
[INFO] [INFO] 
[INFO] [INFO] --- remote-resources:3.3.0:process (process-resource-bundles) @ wicket-common-tests ---
[INFO] [INFO] Preparing remote bundle org.apache.apache.resources:apache-jar-resource-bundle:1.7
[INFO] [INFO] Copying 3 resources from 1 bundle.
[INFO] [INFO] 
[INFO] [INFO] --- resources:3.4.0:resources (default-resources) @ wicket-common-tests ---
[INFO] [INFO] skip non existing resourceDirectory /home/andrea/WicketBuild/wicket-10.x/target/checkout/testing/wicket-common-tests/src/main/java
[INFO] [INFO] skip non existing resourceDirectory /home/andrea/WicketBuild/wicket-10.x/target/checkout/testing/wicket-common-tests/src/main/resources
[INFO] [INFO] skip non existing resourceDirectory /home/andrea/WicketBuild/wicket-10.x/target/checkout/testing/wicket-common-tests/target/generated-res
[INFO] [INFO] Copying 3 resources from target/maven-shared-archive-resources to target/classes
[INFO] [INFO] Copying 3 resources from target/maven-shared-archive-resources to target/classes
[INFO] [INFO] 
[INFO] [INFO] --- compiler:3.14.1:compile (default-compile) @ wicket-common-tests ---
[INFO] [INFO] Toolchain in maven-compiler-plugin: JDK[/usr/lib/jvm/temurin-17-jdk-amd64/]
[INFO] [INFO] No sources to compile
[INFO] [INFO] 
[INFO] [INFO] --- bundle:6.0.0:manifest (default-bundle) @ wicket-common-tests ---
[INFO] [INFO] No MANIFEST.MF file found, generating manifest.
[INFO] [INFO] Writing manifest: /home/andrea/WicketBuild/wicket-10.x/target/checkout/testing/wicket-common-tests/target/classes/META-INF/MANIFEST.MF
[INFO] [INFO] 
[INFO] [INFO] --- resources:3.4.0:testResources (default-testResources) @ wicket-common-tests ---
[INFO] [INFO] Copying 0 resource from src/test/java to target/test-classes
[INFO] [INFO] Copying 3 resources from target/maven-shared-archive-resources to target/test-classes
[INFO] [INFO] Copying 3 resources from target/maven-shared-archive-resources to target/test-classes
[INFO] [INFO] 
[INFO] [INFO] --- compiler:3.14.1:testCompile (default-testCompile) @ wicket-common-tests ---
[INFO] [INFO] Toolchain in maven-compiler-plugin: JDK[/usr/lib/jvm/temurin-17-jdk-amd64/]
[INFO] [INFO] Recompiling the module because of changed dependency.
[INFO] [INFO] Compiling 1 source file with javac [forked debug deprecation release 17] to target/test-classes
[INFO] [INFO] 
[INFO] [INFO] --- surefire:3.5.4:test (default-test) @ wicket-common-tests ---
[INFO] [INFO] Toolchain in maven-surefire-plugin: JDK[/usr/lib/jvm/temurin-17-jdk-amd64/]
[INFO] [INFO] Using auto detected provider org.apache.maven.surefire.junitplatform.JUnitPlatformProvider
[INFO] [INFO] 
[INFO] [INFO] -------------------------------------------------------
[INFO] [INFO]  T E S T S
[INFO] [INFO] -------------------------------------------------------
[ERROR] WARNING: Using incubator modules: jdk.incubator.foreign, jdk.incubator.vector
[INFO] [INFO] Running org.apache.wicket.osgi.OsgiClashingPackagesTest
[INFO] [INFO] Tests run: 1, Failures: 0, Errors: 0, Skipped: 0, Time elapsed: 0.050 s -- in org.apache.wicket.osgi.OsgiClashingPackagesTest
[INFO] [INFO] 
[INFO] [INFO] Results:
[INFO] [INFO] 
[INFO] [INFO] Tests run: 1, Failures: 0, Errors: 0, Skipped: 0
[INFO] [INFO] 
[INFO] [INFO] 
[INFO] [INFO] --- jar:3.5.0:jar (default-jar) @ wicket-common-tests ---
[INFO] [INFO] Set Build-Jdk-Spec based on toolchain in maven-jar-plugin JDK[/usr/lib/jvm/temurin-17-jdk-amd64/]
[INFO] [INFO] Building jar: /home/andrea/WicketBuild/wicket-10.x/target/checkout/testing/wicket-common-tests/target/wicket-common-tests-10.11.0.jar
[INFO] [INFO] 
[INFO] [INFO] --- assembly:3.7.1:single (source-release-assembly) @ wicket-common-tests ---
[INFO] [INFO] Skipping the assembly in this project because it's not the Execution Root
[INFO] [INFO] 
[INFO] [INFO] --- source:3.4.0:jar-no-fork (attach-sources) @ wicket-common-tests ---
[INFO] [INFO] Building jar: /home/andrea/WicketBuild/wicket-10.x/target/checkout/testing/wicket-common-tests/target/wicket-common-tests-10.11.0-sources.jar
[INFO] [INFO] 
[INFO] [INFO] --- javadoc:3.12.0:jar (attach-javadocs) @ wicket-common-tests ---
[INFO] [INFO] No Javadoc in project. Archive not created.
[INFO] [INFO] 
[INFO] [INFO] --- checksum:1.11:artifacts (source-release-checksum) @ wicket-common-tests ---
[INFO] [INFO] 
[INFO] [INFO] --- japicmp:0.25.4:cmp (default) @ wicket-common-tests ---
[INFO] [INFO] japicmp skipped.
[INFO] [INFO] 
[INFO] [INFO] --- gpg:3.2.8:sign (sign-release-artifacts) @ wicket-common-tests ---
[INFO] [INFO] Signer 'gpg' is signing 3 files with key default
[INFO] gpg: using "0xD1AE986470B5A49C3E6A27B2878F01FAA8D356E1" as default secret key for signing
[INFO] gpg: using "0xD1AE986470B5A49C3E6A27B2878F01FAA8D356E1" as default secret key for signing
[INFO] gpg: using "0xD1AE986470B5A49C3E6A27B2878F01FAA8D356E1" as default secret key for signing
[INFO] [INFO] 
[INFO] [INFO] --- install:3.1.4:install (default-install) @ wicket-common-tests ---
[INFO] [INFO] Installing /home/andrea/WicketBuild/wicket-10.x/target/checkout/testing/wicket-common-tests/pom.xml to /home/andrea/.m2/repository/org/apache/wicket/wicket-common-tests/10.11.0/wicket-common-tests-10.11.0.pom
[INFO] [INFO] Installing /home/andrea/WicketBuild/wicket-10.x/target/checkout/testing/wicket-common-tests/target/wicket-common-tests-10.11.0.jar to /home/andrea/.m2/repository/org/apache/wicket/wicket-common-tests/10.11.0/wicket-common-tests-10.11.0.jar
[INFO] [INFO] Installing /home/andrea/WicketBuild/wicket-10.x/target/checkout/testing/wicket-common-tests/target/wicket-common-tests-10.11.0-sources.jar to /home/andrea/.m2/repository/org/apache/wicket/wicket-common-tests/10.11.0/wicket-common-tests-10.11.0-sources.jar
[INFO] [INFO] Installing /home/andrea/WicketBuild/wicket-10.x/target/checkout/testing/wicket-common-tests/target/wicket-common-tests-10.11.0.jar.asc to /home/andrea/.m2/repository/org/apache/wicket/wicket-common-tests/10.11.0/wicket-common-tests-10.11.0.jar.asc
[INFO] [INFO] Installing /home/andrea/WicketBuild/wicket-10.x/target/checkout/testing/wicket-common-tests/target/wicket-common-tests-10.11.0.pom.asc to /home/andrea/.m2/repository/org/apache/wicket/wicket-common-tests/10.11.0/wicket-common-tests-10.11.0.pom.asc
[INFO] [INFO] Installing /home/andrea/WicketBuild/wicket-10.x/target/checkout/testing/wicket-common-tests/target/wicket-common-tests-10.11.0-sources.jar.asc to /home/andrea/.m2/repository/org/apache/wicket/wicket-common-tests/10.11.0/wicket-common-tests-10.11.0-sources.jar.asc
[INFO] [INFO] 
[INFO] [INFO] --- gpg:3.2.8:sign (sign-artifacts) @ wicket-common-tests ---
[INFO] [INFO] Signer 'gpg' is signing 3 files with key default
[INFO] gpg: using "0xD1AE986470B5A49C3E6A27B2878F01FAA8D356E1" as default secret key for signing
[INFO] [WARNING] artifact org.apache.wicket:wicket-common-tests:jar.asc:10.11.0 already attached, replace previous instance
[INFO] gpg: using "0xD1AE986470B5A49C3E6A27B2878F01FAA8D356E1" as default secret key for signing
[INFO] [WARNING] artifact org.apache.wicket:wicket-common-tests:pom.asc:10.11.0 already attached, replace previous instance
[INFO] gpg: using "0xD1AE986470B5A49C3E6A27B2878F01FAA8D356E1" as default secret key for signing
[INFO] [WARNING] artifact org.apache.wicket:wicket-common-tests:jar.asc:sources:10.11.0 already attached, replace previous instance
[INFO] [INFO] 
[INFO] [INFO] --- deploy:3.1.4:deploy (default-deploy) @ wicket-common-tests ---
[INFO] [INFO] Skipping artifact deployment
[INFO] [INFO] 
[INFO] [INFO] -----------------< org.apache.wicket:wicket-js-tests >------------------
[INFO] [INFO] Building Wicket JavaScript Tests 10.11.0                         [30/32]
[INFO] [INFO]   from testing/wicket-js-tests/pom.xml
[INFO] [INFO] --------------------------------[ jar ]---------------------------------
[INFO] [INFO] 
[INFO] [INFO] --- enforcer:3.6.2:enforce (enforce-maven) @ wicket-js-tests ---
[INFO] [INFO] Rule 1: org.apache.maven.enforcer.rules.dependency.DependencyConvergence passed
[INFO] [INFO] Rule 2: com.github.ferstl.maven.pomenforcers.CompoundPedanticEnforcer(compound) passed
[INFO] [INFO] 
[INFO] [INFO] --- enforcer:3.6.2:enforce (enforce-maven-version) @ wicket-js-tests ---
[INFO] [INFO] Rule 1: org.apache.maven.enforcer.rules.dependency.DependencyConvergence passed
[INFO] [INFO] Rule 2: com.github.ferstl.maven.pomenforcers.CompoundPedanticEnforcer(compound) passed
[INFO] [INFO] 
[INFO] [INFO] --- enforcer:3.6.2:enforce (enforce-java-version) @ wicket-js-tests ---
[INFO] [INFO] Rule 1: org.apache.maven.enforcer.rules.dependency.DependencyConvergence passed
[INFO] [INFO] Rule 2: com.github.ferstl.maven.pomenforcers.CompoundPedanticEnforcer(compound) passed
[INFO] [INFO] 
[INFO] [INFO] --- toolchains:3.2.0:toolchain (default) @ wicket-js-tests ---
[INFO] [INFO] Required toolchain: jdk [ version='17' ]
[INFO] [INFO] Found matching toolchain for type jdk: JDK[/usr/lib/jvm/temurin-17-jdk-amd64/]
[INFO] [INFO] 
[INFO] [INFO] --- remote-resources:3.3.0:process (default) @ wicket-js-tests ---
[INFO] [INFO] Preparing remote bundle org.apache:apache-jar-resource-bundle:1.4
[INFO] [INFO] Copying 3 resources from 1 bundle.
[INFO] [INFO] 
[INFO] [INFO] --- remote-resources:3.3.0:process (process-resource-bundles) @ wicket-js-tests ---
[INFO] [INFO] Preparing remote bundle org.apache.apache.resources:apache-jar-resource-bundle:1.7
[INFO] [INFO] Copying 3 resources from 1 bundle.
[INFO] [INFO] 
[INFO] [INFO] --- resources:3.4.0:resources (default-resources) @ wicket-js-tests ---
[INFO] [INFO] skip non existing resourceDirectory /home/andrea/WicketBuild/wicket-10.x/target/checkout/testing/wicket-js-tests/src/main/java
[INFO] [INFO] skip non existing resourceDirectory /home/andrea/WicketBuild/wicket-10.x/target/checkout/testing/wicket-js-tests/src/main/resources
[INFO] [INFO] skip non existing resourceDirectory /home/andrea/WicketBuild/wicket-10.x/target/checkout/testing/wicket-js-tests/target/generated-res
[INFO] [INFO] Copying 3 resources from target/maven-shared-archive-resources to target/classes
[INFO] [INFO] Copying 3 resources from target/maven-shared-archive-resources to target/classes
[INFO] [INFO] 
[INFO] [INFO] --- compiler:3.14.1:compile (default-compile) @ wicket-js-tests ---
[INFO] [INFO] Toolchain in maven-compiler-plugin: JDK[/usr/lib/jvm/temurin-17-jdk-amd64/]
[INFO] [INFO] No sources to compile
[INFO] [INFO] 
[INFO] [INFO] --- bundle:6.0.0:manifest (default-bundle) @ wicket-js-tests ---
[INFO] [INFO] No MANIFEST.MF file found, generating manifest.
[INFO] [INFO] Writing manifest: /home/andrea/WicketBuild/wicket-10.x/target/checkout/testing/wicket-js-tests/target/classes/META-INF/MANIFEST.MF
[INFO] [INFO] 
[INFO] [INFO] --- resources:3.4.0:testResources (default-testResources) @ wicket-js-tests ---
[INFO] [INFO] Copying 0 resource from src/test/java to target/test-classes
[INFO] [INFO] Copying 3 resources from target/maven-shared-archive-resources to target/test-classes
[INFO] [INFO] Copying 3 resources from target/maven-shared-archive-resources to target/test-classes
[INFO] [INFO] 
[INFO] [INFO] --- compiler:3.14.1:testCompile (default-testCompile) @ wicket-js-tests ---
[INFO] [INFO] Toolchain in maven-compiler-plugin: JDK[/usr/lib/jvm/temurin-17-jdk-amd64/]
[INFO] [INFO] Recompiling the module because of changed source code.
[INFO] [INFO] Compiling 1 source file with javac [forked debug deprecation release 17] to target/test-classes
[INFO] [INFO] 
[INFO] [INFO] --- surefire:3.5.4:test (default-test) @ wicket-js-tests ---
[INFO] [INFO] Tests are skipped.
[INFO] [INFO] 
[INFO] [INFO] --- jar:3.5.0:jar (default-jar) @ wicket-js-tests ---
[INFO] [INFO] Set Build-Jdk-Spec based on toolchain in maven-jar-plugin JDK[/usr/lib/jvm/temurin-17-jdk-amd64/]
[INFO] [INFO] Building jar: /home/andrea/WicketBuild/wicket-10.x/target/checkout/testing/wicket-js-tests/target/wicket-js-tests-10.11.0.jar
[INFO] [INFO] 
[INFO] [INFO] --- assembly:3.7.1:single (source-release-assembly) @ wicket-js-tests ---
[INFO] [INFO] Skipping the assembly in this project because it's not the Execution Root
[INFO] [INFO] 
[INFO] [INFO] --- source:3.4.0:jar-no-fork (attach-sources) @ wicket-js-tests ---
[INFO] [INFO] Building jar: /home/andrea/WicketBuild/wicket-10.x/target/checkout/testing/wicket-js-tests/target/wicket-js-tests-10.11.0-sources.jar
[INFO] [INFO] 
[INFO] [INFO] --- javadoc:3.12.0:jar (attach-javadocs) @ wicket-js-tests ---
[INFO] [INFO] No Javadoc in project. Archive not created.
[INFO] [INFO] 
[INFO] [INFO] --- checksum:1.11:artifacts (source-release-checksum) @ wicket-js-tests ---
[INFO] [INFO] 
[INFO] [INFO] --- japicmp:0.25.4:cmp (default) @ wicket-js-tests ---
[INFO] [INFO] japicmp skipped.
[INFO] [INFO] 
[INFO] [INFO] --- gpg:3.2.8:sign (sign-release-artifacts) @ wicket-js-tests ---
[INFO] [INFO] Signer 'gpg' is signing 3 files with key default
[INFO] gpg: using "0xD1AE986470B5A49C3E6A27B2878F01FAA8D356E1" as default secret key for signing
[INFO] gpg: using "0xD1AE986470B5A49C3E6A27B2878F01FAA8D356E1" as default secret key for signing
[INFO] gpg: using "0xD1AE986470B5A49C3E6A27B2878F01FAA8D356E1" as default secret key for signing
[INFO] [INFO] 
[INFO] [INFO] --- install:3.1.4:install (default-install) @ wicket-js-tests ---
[INFO] [INFO] Installing /home/andrea/WicketBuild/wicket-10.x/target/checkout/testing/wicket-js-tests/pom.xml to /home/andrea/.m2/repository/org/apache/wicket/wicket-js-tests/10.11.0/wicket-js-tests-10.11.0.pom
[INFO] [INFO] Installing /home/andrea/WicketBuild/wicket-10.x/target/checkout/testing/wicket-js-tests/target/wicket-js-tests-10.11.0.jar to /home/andrea/.m2/repository/org/apache/wicket/wicket-js-tests/10.11.0/wicket-js-tests-10.11.0.jar
[INFO] [INFO] Installing /home/andrea/WicketBuild/wicket-10.x/target/checkout/testing/wicket-js-tests/target/wicket-js-tests-10.11.0-sources.jar to /home/andrea/.m2/repository/org/apache/wicket/wicket-js-tests/10.11.0/wicket-js-tests-10.11.0-sources.jar
[INFO] [INFO] Installing /home/andrea/WicketBuild/wicket-10.x/target/checkout/testing/wicket-js-tests/target/wicket-js-tests-10.11.0.jar.asc to /home/andrea/.m2/repository/org/apache/wicket/wicket-js-tests/10.11.0/wicket-js-tests-10.11.0.jar.asc
[INFO] [INFO] Installing /home/andrea/WicketBuild/wicket-10.x/target/checkout/testing/wicket-js-tests/target/wicket-js-tests-10.11.0.pom.asc to /home/andrea/.m2/repository/org/apache/wicket/wicket-js-tests/10.11.0/wicket-js-tests-10.11.0.pom.asc
[INFO] [INFO] Installing /home/andrea/WicketBuild/wicket-10.x/target/checkout/testing/wicket-js-tests/target/wicket-js-tests-10.11.0-sources.jar.asc to /home/andrea/.m2/repository/org/apache/wicket/wicket-js-tests/10.11.0/wicket-js-tests-10.11.0-sources.jar.asc
[INFO] [INFO] 
[INFO] [INFO] --- gpg:3.2.8:sign (sign-artifacts) @ wicket-js-tests ---
[INFO] [INFO] Signer 'gpg' is signing 3 files with key default
[INFO] gpg: using "0xD1AE986470B5A49C3E6A27B2878F01FAA8D356E1" as default secret key for signing
[INFO] [WARNING] artifact org.apache.wicket:wicket-js-tests:jar.asc:10.11.0 already attached, replace previous instance
[INFO] gpg: using "0xD1AE986470B5A49C3E6A27B2878F01FAA8D356E1" as default secret key for signing
[INFO] [WARNING] artifact org.apache.wicket:wicket-js-tests:pom.asc:10.11.0 already attached, replace previous instance
[INFO] gpg: using "0xD1AE986470B5A49C3E6A27B2878F01FAA8D356E1" as default secret key for signing
[INFO] [WARNING] artifact org.apache.wicket:wicket-js-tests:jar.asc:sources:10.11.0 already attached, replace previous instance
[INFO] [INFO] 
[INFO] [INFO] --- deploy:3.1.4:deploy (default-deploy) @ wicket-js-tests ---
[INFO] [INFO] Skipping artifact deployment
[INFO] [INFO] 
[INFO] [INFO] ----------------< org.apache.wicket:wicket-user-guide >-----------------
[INFO] [INFO] Building Wicket User Guide 10.11.0                               [31/32]
[INFO] [INFO]   from wicket-user-guide/pom.xml
[INFO] [INFO] --------------------------------[ jar ]---------------------------------
[INFO] [INFO] 
[INFO] [INFO] --- enforcer:3.6.2:enforce (enforce-maven) @ wicket-user-guide ---
[INFO] [INFO] Skipping Rule Enforcement.
[INFO] [INFO] 
[INFO] [INFO] --- enforcer:3.6.2:enforce (enforce-maven-version) @ wicket-user-guide ---
[INFO] [INFO] Skipping Rule Enforcement.
[INFO] [INFO] 
[INFO] [INFO] --- enforcer:3.6.2:enforce (enforce-java-version) @ wicket-user-guide ---
[INFO] [INFO] Skipping Rule Enforcement.
[INFO] [INFO] 
[INFO] [INFO] --- toolchains:3.2.0:toolchain (default) @ wicket-user-guide ---
[INFO] [INFO] Required toolchain: jdk [ version='17' ]
[INFO] [INFO] Found matching toolchain for type jdk: JDK[/usr/lib/jvm/temurin-17-jdk-amd64/]
[INFO] [INFO] 
[INFO] [INFO] --- remote-resources:3.3.0:process (default) @ wicket-user-guide ---
[INFO] [INFO] Preparing remote bundle org.apache:apache-jar-resource-bundle:1.4
[INFO] [INFO] Copying 3 resources from 1 bundle.
[INFO] [INFO] 
[INFO] [INFO] --- remote-resources:3.3.0:process (process-resource-bundles) @ wicket-user-guide ---
[INFO] [INFO] Preparing remote bundle org.apache.apache.resources:apache-jar-resource-bundle:1.7
[INFO] [INFO] Copying 3 resources from 1 bundle.
[INFO] [INFO] 
[INFO] [INFO] --- resources:3.4.0:resources (default-resources) @ wicket-user-guide ---
[INFO] [INFO] skip non existing resourceDirectory /home/andrea/WicketBuild/wicket-10.x/target/checkout/wicket-user-guide/src/main/java
[INFO] [INFO] skip non existing resourceDirectory /home/andrea/WicketBuild/wicket-10.x/target/checkout/wicket-user-guide/src/main/resources
[INFO] [INFO] skip non existing resourceDirectory /home/andrea/WicketBuild/wicket-10.x/target/checkout/wicket-user-guide/target/generated-res
[INFO] [INFO] Copying 3 resources from target/maven-shared-archive-resources to target/classes
[INFO] [INFO] Copying 3 resources from target/maven-shared-archive-resources to target/classes
[INFO] [INFO] 
[INFO] [INFO] --- compiler:3.14.1:compile (default-compile) @ wicket-user-guide ---
[INFO] [INFO] Toolchain in maven-compiler-plugin: JDK[/usr/lib/jvm/temurin-17-jdk-amd64/]
[INFO] [INFO] No sources to compile
[INFO] [INFO] 
[INFO] [INFO] --- bundle:6.0.0:manifest (default-bundle) @ wicket-user-guide ---
[INFO] [INFO] No MANIFEST.MF file found, generating manifest.
[INFO] [INFO] Writing manifest: /home/andrea/WicketBuild/wicket-10.x/target/checkout/wicket-user-guide/target/classes/META-INF/MANIFEST.MF
[INFO] [INFO] 
[INFO] [INFO] --- resources:3.4.0:testResources (default-testResources) @ wicket-user-guide ---
[INFO] [INFO] skip non existing resourceDirectory /home/andrea/WicketBuild/wicket-10.x/target/checkout/wicket-user-guide/src/test/java
[INFO] [INFO] Copying 3 resources from target/maven-shared-archive-resources to target/test-classes
[INFO] [INFO] Copying 3 resources from target/maven-shared-archive-resources to target/test-classes
[INFO] [INFO] 
[INFO] [INFO] --- compiler:3.14.1:testCompile (default-testCompile) @ wicket-user-guide ---
[INFO] [INFO] Toolchain in maven-compiler-plugin: JDK[/usr/lib/jvm/temurin-17-jdk-amd64/]
[INFO] [INFO] No sources to compile
[INFO] [INFO] 
[INFO] [INFO] --- surefire:3.5.4:test (default-test) @ wicket-user-guide ---
[INFO] [INFO] Tests are skipped.
[INFO] [INFO] 
[INFO] [INFO] --- jar:3.5.0:jar (default-jar) @ wicket-user-guide ---
[INFO] [INFO] Set Build-Jdk-Spec based on toolchain in maven-jar-plugin JDK[/usr/lib/jvm/temurin-17-jdk-amd64/]
[INFO] [INFO] Building jar: /home/andrea/WicketBuild/wicket-10.x/target/checkout/wicket-user-guide/target/wicket-user-guide-10.11.0.jar
[INFO] [INFO] 
[INFO] [INFO] --- assembly:3.7.1:single (source-release-assembly) @ wicket-user-guide ---
[INFO] [INFO] Skipping the assembly in this project because it's not the Execution Root
[INFO] [INFO] 
[INFO] [INFO] --- source:3.4.0:jar-no-fork (attach-sources) @ wicket-user-guide ---
[INFO] [INFO] Skipping source per configuration.
[INFO] [INFO] 
[INFO] [INFO] --- javadoc:3.12.0:jar (attach-javadocs) @ wicket-user-guide ---
[INFO] [INFO] Skipping javadoc generation
[INFO] [INFO] 
[INFO] [INFO] --- checksum:1.11:artifacts (source-release-checksum) @ wicket-user-guide ---
[INFO] [INFO] 
[INFO] [INFO] --- japicmp:0.25.4:cmp (default) @ wicket-user-guide ---
[INFO] [INFO] japicmp skipped.
[INFO] [INFO] 
[INFO] [INFO] --- gpg:3.2.8:sign (sign-release-artifacts) @ wicket-user-guide ---
[INFO] [INFO] Signer 'gpg' is signing 2 files with key default
[INFO] gpg: using "0xD1AE986470B5A49C3E6A27B2878F01FAA8D356E1" as default secret key for signing
[INFO] gpg: using "0xD1AE986470B5A49C3E6A27B2878F01FAA8D356E1" as default secret key for signing
[INFO] [INFO] 
[INFO] [INFO] --- install:3.1.4:install (default-install) @ wicket-user-guide ---
[INFO] [INFO] Installing /home/andrea/WicketBuild/wicket-10.x/target/checkout/wicket-user-guide/pom.xml to /home/andrea/.m2/repository/org/apache/wicket/wicket-user-guide/10.11.0/wicket-user-guide-10.11.0.pom
[INFO] [INFO] Installing /home/andrea/WicketBuild/wicket-10.x/target/checkout/wicket-user-guide/target/wicket-user-guide-10.11.0.jar to /home/andrea/.m2/repository/org/apache/wicket/wicket-user-guide/10.11.0/wicket-user-guide-10.11.0.jar
[INFO] [INFO] Installing /home/andrea/WicketBuild/wicket-10.x/target/checkout/wicket-user-guide/target/wicket-user-guide-10.11.0.jar.asc to /home/andrea/.m2/repository/org/apache/wicket/wicket-user-guide/10.11.0/wicket-user-guide-10.11.0.jar.asc
[INFO] [INFO] Installing /home/andrea/WicketBuild/wicket-10.x/target/checkout/wicket-user-guide/target/wicket-user-guide-10.11.0.pom.asc to /home/andrea/.m2/repository/org/apache/wicket/wicket-user-guide/10.11.0/wicket-user-guide-10.11.0.pom.asc
[INFO] [INFO] 
[INFO] [INFO] --- gpg:3.2.8:sign (sign-artifacts) @ wicket-user-guide ---
[INFO] [INFO] Signer 'gpg' is signing 2 files with key default
[INFO] gpg: using "0xD1AE986470B5A49C3E6A27B2878F01FAA8D356E1" as default secret key for signing
[INFO] [WARNING] artifact org.apache.wicket:wicket-user-guide:jar.asc:10.11.0 already attached, replace previous instance
[INFO] gpg: using "0xD1AE986470B5A49C3E6A27B2878F01FAA8D356E1" as default secret key for signing
[INFO] [WARNING] artifact org.apache.wicket:wicket-user-guide:pom.asc:10.11.0 already attached, replace previous instance
[INFO] [INFO] 
[INFO] [INFO] --- deploy:3.1.4:deploy (default-deploy) @ wicket-user-guide ---
[INFO] [INFO] Skipping artifact deployment
[INFO] [INFO] 
[INFO] [INFO] -----------------< org.apache.wicket:wicket-migration >-----------------
[INFO] [INFO] Building Wicket Migration 10.11.0                                [32/32]
[INFO] [INFO]   from wicket-migration/pom.xml
[INFO] [INFO] --------------------------------[ jar ]---------------------------------
[INFO] [INFO] 
[INFO] [INFO] --- enforcer:3.6.2:enforce (enforce-maven) @ wicket-migration ---
[INFO] [INFO] Rule 1: org.apache.maven.enforcer.rules.dependency.DependencyConvergence passed
[INFO] [INFO] Rule 2: com.github.ferstl.maven.pomenforcers.CompoundPedanticEnforcer(compound) passed
[INFO] [INFO] 
[INFO] [INFO] --- enforcer:3.6.2:enforce (enforce-maven-version) @ wicket-migration ---
[INFO] [INFO] Rule 1: org.apache.maven.enforcer.rules.dependency.DependencyConvergence passed
[INFO] [INFO] Rule 2: com.github.ferstl.maven.pomenforcers.CompoundPedanticEnforcer(compound) passed
[INFO] [INFO] 
[INFO] [INFO] --- enforcer:3.6.2:enforce (enforce-java-version) @ wicket-migration ---
[INFO] [INFO] Rule 1: org.apache.maven.enforcer.rules.dependency.DependencyConvergence passed
[INFO] [INFO] Rule 2: com.github.ferstl.maven.pomenforcers.CompoundPedanticEnforcer(compound) passed
[INFO] [INFO] 
[INFO] [INFO] --- toolchains:3.2.0:toolchain (default) @ wicket-migration ---
[INFO] [INFO] Required toolchain: jdk [ version='17' ]
[INFO] [INFO] Found matching toolchain for type jdk: JDK[/usr/lib/jvm/temurin-17-jdk-amd64/]
[INFO] [INFO] 
[INFO] [INFO] --- remote-resources:3.3.0:process (default) @ wicket-migration ---
[INFO] [INFO] Preparing remote bundle org.apache:apache-jar-resource-bundle:1.4
[INFO] [INFO] Copying 3 resources from 1 bundle.
[INFO] [INFO] 
[INFO] [INFO] --- remote-resources:3.3.0:process (process-resource-bundles) @ wicket-migration ---
[INFO] [INFO] Preparing remote bundle org.apache.apache.resources:apache-jar-resource-bundle:1.7
[INFO] [INFO] Copying 3 resources from 1 bundle.
[INFO] [INFO] 
[INFO] [INFO] --- resources:3.4.0:resources (default-resources) @ wicket-migration ---
[INFO] [INFO] skip non existing resourceDirectory /home/andrea/WicketBuild/wicket-10.x/target/checkout/wicket-migration/src/main/java
[INFO] [INFO] Copying 1 resource from src/main/resources to target/classes
[INFO] [INFO] skip non existing resourceDirectory /home/andrea/WicketBuild/wicket-10.x/target/checkout/wicket-migration/target/generated-res
[INFO] [INFO] Copying 3 resources from target/maven-shared-archive-resources to target/classes
[INFO] [INFO] Copying 3 resources from target/maven-shared-archive-resources to target/classes
[INFO] [INFO] 
[INFO] [INFO] --- compiler:3.14.1:compile (default-compile) @ wicket-migration ---
[INFO] [INFO] Toolchain in maven-compiler-plugin: JDK[/usr/lib/jvm/temurin-17-jdk-amd64/]
[INFO] [INFO] No sources to compile
[INFO] [INFO] 
[INFO] [INFO] --- bundle:6.0.0:manifest (default-bundle) @ wicket-migration ---
[INFO] [INFO] No MANIFEST.MF file found, generating manifest.
[INFO] [INFO] Writing manifest: /home/andrea/WicketBuild/wicket-10.x/target/checkout/wicket-migration/target/classes/META-INF/MANIFEST.MF
[INFO] [INFO] 
[INFO] [INFO] --- resources:3.4.0:testResources (default-testResources) @ wicket-migration ---
[INFO] [INFO] Copying 0 resource from src/test/java to target/test-classes
[INFO] [INFO] Copying 3 resources from target/maven-shared-archive-resources to target/test-classes
[INFO] [INFO] Copying 3 resources from target/maven-shared-archive-resources to target/test-classes
[INFO] [INFO] 
[INFO] [INFO] --- compiler:3.14.1:testCompile (default-testCompile) @ wicket-migration ---
[INFO] [INFO] Toolchain in maven-compiler-plugin: JDK[/usr/lib/jvm/temurin-17-jdk-amd64/]
[INFO] [INFO] Recompiling the module because of changed source code.
[INFO] [INFO] Compiling 1 source file with javac [forked debug deprecation release 17] to target/test-classes
[INFO] [INFO] 
[INFO] [INFO] --- surefire:3.5.4:test (default-test) @ wicket-migration ---
[INFO] [INFO] Toolchain in maven-surefire-plugin: JDK[/usr/lib/jvm/temurin-17-jdk-amd64/]
[INFO] [INFO] Using auto detected provider org.apache.maven.surefire.junitplatform.JUnitPlatformProvider
[INFO] [INFO] 
[INFO] [INFO] -------------------------------------------------------
[INFO] [INFO]  T E S T S
[INFO] [INFO] -------------------------------------------------------
[ERROR] WARNING: Using incubator modules: jdk.incubator.vector, jdk.incubator.foreign
[INFO] [INFO] Running org.apache.wicket.migration.MigrateToWicket10Test
[ERROR] SLF4J(W): No SLF4J providers were found.
[ERROR] SLF4J(W): Defaulting to no-operation (NOP) logger implementation
[ERROR] SLF4J(W): See https://www.slf4j.org/codes.html#noProviders for further details.
[ERROR] SLF4J(W): Class path contains SLF4J bindings targeting slf4j-api versions 1.7.x or earlier.
[ERROR] SLF4J(W): Ignoring binding found at [jar:file:/home/andrea/.m2/repository/org/slf4j/slf4j-nop/1.7.36/slf4j-nop-1.7.36.jar!/org/slf4j/impl/StaticLoggerBinder.class]
[ERROR] SLF4J(W): See https://www.slf4j.org/codes.html#ignoredBindings for an explanation.
[INFO] [WARNING] Tests run: 2, Failures: 0, Errors: 0, Skipped: 1, Time elapsed: 6.637 s -- in org.apache.wicket.migration.MigrateToWicket10Test
[INFO] [INFO] 
[INFO] [INFO] Results:
[INFO] [INFO] 
[INFO] [WARNING] Tests run: 2, Failures: 0, Errors: 0, Skipped: 1
[INFO] [INFO] 
[INFO] [INFO] 
[INFO] [INFO] --- jar:3.5.0:jar (default-jar) @ wicket-migration ---
[INFO] [INFO] Set Build-Jdk-Spec based on toolchain in maven-jar-plugin JDK[/usr/lib/jvm/temurin-17-jdk-amd64/]
[INFO] [INFO] Building jar: /home/andrea/WicketBuild/wicket-10.x/target/checkout/wicket-migration/target/wicket-migration-10.11.0.jar
[INFO] [INFO] 
[INFO] [INFO] --- assembly:3.7.1:single (source-release-assembly) @ wicket-migration ---
[INFO] [INFO] Skipping the assembly in this project because it's not the Execution Root
[INFO] [INFO] 
[INFO] [INFO] --- source:3.4.0:jar-no-fork (attach-sources) @ wicket-migration ---
[INFO] [INFO] Building jar: /home/andrea/WicketBuild/wicket-10.x/target/checkout/wicket-migration/target/wicket-migration-10.11.0-sources.jar
[INFO] [INFO] 
[INFO] [INFO] --- javadoc:3.12.0:jar (attach-javadocs) @ wicket-migration ---
[INFO] [INFO] No Javadoc in project. Archive not created.
[INFO] [INFO] 
[INFO] [INFO] --- checksum:1.11:artifacts (source-release-checksum) @ wicket-migration ---
[INFO] [INFO] 
[INFO] [INFO] --- japicmp:0.25.4:cmp (default) @ wicket-migration ---
[INFO] [INFO] Written file '/home/andrea/WicketBuild/wicket-10.x/target/checkout/wicket-migration/target/japicmp/japicmp.diff'.
[INFO] [INFO] Written file '/home/andrea/WicketBuild/wicket-10.x/target/checkout/wicket-migration/target/japicmp/japicmp.md'.
[INFO] [INFO] 
[INFO] [INFO] --- gpg:3.2.8:sign (sign-release-artifacts) @ wicket-migration ---
[INFO] [INFO] Signer 'gpg' is signing 3 files with key default
[INFO] gpg: using "0xD1AE986470B5A49C3E6A27B2878F01FAA8D356E1" as default secret key for signing
[INFO] gpg: using "0xD1AE986470B5A49C3E6A27B2878F01FAA8D356E1" as default secret key for signing
[INFO] gpg: using "0xD1AE986470B5A49C3E6A27B2878F01FAA8D356E1" as default secret key for signing
[INFO] [INFO] 
[INFO] [INFO] --- install:3.1.4:install (default-install) @ wicket-migration ---
[INFO] [INFO] Installing /home/andrea/WicketBuild/wicket-10.x/target/checkout/wicket-migration/pom.xml to /home/andrea/.m2/repository/org/apache/wicket/wicket-migration/10.11.0/wicket-migration-10.11.0.pom
[INFO] [INFO] Installing /home/andrea/WicketBuild/wicket-10.x/target/checkout/wicket-migration/target/wicket-migration-10.11.0.jar to /home/andrea/.m2/repository/org/apache/wicket/wicket-migration/10.11.0/wicket-migration-10.11.0.jar
[INFO] [INFO] Installing /home/andrea/WicketBuild/wicket-10.x/target/checkout/wicket-migration/target/wicket-migration-10.11.0-sources.jar to /home/andrea/.m2/repository/org/apache/wicket/wicket-migration/10.11.0/wicket-migration-10.11.0-sources.jar
[INFO] [INFO] Installing /home/andrea/WicketBuild/wicket-10.x/target/checkout/wicket-migration/target/wicket-migration-10.11.0.jar.asc to /home/andrea/.m2/repository/org/apache/wicket/wicket-migration/10.11.0/wicket-migration-10.11.0.jar.asc
[INFO] [INFO] Installing /home/andrea/WicketBuild/wicket-10.x/target/checkout/wicket-migration/target/wicket-migration-10.11.0.pom.asc to /home/andrea/.m2/repository/org/apache/wicket/wicket-migration/10.11.0/wicket-migration-10.11.0.pom.asc
[INFO] [INFO] Installing /home/andrea/WicketBuild/wicket-10.x/target/checkout/wicket-migration/target/wicket-migration-10.11.0-sources.jar.asc to /home/andrea/.m2/repository/org/apache/wicket/wicket-migration/10.11.0/wicket-migration-10.11.0-sources.jar.asc
[INFO] [INFO] 
[INFO] [INFO] --- gpg:3.2.8:sign (sign-artifacts) @ wicket-migration ---
[INFO] [INFO] Signer 'gpg' is signing 3 files with key default
[INFO] gpg: using "0xD1AE986470B5A49C3E6A27B2878F01FAA8D356E1" as default secret key for signing
[INFO] [WARNING] artifact org.apache.wicket:wicket-migration:jar.asc:10.11.0 already attached, replace previous instance
[INFO] gpg: using "0xD1AE986470B5A49C3E6A27B2878F01FAA8D356E1" as default secret key for signing
[INFO] [WARNING] artifact org.apache.wicket:wicket-migration:pom.asc:10.11.0 already attached, replace previous instance
[INFO] gpg: using "0xD1AE986470B5A49C3E6A27B2878F01FAA8D356E1" as default secret key for signing
[INFO] [WARNING] artifact org.apache.wicket:wicket-migration:jar.asc:sources:10.11.0 already attached, replace previous instance
[INFO] [INFO] 
[INFO] [INFO] --- deploy:3.1.4:deploy (default-deploy) @ wicket-migration ---
[INFO] Uploading to apache.releases.https: https://repository.apache.org/service/local/staging/deploy/maven2/org/apache/wicket/wicket-migration/10.11.0/wicket-migration-10.11.0.pom
[INFO] Progress (1): 6.3 kB
[INFO]                     
[INFO] Uploaded to apache.releases.https: https://repository.apache.org/service/local/staging/deploy/maven2/org/apache/wicket/wicket-migration/10.11.0/wicket-migration-10.11.0.pom (6.3 kB at 10 kB/s)
[INFO] Uploading to apache.releases.https: https://repository.apache.org/service/local/staging/deploy/maven2/org/apache/wicket/wicket-migration/10.11.0/wicket-migration-10.11.0.jar
[INFO] Uploading to apache.releases.https: https://repository.apache.org/service/local/staging/deploy/maven2/org/apache/wicket/wicket-migration/10.11.0/wicket-migration-10.11.0-sources.jar
[INFO] Uploading to apache.releases.https: https://repository.apache.org/service/local/staging/deploy/maven2/org/apache/wicket/wicket-migration/10.11.0/wicket-migration-10.11.0.jar.asc
[INFO] Uploading to apache.releases.https: https://repository.apache.org/service/local/staging/deploy/maven2/org/apache/wicket/wicket-migration/10.11.0/wicket-migration-10.11.0.pom.asc
[INFO] Uploading to apache.releases.https: https://repository.apache.org/service/local/staging/deploy/maven2/org/apache/wicket/wicket-migration/10.11.0/wicket-migration-10.11.0-sources.jar.asc
[INFO] Progress (1): 9.9 kB
[INFO] Progress (2): 9.9 kB | 10 kB
[INFO] Progress (3): 9.9 kB | 10 kB | 833 B
[INFO] Progress (4): 9.9 kB | 10 kB | 833 B | 833 B
[INFO] Progress (5): 9.9 kB | 10 kB | 833 B | 833 B | 833 B
[INFO]                                                     
[INFO] Uploaded to apache.releases.https: https://repository.apache.org/service/local/staging/deploy/maven2/org/apache/wicket/wicket-migration/10.11.0/wicket-migration-10.11.0.pom.asc (833 B at 1.9 kB/s)
[INFO] Uploaded to apache.releases.https: https://repository.apache.org/service/local/staging/deploy/maven2/org/apache/wicket/wicket-migration/10.11.0/wicket-migration-10.11.0.jar.asc (833 B at 1.8 kB/s)
[INFO] Uploaded to apache.releases.https: https://repository.apache.org/service/local/staging/deploy/maven2/org/apache/wicket/wicket-migration/10.11.0/wicket-migration-10.11.0-sources.jar.asc (833 B at 1.8 kB/s)
[INFO] Uploaded to apache.releases.https: https://repository.apache.org/service/local/staging/deploy/maven2/org/apache/wicket/wicket-migration/10.11.0/wicket-migration-10.11.0-sources.jar (9.9 kB at 18 kB/s)
[INFO] Uploaded to apache.releases.https: https://repository.apache.org/service/local/staging/deploy/maven2/org/apache/wicket/wicket-migration/10.11.0/wicket-migration-10.11.0.jar (10 kB at 14 kB/s)
[INFO] Downloading from apache.releases.https: https://repository.apache.org/service/local/staging/deploy/maven2/org/apache/wicket/wicket-migration/maven-metadata.xml
[INFO] Uploading to apache.releases.https: https://repository.apache.org/service/local/staging/deploy/maven2/org/apache/wicket/wicket-migration/maven-metadata.xml
[INFO] Progress (1): 317 B
[INFO]                    
[INFO] Uploaded to apache.releases.https: https://repository.apache.org/service/local/staging/deploy/maven2/org/apache/wicket/wicket-migration/maven-metadata.xml (317 B at 636 B/s)
[INFO] [INFO] ------------------------------------------------------------------------
[INFO] [INFO] Reactor Summary for Wicket Parent 10.11.0:
[INFO] [INFO] 
[INFO] [INFO] Wicket Parent ...................................... SUCCESS [ 32.992 s]
[INFO] [INFO] Wicket Util ........................................ SUCCESS [ 18.001 s]
[INFO] [INFO] Wicket Request ..................................... SUCCESS [  9.831 s]
[INFO] [INFO] Wicket Core ........................................ SUCCESS [ 40.473 s]
[INFO] [INFO] Wicket ............................................. SUCCESS [  2.356 s]
[INFO] [INFO] Wicket Tester ...................................... SUCCESS [  7.619 s]
[INFO] [INFO] Wicket Core Tests .................................. SUCCESS [02:17 min]
[INFO] [INFO] Wicket Extensions .................................. SUCCESS [ 24.196 s]
[INFO] [INFO] Wicket Development Utilities ....................... SUCCESS [ 10.505 s]
[INFO] [INFO] Wicket IoC common code ............................. SUCCESS [  9.562 s]
[INFO] [INFO] Wicket CDI ......................................... SUCCESS [  5.879 s]
[INFO] [INFO] Wicket CDI tests ................................... SUCCESS [  5.599 s]
[INFO] [INFO] Wicket Spring Integration .......................... SUCCESS [  9.575 s]
[INFO] [INFO] Wicket Velocity .................................... SUCCESS [  6.754 s]
[INFO] [INFO] Wicket Auth Roles .................................. SUCCESS [  9.647 s]
[INFO] [INFO] Wicket Guice Integration ........................... SUCCESS [  7.273 s]
[INFO] [INFO] Wicket JMX ......................................... SUCCESS [  7.607 s]
[INFO] [INFO] Wicket Objects Sizeof Agent ........................ SUCCESS [  5.055 s]
[INFO] [INFO] Wicket Bean Validation ............................. SUCCESS [ 10.490 s]
[INFO] [INFO] Wicket Native WebSocket Parent ..................... SUCCESS [  1.983 s]
[INFO] [INFO] Wicket Native WebSocket Core ....................... SUCCESS [ 11.417 s]
[INFO] [INFO] Wicket Native WebSocket Javax ...................... SUCCESS [  7.248 s]
[INFO] [INFO] Wicket Examples .................................... SUCCESS [01:11 min]
[INFO] [INFO] Wicket-Experimental ................................ SUCCESS [  1.520 s]
[INFO] [INFO] Wicket Metrics ..................................... SUCCESS [  7.106 s]
[INFO] [INFO] Wicket Quickstart Archetype ........................ SUCCESS [  3.895 s]
[INFO] [INFO] Wicket Extensions Tester ........................... SUCCESS [  7.034 s]
[INFO] [INFO] Wicket Native WebSocket Tester ..................... SUCCESS [  7.377 s]
[INFO] [INFO] Wicket Common Tests ................................ SUCCESS [  1.918 s]
[INFO] [INFO] Wicket JavaScript Tests ............................ SUCCESS [  1.346 s]
[INFO] [INFO] Wicket User Guide .................................. SUCCESS [  0.490 s]
[INFO] [INFO] Wicket Migration ................................... SUCCESS [ 11.791 s]
[INFO] [INFO] ------------------------------------------------------------------------
[INFO] [INFO] BUILD SUCCESS
[INFO] [INFO] ------------------------------------------------------------------------
[INFO] [INFO] Total time:  08:16 min
[INFO] [INFO] Finished at: 2026-08-24T13:48:58+02:00
[INFO] [INFO] ------------------------------------------------------------------------
[INFO] Cleaning up after release...
[INFO] ------------------------------------------------------------------------
[INFO] Reactor Summary for Wicket Parent 10.11.1-SNAPSHOT:
[INFO] 
[INFO] Wicket Parent ...................................... SUCCESS [08:18 min]
[INFO] Wicket Util ........................................ SKIPPED
[INFO] Wicket Request ..................................... SKIPPED
[INFO] Wicket Core ........................................ SKIPPED
[INFO] Wicket ............................................. SKIPPED
[INFO] Wicket Tester ...................................... SKIPPED
[INFO] Wicket Core Tests .................................. SKIPPED
[INFO] Wicket Extensions .................................. SKIPPED
[INFO] Wicket Development Utilities ....................... SKIPPED
[INFO] Wicket IoC common code ............................. SKIPPED
[INFO] Wicket CDI ......................................... SKIPPED
[INFO] Wicket CDI tests ................................... SKIPPED
[INFO] Wicket Spring Integration .......................... SKIPPED
[INFO] Wicket Velocity .................................... SKIPPED
[INFO] Wicket Auth Roles .................................. SKIPPED
[INFO] Wicket Guice Integration ........................... SKIPPED
[INFO] Wicket JMX ......................................... SKIPPED
[INFO] Wicket Objects Sizeof Agent ........................ SKIPPED
[INFO] Wicket Bean Validation ............................. SKIPPED
[INFO] Wicket Native WebSocket Parent ..................... SKIPPED
[INFO] Wicket Native WebSocket Core ....................... SKIPPED
[INFO] Wicket Native WebSocket Javax ...................... SKIPPED
[INFO] Wicket Examples .................................... SKIPPED
[INFO] Wicket-Experimental ................................ SKIPPED
[INFO] Wicket Metrics ..................................... SKIPPED
[INFO] Wicket Quickstart Archetype ........................ SKIPPED
[INFO] Wicket Extensions Tester ........................... SKIPPED
[INFO] Wicket Native WebSocket Tester ..................... SKIPPED
[INFO] Wicket Common Tests ................................ SKIPPED
[INFO] Wicket JavaScript Tests ............................ SKIPPED
[INFO] Wicket User Guide .................................. SKIPPED
[INFO] Wicket Migration ................................... SKIPPED
[INFO] ------------------------------------------------------------------------
[INFO] BUILD SUCCESS
[INFO] ------------------------------------------------------------------------
[INFO] Total time:  08:19 min
[INFO] Finished at: 2026-08-24T13:48:59+02:00
[INFO] ------------------------------------------------------------------------
